_id,No.,Date,Organization,Number_Passenger,Note
1,1,1/10/2022,SRT,"52,584",
2,2,1/10/2022,ARL,"46,393",
3,3,1/10/2022,Red Line,"12,558",
4,4,1/10/2022,MRT Blue Line,"221,452",
5,5,1/10/2022,MRT Purple Line,"24,843",
6,6,1/10/2022,BTS Green Line,"565,971",
7,7,1/10/2022,BTS Gold Line,"5,160",
8,8,2/10/2022,SRT,"57,835",
9,9,2/10/2022,ARL,"39,880",
10,10,2/10/2022,Red Line,"11,384",
11,11,2/10/2022,MRT Blue Line,"179,864",
12,12,2/10/2022,MRT Purple Line,"19,695",
13,13,2/10/2022,BTS Green Line,"446,473",
14,14,2/10/2022,BTS Gold Line,"4,604",
15,15,3/10/2022,SRT,"54,933",
16,16,3/10/2022,ARL,"65,124",
17,17,3/10/2022,Red Line,"25,125",
18,18,3/10/2022,MRT Blue Line,"330,098",
19,19,3/10/2022,MRT Purple Line,"47,800",
20,20,3/10/2022,BTS Green Line,"744,113",
21,21,3/10/2022,BTS Gold Line,"5,323",
22,22,4/10/2022,SRT,"49,954",
23,23,4/10/2022,ARL,"60,513",
24,24,4/10/2022,Red Line,"19,057",
25,25,4/10/2022,MRT Blue Line,"355,553",
26,26,4/10/2022,MRT Purple Line,"45,407",
27,27,4/10/2022,BTS Green Line,"716,733",
28,28,4/10/2022,BTS Gold Line,"4,130",
29,29,5/10/2022,SRT,"51,895",
30,30,5/10/2022,ARL,"60,733",
31,31,5/10/2022,Red Line,"18,235",
32,32,5/10/2022,MRT Blue Line,"364,704",
33,33,5/10/2022,MRT Purple Line,"47,672",
34,34,5/10/2022,BTS Green Line,"759,314",
35,35,5/10/2022,BTS Gold Line,"4,058",
36,36,6/10/2022,SRT,"56,945",
37,37,6/10/2022,ARL,"61,951",
38,38,6/10/2022,Red Line,"18,745",
39,39,6/10/2022,MRT Blue Line,"368,035",
40,40,6/10/2022,MRT Purple Line,"44,225",
41,41,6/10/2022,BTS Green Line,"726,019",
42,42,6/10/2022,BTS Gold Line,"5,168",
43,43,7/10/2022,SRT,"64,292",
44,44,7/10/2022,ARL,"65,831",
45,45,7/10/2022,Red Line,"21,149",
46,46,7/10/2022,MRT Blue Line,"400,679",
47,47,7/10/2022,MRT Purple Line,"46,953",
48,48,7/10/2022,BTS Green Line,"783,710",
49,49,7/10/2022,BTS Gold Line,"6,959",
50,50,8/10/2022,SRT,"59,752",
51,51,8/10/2022,ARL,"46,959",
52,52,8/10/2022,Red Line,"13,382",
53,53,8/10/2022,MRT Blue Line,"267,888",
54,54,8/10/2022,MRT Purple Line,"27,372",
55,55,8/10/2022,BTS Green Line,"595,136",
56,56,8/10/2022,BTS Gold Line,"7,793",
57,57,9/10/2022,SRT,"62,487",
58,58,9/10/2022,ARL,"39,290",
59,59,9/10/2022,Red Line,"11,653",
60,60,9/10/2022,MRT Blue Line,"211,225",
61,61,9/10/2022,MRT Purple Line,"21,664",
62,62,9/10/2022,BTS Green Line,"477,991",
63,63,9/10/2022,BTS Gold Line,"8,184",
64,64,10/10/2022,SRT,"60,231",
65,65,10/10/2022,ARL,"60,122",
66,66,10/10/2022,Red Line,"17,649",
67,67,10/10/2022,MRT Blue Line,"371,650",
68,68,10/10/2022,MRT Purple Line,"47,205",
69,69,10/10/2022,BTS Green Line,"695,680",
70,70,10/10/2022,BTS Gold Line,"4,239",
71,71,11/10/2022,SRT,"61,918",
72,72,11/10/2022,ARL,"60,901",
73,73,11/10/2022,Red Line,"18,291",
74,74,11/10/2022,MRT Blue Line,"363,677",
75,75,11/10/2022,MRT Purple Line,"46,739",
76,76,11/10/2022,BTS Green Line,"704,230",
77,77,11/10/2022,BTS Gold Line,"3,700",
78,78,12/10/2022,SRT,"69,507",
79,79,12/10/2022,ARL,"66,432",
80,80,12/10/2022,Red Line,"21,218",
81,81,12/10/2022,MRT Blue Line,"375,495",
82,82,12/10/2022,MRT Purple Line,"45,864",
83,83,12/10/2022,BTS Green Line,"749,250",
84,84,12/10/2022,BTS Gold Line,"4,542",
85,85,13/10/2022,SRT,"68,587",
86,86,13/10/2022,ARL,"42,851",
87,87,13/10/2022,Red Line,"13,644",
88,88,13/10/2022,MRT Blue Line,"250,514",
89,89,13/10/2022,MRT Purple Line,"23,584",
90,90,13/10/2022,BTS Green Line,"496,322",
91,91,13/10/2022,BTS Gold Line,"5,554",
92,92,14/10/2022,SRT,"60,778",
93,93,14/10/2022,ARL,"48,688",
94,94,14/10/2022,Red Line,"13,843",
95,95,14/10/2022,MRT Blue Line,"278,732",
96,96,14/10/2022,MRT Purple Line,"27,836",
97,97,14/10/2022,BTS Green Line,"537,625",
98,98,14/10/2022,BTS Gold Line,"5,088",
99,99,15/10/2022,SRT,"61,463",
100,100,15/10/2022,ARL,"46,164",
101,101,15/10/2022,Red Line,"13,112",
102,102,15/10/2022,MRT Blue Line,"252,728",
103,103,15/10/2022,MRT Purple Line,"25,023",
104,104,15/10/2022,BTS Green Line,"547,751",
105,105,15/10/2022,BTS Gold Line,"4,857",
106,106,16/10/2022,SRT,"71,008",
107,107,16/10/2022,ARL,"50,066",
108,108,16/10/2022,Red Line,"13,147",
109,109,16/10/2022,MRT Blue Line,"225,515",
110,110,16/10/2022,MRT Purple Line,"22,696",
111,111,16/10/2022,BTS Green Line,"532,897",
112,112,16/10/2022,BTS Gold Line,"3,959",
113,113,17/10/2022,SRT,"68,273",
114,114,17/10/2022,ARL,"63,785",
115,115,17/10/2022,Red Line,"19,871",
116,116,17/10/2022,MRT Blue Line,"357,483",
117,117,17/10/2022,MRT Purple Line,"44,629",
118,118,17/10/2022,BTS Green Line,"712,444",
119,119,17/10/2022,BTS Gold Line,"3,888",
120,120,18/10/2022,SRT,"62,422",
121,121,18/10/2022,ARL,"60,375",
122,122,18/10/2022,Red Line,"19,702",
123,123,18/10/2022,MRT Blue Line,"374,353",
124,124,18/10/2022,MRT Purple Line,"43,681",
125,125,18/10/2022,BTS Green Line,"737,074",
126,126,18/10/2022,BTS Gold Line,"3,553",
127,127,19/10/2022,SRT,"59,793",
128,128,19/10/2022,ARL,"60,860",
129,129,19/10/2022,Red Line,"18,962",
130,130,19/10/2022,MRT Blue Line,"374,038",
131,131,19/10/2022,MRT Purple Line,"44,193",
132,132,19/10/2022,BTS Green Line,"740,486",
133,133,19/10/2022,BTS Gold Line,"3,684",
134,134,20/10/2022,SRT,"63,082",
135,135,20/10/2022,ARL,"60,620",
136,136,20/10/2022,Red Line,"18,775",
137,137,20/10/2022,MRT Blue Line,"378,019",
138,138,20/10/2022,MRT Purple Line,"43,761",
139,139,20/10/2022,BTS Green Line,"738,228",
140,140,20/10/2022,BTS Gold Line,"4,015",
141,141,21/10/2022,SRT,"70,827",
142,142,21/10/2022,ARL,"63,818",
143,143,21/10/2022,Red Line,"21,071",
144,144,21/10/2022,MRT Blue Line,"395,669",
145,145,21/10/2022,MRT Purple Line,"46,647",
146,146,21/10/2022,BTS Green Line,"779,599",
147,147,21/10/2022,BTS Gold Line,"5,899",
148,148,22/10/2022,SRT,"69,388",
149,149,22/10/2022,ARL,"47,471",
150,150,22/10/2022,Red Line,"15,356",
151,151,22/10/2022,MRT Blue Line,"271,999",
152,152,22/10/2022,MRT Purple Line,"27,195",
153,153,22/10/2022,BTS Green Line,"603,177",
154,154,22/10/2022,BTS Gold Line,"7,038",
155,155,23/10/2022,SRT,"64,463",
156,156,23/10/2022,ARL,"39,922",
157,157,23/10/2022,Red Line,"12,273",
158,158,23/10/2022,MRT Blue Line,"223,234",
159,159,23/10/2022,MRT Purple Line,"22,847",
160,160,23/10/2022,BTS Green Line,"557,813",
161,161,23/10/2022,BTS Gold Line,"3,921",
162,162,24/10/2022,SRT,"67,427",
163,163,24/10/2022,ARL,"38,307",
164,164,24/10/2022,Red Line,"11,097",
165,165,24/10/2022,MRT Blue Line,"217,148",
166,166,24/10/2022,MRT Purple Line,"22,175",
167,167,24/10/2022,BTS Green Line,"447,983",
168,168,24/10/2022,BTS Gold Line,"4,148",
169,169,25/10/2022,SRT,"67,269",
170,170,25/10/2022,ARL,"60,000",
171,171,25/10/2022,Red Line,"18,729",
172,172,25/10/2022,MRT Blue Line,"354,230",
173,173,25/10/2022,MRT Purple Line,"43,316",
174,174,25/10/2022,BTS Green Line,"737,106",
175,175,25/10/2022,BTS Gold Line,"3,437",
176,176,26/10/2022,SRT,"63,530",
177,177,26/10/2022,ARL,"59,924",
178,178,26/10/2022,Red Line,"18,433",
179,179,26/10/2022,MRT Blue Line,"369,932",
180,180,26/10/2022,MRT Purple Line,"44,672",
181,181,26/10/2022,BTS Green Line,"757,051",
182,182,26/10/2022,BTS Gold Line,"3,684",
183,183,27/10/2022,SRT,"64,011",
184,184,27/10/2022,ARL,"60,214",
185,185,27/10/2022,Red Line,"19,022",
186,186,27/10/2022,MRT Blue Line,"361,733",
187,187,27/10/2022,MRT Purple Line,"43,399",
188,188,27/10/2022,BTS Green Line,"723,262",
189,189,27/10/2022,BTS Gold Line,"3,818",
190,190,28/10/2022,SRT,"72,383",
191,191,28/10/2022,ARL,"62,867",
192,192,28/10/2022,Red Line,"20,477",
193,193,28/10/2022,MRT Blue Line,"369,737",
194,194,28/10/2022,MRT Purple Line,"44,253",
195,195,28/10/2022,BTS Green Line,"781,068",
196,196,28/10/2022,BTS Gold Line,"4,622",
197,197,29/10/2022,SRT,"65,906",
198,198,29/10/2022,ARL,"46,791",
199,199,29/10/2022,Red Line,"14,233",
200,200,29/10/2022,MRT Blue Line,"234,498",
201,201,29/10/2022,MRT Purple Line,"25,797",
202,202,29/10/2022,BTS Green Line,"589,016",
203,203,29/10/2022,BTS Gold Line,"5,104",
204,204,30/10/2022,SRT,"66,549",
205,205,30/10/2022,ARL,"42,021",
206,206,30/10/2022,Red Line,"11,814",
207,207,30/10/2022,MRT Blue Line,"183,671",
208,208,30/10/2022,MRT Purple Line,"21,736",
209,209,30/10/2022,BTS Green Line,"471,594",
210,210,30/10/2022,BTS Gold Line,"4,050",
211,211,31/10/2022,SRT,"67,773",
212,212,31/10/2022,ARL,"60,893",
213,213,31/10/2022,Red Line,"19,278",
214,214,31/10/2022,MRT Blue Line,"358,639",
215,215,31/10/2022,MRT Purple Line,"44,048",
216,216,31/10/2022,BTS Green Line,"724,424",
217,217,31/10/2022,BTS Gold Line,"3,746",
218,218,1/11/2022,SRT,"62,633",
219,219,1/11/2022,ARL,"62,489",
220,220,1/11/2022,Red Line,"18,145",
221,221,1/11/2022,MRT Blue Line,"369,217",
222,222,1/11/2022,MRT Purple Line,"45,982",
223,223,1/11/2022,BTS Green Line,"753,668",
224,224,1/11/2022,BTS Gold Line,"3,461",
225,225,2/11/2022,SRT,"61,908",
226,226,2/11/2022,ARL,"60,854",
227,227,2/11/2022,Red Line,"17,697",
228,228,2/11/2022,MRT Blue Line,"379,977",
229,229,2/11/2022,MRT Purple Line,"47,328",
230,230,2/11/2022,BTS Green Line,"758,470",
231,231,2/11/2022,BTS Gold Line,"3,524",
232,232,3/11/2022,SRT,"62,267",
233,233,3/11/2022,ARL,"60,792",
234,234,3/11/2022,Red Line,"18,826",
235,235,3/11/2022,MRT Blue Line,"378,056",
236,236,3/11/2022,MRT Purple Line,"47,054",
237,237,3/11/2022,BTS Green Line,"750,317",
238,238,3/11/2022,BTS Gold Line,"3,835",
239,239,4/11/2022,SRT,"71,514",
240,240,4/11/2022,ARL,"66,421",
241,241,4/11/2022,Red Line,"21,262",
242,242,4/11/2022,MRT Blue Line,"392,821",
243,243,4/11/2022,MRT Purple Line,"48,085",
244,244,4/11/2022,BTS Green Line,"794,655",
245,245,4/11/2022,BTS Gold Line,"4,712",
246,246,5/11/2022,SRT,"66,184",
247,247,5/11/2022,ARL,"49,510",
248,248,5/11/2022,Red Line,"14,672",
249,249,5/11/2022,MRT Blue Line,"250,985",
250,250,5/11/2022,MRT Purple Line,"29,479",
251,251,5/11/2022,BTS Green Line,"577,794",
252,252,5/11/2022,BTS Gold Line,"6,044",
253,253,6/11/2022,SRT,"69,095",
254,254,6/11/2022,ARL,"41,036",
255,255,6/11/2022,Red Line,"13,215",
256,256,6/11/2022,MRT Blue Line,"201,709",
257,257,6/11/2022,MRT Purple Line,"22,882",
258,258,6/11/2022,BTS Green Line,"473,330",
259,259,6/11/2022,BTS Gold Line,"5,330",
260,260,7/11/2022,SRT,"66,504",
261,261,7/11/2022,ARL,"59,949",
262,262,7/11/2022,Red Line,"18,620",
263,263,7/11/2022,MRT Blue Line,"373,326",
264,264,7/11/2022,MRT Purple Line,"46,412",
265,265,7/11/2022,BTS Green Line,"715,139",
266,266,7/11/2022,BTS Gold Line,"4,918",
267,267,8/11/2022,SRT,"60,188",
268,268,8/11/2022,ARL,"65,354",
269,269,8/11/2022,Red Line,"19,535",
270,270,8/11/2022,MRT Blue Line,"378,750",
271,271,8/11/2022,MRT Purple Line,"47,367",
272,272,8/11/2022,BTS Green Line,"878,761",
273,273,8/11/2022,BTS Gold Line,"16,402",
274,274,9/11/2022,SRT,"62,497",
275,275,9/11/2022,ARL,"62,247",
276,276,9/11/2022,Red Line,"18,577",
277,277,9/11/2022,MRT Blue Line,"379,311",
278,278,9/11/2022,MRT Purple Line,"47,731",
279,279,9/11/2022,BTS Green Line,"743,769",
280,280,9/11/2022,BTS Gold Line,"4,197",
281,281,10/11/2022,SRT,"64,463",
282,282,10/11/2022,ARL,"62,069",
283,283,10/11/2022,Red Line,"18,325",
284,284,10/11/2022,MRT Blue Line,"368,961",
285,285,10/11/2022,MRT Purple Line,"45,648",
286,286,10/11/2022,BTS Green Line,"740,725",
287,287,10/11/2022,BTS Gold Line,"4,155",
288,288,11/11/2022,SRT,"72,988",
289,289,11/11/2022,ARL,"65,276",
290,290,11/11/2022,Red Line,"21,329",
291,291,11/11/2022,MRT Blue Line,"395,533",
292,292,11/11/2022,MRT Purple Line,"47,683",
293,293,11/11/2022,BTS Green Line,"791,937",
294,294,11/11/2022,BTS Gold Line,"5,160",
295,295,12/11/2022,SRT,"68,381",
296,296,12/11/2022,ARL,"56,807",
297,297,12/11/2022,Red Line,"15,483",
298,298,12/11/2022,MRT Blue Line,"294,380",
299,299,12/11/2022,MRT Purple Line,"28,524",
300,300,12/11/2022,BTS Green Line,"619,880",
301,301,12/11/2022,BTS Gold Line,"7,756",
302,302,13/11/2022,SRT,"70,297",
303,303,13/11/2022,ARL,"45,140",
304,304,13/11/2022,Red Line,"13,043",
305,305,13/11/2022,MRT Blue Line,"207,770",
306,306,13/11/2022,MRT Purple Line,"22,211",
307,307,13/11/2022,BTS Green Line,"497,878",
308,308,13/11/2022,BTS Gold Line,"4,999",
309,309,14/11/2022,SRT,"63,867",
310,310,14/11/2022,ARL,"61,428",
311,311,14/11/2022,Red Line,"19,557",
312,312,14/11/2022,MRT Blue Line,"360,583",
313,313,14/11/2022,MRT Purple Line,"45,944",
314,314,14/11/2022,BTS Green Line,"716,183",
315,315,14/11/2022,BTS Gold Line,"4,297",
316,316,15/11/2022,SRT,"61,436",
317,317,15/11/2022,ARL,"62,415",
318,318,15/11/2022,Red Line,"19,979",
319,319,15/11/2022,MRT Blue Line,"358,490",
320,320,15/11/2022,MRT Purple Line,"45,618",
321,321,15/11/2022,BTS Green Line,"737,235",
322,322,15/11/2022,BTS Gold Line,"4,102",
323,323,16/11/2022,SRT,"58,444",
324,324,16/11/2022,ARL,"52,383",
325,325,16/11/2022,Red Line,"19,142",
326,326,16/11/2022,MRT Blue Line,"154,312",
327,327,16/11/2022,MRT Purple Line,"33,434",
328,328,16/11/2022,BTS Green Line,"599,976",
329,329,16/11/2022,BTS Gold Line,"4,196",
330,330,17/11/2022,SRT,"59,552",
331,331,17/11/2022,ARL,"51,569",
332,332,17/11/2022,Red Line,"18,021",
333,333,17/11/2022,MRT Blue Line,"247,415",
334,334,17/11/2022,MRT Purple Line,"32,473",
335,335,17/11/2022,BTS Green Line,"587,134",
336,336,17/11/2022,BTS Gold Line,"4,234",
337,337,18/11/2022,SRT,"66,939",
338,338,18/11/2022,ARL,"52,049",
339,339,18/11/2022,Red Line,"16,113",
340,340,18/11/2022,MRT Blue Line,"276,825",
341,341,18/11/2022,MRT Purple Line,"31,225",
342,342,18/11/2022,BTS Green Line,"588,580",
343,343,18/11/2022,BTS Gold Line,"5,640",
344,344,19/11/2022,SRT,"64,411",
345,345,19/11/2022,ARL,"43,815",
346,346,19/11/2022,Red Line,"13,501",
347,347,19/11/2022,MRT Blue Line,"226,937",
348,348,19/11/2022,MRT Purple Line,"24,556",
349,349,19/11/2022,BTS Green Line,"517,159",
350,350,19/11/2022,BTS Gold Line,"7,007",
351,351,20/11/2022,SRT,"68,726",
352,352,20/11/2022,ARL,"40,798",
353,353,20/11/2022,Red Line,"12,731",
354,354,20/11/2022,MRT Blue Line,"143,280",
355,355,20/11/2022,MRT Purple Line,"21,506",
356,356,20/11/2022,BTS Green Line,"457,109",
357,357,20/11/2022,BTS Gold Line,"5,106",
358,358,21/11/2022,SRT,"63,163",
359,359,21/11/2022,ARL,"62,182",
360,360,21/11/2022,Red Line,"19,528",
361,361,21/11/2022,MRT Blue Line,"349,789",
362,362,21/11/2022,MRT Purple Line,"44,483",
363,363,21/11/2022,BTS Green Line,"718,022",
364,364,21/11/2022,BTS Gold Line,"4,080",
365,365,22/11/2022,SRT,"57,063",
366,366,22/11/2022,ARL,"62,204",
367,367,22/11/2022,Red Line,"18,114",
368,368,22/11/2022,MRT Blue Line,"375,195",
369,369,22/11/2022,MRT Purple Line,"45,737",
370,370,22/11/2022,BTS Green Line,"741,981",
371,371,22/11/2022,BTS Gold Line,"4,202",
372,372,23/11/2022,SRT,"55,350",
373,373,23/11/2022,ARL,"61,978",
374,374,23/11/2022,Red Line,"18,649",
375,375,23/11/2022,MRT Blue Line,"381,270",
376,376,23/11/2022,MRT Purple Line,"45,655",
377,377,23/11/2022,BTS Green Line,"750,083",
378,378,23/11/2022,BTS Gold Line,"4,892",
379,379,24/11/2022,SRT,"58,169",
380,380,24/11/2022,ARL,"62,996",
381,381,24/11/2022,Red Line,"18,697",
382,382,24/11/2022,MRT Blue Line,"374,376",
383,383,24/11/2022,MRT Purple Line,"45,245",
384,384,24/11/2022,BTS Green Line,"759,201",
385,385,24/11/2022,BTS Gold Line,"4,892",
386,386,25/11/2022,SRT,"71,005",
387,387,25/11/2022,ARL,"66,956",
388,388,25/11/2022,Red Line,"21,713",
389,389,25/11/2022,MRT Blue Line,"388,708",
390,390,25/11/2022,MRT Purple Line,"47,327",
391,391,25/11/2022,BTS Green Line,"836,695",
392,392,25/11/2022,BTS Gold Line,"6,826",
393,393,26/11/2022,SRT,"61,970",
394,394,26/11/2022,ARL,"47,288",
395,395,26/11/2022,Red Line,"14,225",
396,396,26/11/2022,MRT Blue Line,"267,737",
397,397,26/11/2022,MRT Purple Line,"28,310",
398,398,26/11/2022,BTS Green Line,"613,418",
399,399,26/11/2022,BTS Gold Line,"6,935",
400,400,27/11/2022,SRT,"65,508",
401,401,27/11/2022,ARL,"41,840",
402,402,27/11/2022,Red Line,"13,661",
403,403,27/11/2022,MRT Blue Line,"215,171",
404,404,27/11/2022,MRT Purple Line,"22,041",
405,405,27/11/2022,BTS Green Line,"515,898",
406,406,27/11/2022,BTS Gold Line,"5,824",
407,407,28/11/2022,SRT,"63,103",
408,408,28/11/2022,ARL,"61,387",
409,409,28/11/2022,Red Line,"19,767",
410,410,28/11/2022,MRT Blue Line,"355,753",
411,411,28/11/2022,MRT Purple Line,"45,357",
412,412,28/11/2022,BTS Green Line,"752,373",
413,413,28/11/2022,BTS Gold Line,"4,570",
414,414,29/11/2022,SRT,"56,095",
415,415,29/11/2022,ARL,"61,927",
416,416,29/11/2022,Red Line,"18,942",
417,417,29/11/2022,MRT Blue Line,"377,720",
418,418,29/11/2022,MRT Purple Line,"45,915",
419,419,29/11/2022,BTS Green Line,"769,405",
420,420,29/11/2022,BTS Gold Line,"4,044",
421,421,30/11/2022,SRT,"56,662",
422,422,30/11/2022,ARL,"62,638",
423,423,30/11/2022,Red Line,"19,313",
424,424,30/11/2022,MRT Blue Line,"374,931",
425,425,30/11/2022,MRT Purple Line,"46,430",
426,426,30/11/2022,BTS Green Line,"777,171",
427,427,30/11/2022,BTS Gold Line,"4,088",
428,428,1/12/2022,SRT,"59,309",
429,429,1/12/2022,ARL,"62,771",
430,430,1/12/2022,Red Line,"19,262",
431,431,1/12/2022,MRT Blue Line,"378,269",
432,432,1/12/2022,MRT Purple Line,"47,134",
433,433,1/12/2022,BTS Green Line,"780,155",
434,434,1/12/2022,BTS Gold Line,"4,377",
435,435,2/12/2022,SRT,"73,910",
436,436,2/12/2022,ARL,"70,686",
437,437,2/12/2022,Red Line,"21,826",
438,438,2/12/2022,MRT Blue Line,"397,176",
439,439,2/12/2022,MRT Purple Line,"48,272",
440,440,2/12/2022,BTS Green Line,"825,244",
441,441,2/12/2022,BTS Gold Line,"5,321",
442,442,3/12/2022,SRT,"66,517",
443,443,3/12/2022,ARL,"50,372",
444,444,3/12/2022,Red Line,"13,734",
445,445,3/12/2022,MRT Blue Line,"274,185",
446,446,3/12/2022,MRT Purple Line,"29,108",
447,447,3/12/2022,BTS Green Line,"594,782",
448,448,3/12/2022,BTS Gold Line,"6,493",
449,449,4/12/2022,SRT,"63,437",
450,450,4/12/2022,ARL,"42,782",
451,451,4/12/2022,Red Line,"11,602",
452,452,4/12/2022,MRT Blue Line,"216,524",
453,453,4/12/2022,MRT Purple Line,"22,752",
454,454,4/12/2022,BTS Green Line,"522,900",
455,455,4/12/2022,BTS Gold Line,"6,232",
456,456,5/12/2022,SRT,"73,015",
457,457,5/12/2022,ARL,"39,897",
458,458,5/12/2022,Red Line,"10,867",
459,459,5/12/2022,MRT Blue Line,"172,626",
460,460,5/12/2022,MRT Purple Line,"21,622",
461,461,5/12/2022,BTS Green Line,"441,976",
462,462,5/12/2022,BTS Gold Line,"5,712",
463,463,6/12/2022,SRT,"63,480",
464,464,6/12/2022,ARL,"64,166",
465,465,6/12/2022,Red Line,"20,052",
466,466,6/12/2022,MRT Blue Line,"371,145",
467,467,6/12/2022,MRT Purple Line,"46,374",
468,468,6/12/2022,BTS Green Line,"768,193",
469,469,6/12/2022,BTS Gold Line,"4,417",
470,470,7/12/2022,SRT,"57,506",
471,471,7/12/2022,ARL,"62,287",
472,472,7/12/2022,Red Line,"19,896",
473,473,7/12/2022,MRT Blue Line,"377,590",
474,474,7/12/2022,MRT Purple Line,"46,934",
475,475,7/12/2022,BTS Green Line,"770,924",
476,476,7/12/2022,BTS Gold Line,"4,680",
477,477,8/12/2022,SRT,"58,818",
478,478,8/12/2022,ARL,"63,954",
479,479,8/12/2022,Red Line,"19,636",
480,480,8/12/2022,MRT Blue Line,"377,518",
481,481,8/12/2022,MRT Purple Line,"48,513",
482,482,8/12/2022,BTS Green Line,"787,342",
483,483,8/12/2022,BTS Gold Line,"4,833",
484,484,9/12/2022,SRT,"75,728",
485,485,9/12/2022,ARL,"67,879",
486,486,9/12/2022,Red Line,"21,929",
487,487,9/12/2022,MRT Blue Line,"405,904",
488,488,9/12/2022,MRT Purple Line,"48,727",
489,489,9/12/2022,BTS Green Line,"848,835",
490,490,9/12/2022,BTS Gold Line,"7,048",
491,491,10/12/2022,SRT,"67,342",
492,492,10/12/2022,ARL,"59,493",
493,493,10/12/2022,Red Line,"14,828",
494,494,10/12/2022,MRT Blue Line,"289,067",
495,495,10/12/2022,MRT Purple Line,"30,902",
496,496,10/12/2022,BTS Green Line,"606,136",
497,497,10/12/2022,BTS Gold Line,"7,536",
498,498,11/12/2022,SRT,"61,195",
499,499,11/12/2022,ARL,"53,809",
500,500,11/12/2022,Red Line,"14,187",
501,501,11/12/2022,MRT Blue Line,"228,640",
502,502,11/12/2022,MRT Purple Line,"24,440",
503,503,11/12/2022,BTS Green Line,"541,484",
504,504,11/12/2022,BTS Gold Line,"6,727",
505,505,12/12/2022,SRT,"65,304",
506,506,12/12/2022,ARL,"46,273",
507,507,12/12/2022,Red Line,"12,562",
508,508,12/12/2022,MRT Blue Line,"210,151",
509,509,12/12/2022,MRT Purple Line,"22,977",
510,510,12/12/2022,BTS Green Line,"521,572",
511,511,12/12/2022,BTS Gold Line,"5,788",
512,512,13/12/2022,SRT,"59,835",
513,513,13/12/2022,ARL,"64,528",
514,514,13/12/2022,Red Line,"19,984",
515,515,13/12/2022,MRT Blue Line,"401,403",
516,516,13/12/2022,MRT Purple Line,"47,800",
517,517,13/12/2022,BTS Green Line,"782,851",
518,518,13/12/2022,BTS Gold Line,"4,717",
519,519,14/12/2022,SRT,"56,739",
520,520,14/12/2022,ARL,"63,276",
521,521,14/12/2022,Red Line,"20,644",
522,522,14/12/2022,MRT Blue Line,"396,268",
523,523,14/12/2022,MRT Purple Line,"47,778",
524,524,14/12/2022,BTS Green Line,"794,411",
525,525,14/12/2022,BTS Gold Line,"4,973",
526,526,15/12/2022,SRT,"57,679",
527,527,15/12/2022,ARL,"62,939",
528,528,15/12/2022,Red Line,"19,820",
529,529,15/12/2022,MRT Blue Line,"404,765",
530,530,15/12/2022,MRT Purple Line,"49,538",
531,531,15/12/2022,BTS Green Line,"790,403",
532,532,15/12/2022,BTS Gold Line,"5,163",
533,533,16/12/2022,SRT,"69,627",
534,534,16/12/2022,ARL,"65,689",
535,535,16/12/2022,Red Line,"21,267",
536,536,16/12/2022,MRT Blue Line,"423,498",
537,537,16/12/2022,MRT Purple Line,"49,278",
538,538,16/12/2022,BTS Green Line,"845,418",
539,539,16/12/2022,BTS Gold Line,"6,743",
540,540,17/12/2022,SRT,"59,253",
541,541,17/12/2022,ARL,"53,793",
542,542,17/12/2022,Red Line,"14,408",
543,543,17/12/2022,MRT Blue Line,"304,244",
544,544,17/12/2022,MRT Purple Line,"31,333",
545,545,17/12/2022,BTS Green Line,"704,690",
546,546,17/12/2022,BTS Gold Line,"7,414",
547,547,18/12/2022,SRT,"57,356",
548,548,18/12/2022,ARL,"51,338",
549,549,18/12/2022,Red Line,"13,175",
550,550,18/12/2022,MRT Blue Line,"244,463",
551,551,18/12/2022,MRT Purple Line,"24,756",
552,552,18/12/2022,BTS Green Line,"630,103",
553,553,18/12/2022,BTS Gold Line,"6,839",
554,554,19/12/2022,SRT,"54,301",
555,555,19/12/2022,ARL,"60,838",
556,556,19/12/2022,Red Line,"18,763",
557,557,19/12/2022,MRT Blue Line,"376,448",
558,558,19/12/2022,MRT Purple Line,"48,256",
559,559,19/12/2022,BTS Green Line,"738,436",
560,560,19/12/2022,BTS Gold Line,"5,553",
561,561,20/12/2022,SRT,"52,928",
562,562,20/12/2022,ARL,"61,047",
563,563,20/12/2022,Red Line,"19,189",
564,564,20/12/2022,MRT Blue Line,"359,813",
565,565,20/12/2022,MRT Purple Line,"46,352",
566,566,20/12/2022,BTS Green Line,"726,647",
567,567,20/12/2022,BTS Gold Line,"5,443",
568,568,21/12/2022,SRT,"53,725",
569,569,21/12/2022,ARL,"60,619",
570,570,21/12/2022,Red Line,"18,466",
571,571,21/12/2022,MRT Blue Line,"369,902",
572,572,21/12/2022,MRT Purple Line,"45,927",
573,573,21/12/2022,BTS Green Line,"764,708",
574,574,21/12/2022,BTS Gold Line,"5,955",
575,575,22/12/2022,SRT,"54,687",
576,576,22/12/2022,ARL,"61,002",
577,577,22/12/2022,Red Line,"19,190",
578,578,22/12/2022,MRT Blue Line,"360,787",
579,579,22/12/2022,MRT Purple Line,"45,954",
580,580,22/12/2022,BTS Green Line,"786,243",
581,581,22/12/2022,BTS Gold Line,"7,297",
582,582,23/12/2022,SRT,"66,544",
583,583,23/12/2022,ARL,"64,552",
584,584,23/12/2022,Red Line,"21,122",
585,585,23/12/2022,MRT Blue Line,"382,964",
586,586,23/12/2022,MRT Purple Line,"47,141",
587,587,23/12/2022,BTS Green Line,"864,219",
588,588,23/12/2022,BTS Gold Line,"8,803",
589,589,24/12/2022,SRT,"60,695",
590,590,24/12/2022,ARL,"52,065",
591,591,24/12/2022,Red Line,"12,963",
592,592,24/12/2022,MRT Blue Line,"263,517",
593,593,24/12/2022,MRT Purple Line,"29,975",
594,594,24/12/2022,BTS Green Line,"655,256",
595,595,24/12/2022,BTS Gold Line,"10,488",
596,596,25/12/2022,SRT,"68,524",
597,597,25/12/2022,ARL,"51,002",
598,598,25/12/2022,Red Line,"11,419",
599,599,25/12/2022,MRT Blue Line,"211,536",
600,600,25/12/2022,MRT Purple Line,"23,684",
601,601,25/12/2022,BTS Green Line,"637,174",
602,602,25/12/2022,BTS Gold Line,"11,654",
603,603,26/12/2022,SRT,"67,948",
604,604,26/12/2022,ARL,"56,738",
605,605,26/12/2022,Red Line,"17,302",
606,606,26/12/2022,MRT Blue Line,"336,337",
607,607,26/12/2022,MRT Purple Line,"43,477",
608,608,26/12/2022,BTS Green Line,"714,710",
609,609,26/12/2022,BTS Gold Line,"7,238",
610,610,27/12/2022,SRT,"68,198",
611,611,27/12/2022,ARL,"55,720",
612,612,27/12/2022,Red Line,"17,643",
613,613,27/12/2022,MRT Blue Line,"311,108",
614,614,27/12/2022,MRT Purple Line,"40,640",
615,615,27/12/2022,BTS Green Line,"716,808",
616,616,27/12/2022,BTS Gold Line,"6,798",
617,617,28/12/2022,SRT,"73,014",
618,618,28/12/2022,ARL,"53,587",
619,619,28/12/2022,Red Line,"16,652",
620,620,28/12/2022,MRT Blue Line,"319,134",
621,621,28/12/2022,MRT Purple Line,"39,810",
622,622,28/12/2022,BTS Green Line,"697,154",
623,623,28/12/2022,BTS Gold Line,"7,039",
624,624,29/12/2022,SRT,"89,866",
625,625,29/12/2022,ARL,"52,279",
626,626,29/12/2022,Red Line,"16,385",
627,627,29/12/2022,MRT Blue Line,"299,885",
628,628,29/12/2022,MRT Purple Line,"35,994",
629,629,29/12/2022,BTS Green Line,"666,465",
630,630,29/12/2022,BTS Gold Line,"7,570",
631,631,30/12/2022,SRT,"85,608",
632,632,30/12/2022,ARL,"48,046",
633,633,30/12/2022,Red Line,"12,298",
634,634,30/12/2022,MRT Blue Line,"262,690",
635,635,30/12/2022,MRT Purple Line,"26,348",
636,636,30/12/2022,BTS Green Line,"587,152",
637,637,30/12/2022,BTS Gold Line,"11,050",
638,638,31/12/2022,SRT,"71,427",
639,639,31/12/2022,ARL,"48,304",
640,640,31/12/2022,Red Line,"13,597",
641,641,31/12/2022,MRT Blue Line,"245,371",
642,642,31/12/2022,MRT Purple Line,"23,566",
643,643,31/12/2022,BTS Green Line,"710,832",
644,644,31/12/2022,BTS Gold Line,"38,351",
645,645,1/1/2023,SRT,"73,743",
646,646,1/1/2023,ARL,"36,872",
647,647,1/1/2023,Red Line,"11,938",
648,648,1/1/2023,MRT Blue Line,"215,056",
649,649,1/1/2023,MRT Purple Line,"19,103",
650,650,1/1/2023,BTS Green Line,"455,594",
651,651,1/1/2023,BTS Gold Line,"12,339",
652,652,2/1/2023,SRT,"94,868",
653,653,2/1/2023,ARL,"37,381",
654,654,2/1/2023,Red Line,"11,465",
655,655,2/1/2023,MRT Blue Line,"181,551",
656,656,2/1/2023,MRT Purple Line,"19,002",
657,657,2/1/2023,BTS Green Line,"416,065",
658,658,2/1/2023,BTS Gold Line,"7,177",
659,659,3/1/2023,SRT,"80,223",
660,660,3/1/2023,ARL,"52,188",
661,661,3/1/2023,Red Line,"17,209",
662,662,3/1/2023,MRT Blue Line,"292,528",
663,663,3/1/2023,MRT Purple Line,"38,616",
664,664,3/1/2023,BTS Green Line,"639,175",
665,665,3/1/2023,BTS Gold Line,"4,510",
666,666,4/1/2023,SRT,"71,833",
667,667,4/1/2023,ARL,"59,374",
668,668,4/1/2023,Red Line,"19,072",
669,669,4/1/2023,MRT Blue Line,"344,269",
670,670,4/1/2023,MRT Purple Line,"43,858",
671,671,4/1/2023,BTS Green Line,"711,204",
672,672,4/1/2023,BTS Gold Line,"4,318",
673,673,5/1/2023,SRT,"67,995",
674,674,5/1/2023,ARL,"61,317",
675,675,5/1/2023,Red Line,"18,834",
676,676,5/1/2023,MRT Blue Line,"343,930",
677,677,5/1/2023,MRT Purple Line,"43,670",
678,678,5/1/2023,BTS Green Line,"732,993",
679,679,5/1/2023,BTS Gold Line,"4,742",
680,680,6/1/2023,SRT,"73,150",
681,681,6/1/2023,ARL,"60,924",
682,682,6/1/2023,Red Line,"21,114",
683,683,6/1/2023,MRT Blue Line,"365,079",
684,684,6/1/2023,MRT Purple Line,"46,811",
685,685,6/1/2023,BTS Green Line,"785,441",
686,686,6/1/2023,BTS Gold Line,"5,854",
687,687,7/1/2023,SRT,"63,223",
688,688,7/1/2023,ARL,"63,009",
689,689,7/1/2023,Red Line,"14,566",
690,690,7/1/2023,MRT Blue Line,"252,029",
691,691,7/1/2023,MRT Purple Line,"28,726",
692,692,7/1/2023,BTS Green Line,"615,582",
693,693,7/1/2023,BTS Gold Line,"6,114",
694,694,8/1/2023,SRT,"67,704",
695,695,8/1/2023,ARL,"47,510",
696,696,8/1/2023,Red Line,"13,212",
697,697,8/1/2023,MRT Blue Line,"205,523",
698,698,8/1/2023,MRT Purple Line,"24,319",
699,699,8/1/2023,BTS Green Line,"527,576",
700,700,8/1/2023,BTS Gold Line,"5,251",
701,701,9/1/2023,SRT,"64,329",
702,702,9/1/2023,ARL,"68,034",
703,703,9/1/2023,Red Line,"21,384",
704,704,9/1/2023,MRT Blue Line,"360,389",
705,705,9/1/2023,MRT Purple Line,"47,542",
706,706,9/1/2023,BTS Green Line,"764,318",
707,707,9/1/2023,BTS Gold Line,"4,786",
708,708,10/1/2023,SRT,"61,578",
709,709,10/1/2023,ARL,"66,094",
710,710,10/1/2023,Red Line,"20,873",
711,711,10/1/2023,MRT Blue Line,"403,825",
712,712,10/1/2023,MRT Purple Line,"48,204",
713,713,10/1/2023,BTS Green Line,"788,809",
714,714,10/1/2023,BTS Gold Line,"4,512",
715,715,11/1/2023,SRT,"59,438",
716,716,11/1/2023,ARL,"64,810",
717,717,11/1/2023,Red Line,"20,058",
718,718,11/1/2023,MRT Blue Line,"413,118",
719,719,11/1/2023,MRT Purple Line,"47,521",
720,720,11/1/2023,BTS Green Line,"788,506",
721,721,11/1/2023,BTS Gold Line,"5,060",
722,722,12/1/2023,SRT,"59,170",
723,723,12/1/2023,ARL,"66,086",
724,724,12/1/2023,Red Line,"20,010",
725,725,12/1/2023,MRT Blue Line,"401,601",
726,726,12/1/2023,MRT Purple Line,"47,622",
727,727,12/1/2023,BTS Green Line,"770,195",
728,728,12/1/2023,BTS Gold Line,"4,548",
729,729,13/1/2023,SRT,"71,987",
730,730,13/1/2023,ARL,"66,733",
731,731,13/1/2023,Red Line,"21,852",
732,732,13/1/2023,MRT Blue Line,"404,945",
733,733,13/1/2023,MRT Purple Line,"49,266",
734,734,13/1/2023,BTS Green Line,"806,632",
735,735,13/1/2023,BTS Gold Line,"5,660",
736,736,14/1/2023,SRT,"63,908",
737,737,14/1/2023,ARL,"50,637",
738,738,14/1/2023,Red Line,"14,326",
739,739,14/1/2023,MRT Blue Line,"285,609",
740,740,14/1/2023,MRT Purple Line,"30,654",
741,741,14/1/2023,BTS Green Line,"615,549",
742,742,14/1/2023,BTS Gold Line,"7,545",
743,743,15/1/2023,SRT,"67,156",
744,744,15/1/2023,ARL,"43,616",
745,745,15/1/2023,Red Line,"12,414",
746,746,15/1/2023,MRT Blue Line,"224,842",
747,747,15/1/2023,MRT Purple Line,"24,346",
748,748,15/1/2023,BTS Green Line,"482,018",
749,749,15/1/2023,BTS Gold Line,"5,408",
750,750,16/1/2023,SRT,"64,076",
751,751,16/1/2023,ARL,"63,046",
752,752,16/1/2023,Red Line,"19,822",
753,753,16/1/2023,MRT Blue Line,"396,551",
754,754,16/1/2023,MRT Purple Line,"47,382",
755,755,16/1/2023,BTS Green Line,"699,485",
756,756,16/1/2023,BTS Gold Line,"4,318",
757,757,17/1/2023,SRT,"60,417",
758,758,17/1/2023,ARL,"64,421",
759,759,17/1/2023,Red Line,"20,064",
760,760,17/1/2023,MRT Blue Line,"384,704",
761,761,17/1/2023,MRT Purple Line,"46,430",
762,762,17/1/2023,BTS Green Line,"766,386",
763,763,17/1/2023,BTS Gold Line,"3,926",
764,764,18/1/2023,SRT,"61,425",
765,765,18/1/2023,ARL,"66,842",
766,766,18/1/2023,Red Line,"19,936",
767,767,18/1/2023,MRT Blue Line,"406,156",
768,768,18/1/2023,MRT Purple Line,"47,777",
769,769,18/1/2023,BTS Green Line,"778,972",
770,770,18/1/2023,BTS Gold Line,"4,421",
771,771,19/1/2023,SRT,"63,718",
772,772,19/1/2023,ARL,"65,140",
773,773,19/1/2023,Red Line,"20,965",
774,774,19/1/2023,MRT Blue Line,"407,221",
775,775,19/1/2023,MRT Purple Line,"47,553",
776,776,19/1/2023,BTS Green Line,"770,713",
777,777,19/1/2023,BTS Gold Line,"4,753",
778,778,20/1/2023,SRT,"75,410",
779,779,20/1/2023,ARL,"69,557",
780,780,20/1/2023,Red Line,"23,416",
781,781,20/1/2023,MRT Blue Line,"425,799",
782,782,20/1/2023,MRT Purple Line,"48,765",
783,783,20/1/2023,BTS Green Line,"808,908",
784,784,20/1/2023,BTS Gold Line,"5,857",
785,785,21/1/2023,SRT,"59,547",
786,786,21/1/2023,ARL,"46,496",
787,787,21/1/2023,Red Line,"13,137",
788,788,21/1/2023,MRT Blue Line,"300,961",
789,789,21/1/2023,MRT Purple Line,"29,742",
790,790,21/1/2023,BTS Green Line,"540,096",
791,791,21/1/2023,BTS Gold Line,"6,714",
792,792,22/1/2023,SRT,"68,519",
793,793,22/1/2023,ARL,"43,254",
794,794,22/1/2023,Red Line,"13,703",
795,795,22/1/2023,MRT Blue Line,"261,632",
796,796,22/1/2023,MRT Purple Line,"23,621",
797,797,22/1/2023,BTS Green Line,"494,538",
798,798,22/1/2023,BTS Gold Line,"8,221",
799,799,23/1/2023,SRT,"68,020",
800,800,23/1/2023,ARL,"64,971",
801,801,23/1/2023,Red Line,"21,614",
802,802,23/1/2023,MRT Blue Line,"390,014",
803,803,23/1/2023,MRT Purple Line,"46,993",
804,804,23/1/2023,BTS Green Line,"761,099",
805,805,23/1/2023,BTS Gold Line,"6,278",
806,806,24/1/2023,SRT,"62,977",
807,807,24/1/2023,ARL,"65,481",
808,808,24/1/2023,Red Line,"21,190",
809,809,24/1/2023,MRT Blue Line,"410,523",
810,810,24/1/2023,MRT Purple Line,"48,304",
811,811,24/1/2023,BTS Green Line,"792,023",
812,812,24/1/2023,BTS Gold Line,"5,914",
813,813,25/1/2023,SRT,"63,366",
814,814,25/1/2023,ARL,"65,543",
815,815,25/1/2023,Red Line,"21,843",
816,816,25/1/2023,MRT Blue Line,"417,370",
817,817,25/1/2023,MRT Purple Line,"47,296",
818,818,25/1/2023,BTS Green Line,"813,557",
819,819,25/1/2023,BTS Gold Line,"5,814",
820,820,26/1/2023,SRT,"62,228",
821,821,26/1/2023,ARL,"67,315",
822,822,26/1/2023,Red Line,"21,610",
823,823,26/1/2023,MRT Blue Line,"424,927",
824,824,26/1/2023,MRT Purple Line,"48,027",
825,825,26/1/2023,BTS Green Line,"808,209",
826,826,26/1/2023,BTS Gold Line,"5,948",
827,827,27/1/2023,SRT,"75,376",
828,828,27/1/2023,ARL,"70,419",
829,829,27/1/2023,Red Line,"24,258",
830,830,27/1/2023,MRT Blue Line,"433,185",
831,831,27/1/2023,MRT Purple Line,"48,611",
832,832,27/1/2023,BTS Green Line,"859,129",
833,833,27/1/2023,BTS Gold Line,"7,442",
834,834,28/1/2023,SRT,"62,460",
835,835,28/1/2023,ARL,"49,721",
836,836,28/1/2023,Red Line,"15,306",
837,837,28/1/2023,MRT Blue Line,"277,090",
838,838,28/1/2023,MRT Purple Line,"27,704",
839,839,28/1/2023,BTS Green Line,"624,943",
840,840,28/1/2023,BTS Gold Line,"9,682",
841,841,29/1/2023,SRT,"64,912",
842,842,29/1/2023,ARL,"44,319",
843,843,29/1/2023,Red Line,"13,582",
844,844,29/1/2023,MRT Blue Line,"223,700",
845,845,29/1/2023,MRT Purple Line,"22,165",
846,846,29/1/2023,BTS Green Line,"508,790",
847,847,29/1/2023,BTS Gold Line,"7,060",
848,848,30/1/2023,SRT,"64,193",
849,849,30/1/2023,ARL,"65,326",
850,850,30/1/2023,Red Line,"21,464",
851,851,30/1/2023,MRT Blue Line,"410,697",
852,852,30/1/2023,MRT Purple Line,"45,008",
853,853,30/1/2023,BTS Green Line,"765,485",
854,854,30/1/2023,BTS Gold Line,"4,664",
855,855,31/1/2023,SRT,"59,763",
856,856,31/1/2023,ARL,"66,569",
857,857,31/1/2023,Red Line,"21,416",
858,858,31/1/2023,MRT Blue Line,"410,475",
859,859,31/1/2023,MRT Purple Line,"47,930",
860,860,31/1/2023,BTS Green Line,"804,492",
861,861,31/1/2023,BTS Gold Line,"4,468",
862,862,1/2/2023,SRT,"59,106",
863,863,1/2/2023,ARL,"66,726",
864,864,1/2/2023,Red Line,"21,529",
865,865,1/2/2023,MRT Blue Line,"417,197",
866,866,1/2/2023,MRT Purple Line,"49,173",
867,867,1/2/2023,BTS Green Line,"799,712",
868,868,1/2/2023,BTS Gold Line,"4,615",
869,869,2/2/2023,SRT,"60,751",
870,870,2/2/2023,ARL,"63,178",
871,871,2/2/2023,Red Line,"21,085",
872,872,2/2/2023,MRT Blue Line,"410,992",
873,873,2/2/2023,MRT Purple Line,"48,016",
874,874,2/2/2023,BTS Green Line,"786,818",
875,875,2/2/2023,BTS Gold Line,"4,889",
876,876,3/2/2023,SRT,"75,361",
877,877,3/2/2023,ARL,"68,952",
878,878,3/2/2023,Red Line,"25,397",
879,879,3/2/2023,MRT Blue Line,"428,565",
880,880,3/2/2023,MRT Purple Line,"49,792",
881,881,3/2/2023,BTS Green Line,"858,610",
882,882,3/2/2023,BTS Gold Line,"6,434",
883,883,4/2/2023,SRT,"62,497",
884,884,4/2/2023,ARL,"51,206",
885,885,4/2/2023,Red Line,"18,493",
886,886,4/2/2023,MRT Blue Line,"297,144",
887,887,4/2/2023,MRT Purple Line,"31,426",
888,888,4/2/2023,BTS Green Line,"693,119",
889,889,4/2/2023,BTS Gold Line,"6,692",
890,890,5/2/2023,SRT,"67,433",
891,891,5/2/2023,ARL,"46,438",
892,892,5/2/2023,Red Line,"17,477",
893,893,5/2/2023,MRT Blue Line,"243,167",
894,894,5/2/2023,MRT Purple Line,"24,938",
895,895,5/2/2023,BTS Green Line,"577,578",
896,896,5/2/2023,BTS Gold Line,"5,736",
897,897,6/2/2023,SRT,"66,526",
898,898,6/2/2023,ARL,"66,331",
899,899,6/2/2023,Red Line,"23,400",
900,900,6/2/2023,MRT Blue Line,"407,055",
901,901,6/2/2023,MRT Purple Line,"47,686",
902,902,6/2/2023,BTS Green Line,"798,089",
903,903,6/2/2023,BTS Gold Line,"4,707",
904,904,7/2/2023,SRT,"58,767",
905,905,7/2/2023,ARL,"66,924",
906,906,7/2/2023,Red Line,"23,845",
907,907,7/2/2023,MRT Blue Line,"413,321",
908,908,7/2/2023,MRT Purple Line,"49,103",
909,909,7/2/2023,BTS Green Line,"832,453",
910,910,7/2/2023,BTS Gold Line,"4,438",
911,911,8/2/2023,SRT,"59,605",
912,912,8/2/2023,ARL,"67,122",
913,913,8/2/2023,Red Line,"24,197",
914,914,8/2/2023,MRT Blue Line,"417,617",
915,915,8/2/2023,MRT Purple Line,"49,048",
916,916,8/2/2023,BTS Green Line,"840,172",
917,917,8/2/2023,BTS Gold Line,"4,621",
918,918,9/2/2023,SRT,"59,469",
919,919,9/2/2023,ARL,"66,022",
920,920,9/2/2023,Red Line,"24,475",
921,921,9/2/2023,MRT Blue Line,"409,757",
922,922,9/2/2023,MRT Purple Line,"48,077",
923,923,9/2/2023,BTS Green Line,"833,891",
924,924,9/2/2023,BTS Gold Line,"4,794",
925,925,10/2/2023,SRT,"73,659",
926,926,10/2/2023,ARL,"72,737",
927,927,10/2/2023,Red Line,"29,129",
928,928,10/2/2023,MRT Blue Line,"429,825",
929,929,10/2/2023,MRT Purple Line,"49,231",
930,930,10/2/2023,BTS Green Line,"916,390",
931,931,10/2/2023,BTS Gold Line,"6,359",
932,932,11/2/2023,SRT,"64,057",
933,933,11/2/2023,ARL,"52,493",
934,934,11/2/2023,Red Line,"21,412",
935,935,11/2/2023,MRT Blue Line,"303,007",
936,936,11/2/2023,MRT Purple Line,"29,591",
937,937,11/2/2023,BTS Green Line,"703,296",
938,938,11/2/2023,BTS Gold Line,"7,513",
939,939,12/2/2023,SRT,"67,033",
940,940,12/2/2023,ARL,"45,898",
941,941,12/2/2023,Red Line,"14,448",
942,942,12/2/2023,MRT Blue Line,"244,452",
943,943,12/2/2023,MRT Purple Line,"23,749",
944,944,12/2/2023,BTS Green Line,"506,511",
945,945,12/2/2023,BTS Gold Line,"6,014",
946,946,13/2/2023,SRT,"66,032",
947,947,13/2/2023,ARL,"66,280",
948,948,13/2/2023,Red Line,"21,980",
949,949,13/2/2023,MRT Blue Line,"397,749",
950,950,13/2/2023,MRT Purple Line,"47,367",
951,951,13/2/2023,BTS Green Line,"777,222",
952,952,13/2/2023,BTS Gold Line,"5,139",
953,953,14/2/2023,SRT,"59,044",
954,954,14/2/2023,ARL,"68,702",
955,955,14/2/2023,Red Line,"22,910",
956,956,14/2/2023,MRT Blue Line,"414,073",
957,957,14/2/2023,MRT Purple Line,"49,044",
958,958,14/2/2023,BTS Green Line,"865,461",
959,959,14/2/2023,BTS Gold Line,"6,367",
960,960,15/2/2023,SRT,"58,020",
961,961,15/2/2023,ARL,"64,310",
962,962,15/2/2023,Red Line,"21,354",
963,963,15/2/2023,MRT Blue Line,"417,379",
964,964,15/2/2023,MRT Purple Line,"48,441",
965,965,15/2/2023,BTS Green Line,"766,237",
966,966,15/2/2023,BTS Gold Line,"5,268",
967,967,16/2/2023,SRT,"58,548",
968,968,16/2/2023,ARL,"67,170",
969,969,16/2/2023,Red Line,"22,047",
970,970,16/2/2023,MRT Blue Line,"401,270",
971,971,16/2/2023,MRT Purple Line,"47,320",
972,972,16/2/2023,BTS Green Line,"787,937",
973,973,16/2/2023,BTS Gold Line,"4,692",
974,974,17/2/2023,SRT,"68,723",
975,975,17/2/2023,ARL,"72,002",
976,976,17/2/2023,Red Line,"24,026",
977,977,17/2/2023,MRT Blue Line,"442,384",
978,978,17/2/2023,MRT Purple Line,"49,800",
979,979,17/2/2023,BTS Green Line,"829,805",
980,980,17/2/2023,BTS Gold Line,"5,514",
981,981,18/2/2023,SRT,"59,486",
982,982,18/2/2023,ARL,"49,937",
983,983,18/2/2023,Red Line,"14,933",
984,984,18/2/2023,MRT Blue Line,"301,463",
985,985,18/2/2023,MRT Purple Line,"31,116",
986,986,18/2/2023,BTS Green Line,"593,273",
987,987,18/2/2023,BTS Gold Line,"6,532",
988,988,19/2/2023,SRT,"63,551",
989,989,19/2/2023,ARL,"43,792",
990,990,19/2/2023,Red Line,"13,658",
991,991,19/2/2023,MRT Blue Line,"245,618",
992,992,19/2/2023,MRT Purple Line,"24,691",
993,993,19/2/2023,BTS Green Line,"490,009",
994,994,19/2/2023,BTS Gold Line,"7,135",
995,995,20/2/2023,SRT,"65,140",
996,996,20/2/2023,ARL,"66,738",
997,997,20/2/2023,Red Line,"22,277",
998,998,20/2/2023,MRT Blue Line,"397,843",
999,999,20/2/2023,MRT Purple Line,"47,061",
1000,1000,20/2/2023,BTS Green Line,"750,304",
1001,1001,20/2/2023,BTS Gold Line,"4,776",
1002,1002,21/2/2023,SRT,"59,198",
1003,1003,21/2/2023,ARL,"65,619",
1004,1004,21/2/2023,Red Line,"21,829",
1005,1005,21/2/2023,MRT Blue Line,"414,071",
1006,1006,21/2/2023,MRT Purple Line,"48,913",
1007,1007,21/2/2023,BTS Green Line,"777,048",
1008,1008,21/2/2023,BTS Gold Line,"4,633",
1009,1009,22/2/2023,SRT,"58,223",
1010,1010,22/2/2023,ARL,"66,125",
1011,1011,22/2/2023,Red Line,"21,558",
1012,1012,22/2/2023,MRT Blue Line,"417,379",
1013,1013,22/2/2023,MRT Purple Line,"48,408",
1014,1014,22/2/2023,BTS Green Line,"783,560",
1015,1015,22/2/2023,BTS Gold Line,"4,529",
1016,1016,23/2/2023,SRT,"60,603",
1017,1017,23/2/2023,ARL,"67,360",
1018,1018,23/2/2023,Red Line,"22,000",
1019,1019,23/2/2023,MRT Blue Line,"412,705",
1020,1020,23/2/2023,MRT Purple Line,"47,826",
1021,1021,23/2/2023,BTS Green Line,"781,192",
1022,1022,23/2/2023,BTS Gold Line,"4,912",
1023,1023,24/2/2023,SRT,"71,946",
1024,1024,24/2/2023,ARL,"68,478",
1025,1025,24/2/2023,Red Line,"23,811",
1026,1026,24/2/2023,MRT Blue Line,"434,558",
1027,1027,24/2/2023,MRT Purple Line,"49,319",
1028,1028,24/2/2023,BTS Green Line,"815,359",
1029,1029,24/2/2023,BTS Gold Line,"5,928",
1030,1030,25/2/2023,SRT,"59,069",
1031,1031,25/2/2023,ARL,"50,033",
1032,1032,25/2/2023,Red Line,"15,065",
1033,1033,25/2/2023,MRT Blue Line,"298,239",
1034,1034,25/2/2023,MRT Purple Line,"30,815",
1035,1035,25/2/2023,BTS Green Line,"565,044",
1036,1036,25/2/2023,BTS Gold Line,"6,455",
1037,1037,26/2/2023,SRT,"62,576",
1038,1038,26/2/2023,ARL,"43,123",
1039,1039,26/2/2023,Red Line,"13,330",
1040,1040,26/2/2023,MRT Blue Line,"240,923",
1041,1041,26/2/2023,MRT Purple Line,"24,451",
1042,1042,26/2/2023,BTS Green Line,"485,267",
1043,1043,26/2/2023,BTS Gold Line,"5,148",
1044,1044,27/2/2023,SRT,"62,256",
1045,1045,27/2/2023,ARL,"66,114",
1046,1046,27/2/2023,Red Line,"21,771",
1047,1047,27/2/2023,MRT Blue Line,"373,470",
1048,1048,27/2/2023,MRT Purple Line,"46,631",
1049,1049,27/2/2023,BTS Green Line,"756,308",
1050,1050,27/2/2023,BTS Gold Line,"4,786",
1051,1051,28/2/2023,SRT,"59,500",
1052,1052,28/2/2023,ARL,"66,018",
1053,1053,28/2/2023,Red Line,"21,778",
1054,1054,28/2/2023,MRT Blue Line,"398,539",
1055,1055,28/2/2023,MRT Purple Line,"45,954",
1056,1056,28/2/2023,BTS Green Line,"791,801",
1057,1057,28/2/2023,BTS Gold Line,"5,466",
1058,1058,1/3/2023,SRT,"58,369",
1059,1059,1/3/2023,ARL,"66,035",
1060,1060,1/3/2023,Red Line,"21,862",
1061,1061,1/3/2023,MRT Blue Line,"407,171",
1062,1062,1/3/2023,MRT Purple Line,"47,744",
1063,1063,1/3/2023,BTS Green Line,"792,258",
1064,1064,1/3/2023,BTS Gold Line,"4,488",
1065,1065,2/3/2023,SRT,"64,386",
1066,1066,2/3/2023,ARL,"65,816",
1067,1067,2/3/2023,Red Line,"21,712",
1068,1068,2/3/2023,MRT Blue Line,"407,368",
1069,1069,2/3/2023,MRT Purple Line,"47,323",
1070,1070,2/3/2023,BTS Green Line,"784,668",
1071,1071,2/3/2023,BTS Gold Line,"6,083",
1072,1072,3/3/2023,SRT,"78,411",
1073,1073,3/3/2023,ARL,"70,084",
1074,1074,3/3/2023,Red Line,"24,709",
1075,1075,3/3/2023,MRT Blue Line,"431,376",
1076,1076,3/3/2023,MRT Purple Line,"48,745",
1077,1077,3/3/2023,BTS Green Line,"828,027",
1078,1078,3/3/2023,BTS Gold Line,"5,336",
1079,1079,4/3/2023,SRT,"68,355",
1080,1080,4/3/2023,ARL,"46,737",
1081,1081,4/3/2023,Red Line,"15,923",
1082,1082,4/3/2023,MRT Blue Line,"302,105",
1083,1083,4/3/2023,MRT Purple Line,"30,707",
1084,1084,4/3/2023,BTS Green Line,"577,058",
1085,1085,4/3/2023,BTS Gold Line,"5,751",
1086,1086,5/3/2023,SRT,"65,396",
1087,1087,5/3/2023,ARL,"43,662",
1088,1088,5/3/2023,Red Line,"14,747",
1089,1089,5/3/2023,MRT Blue Line,"247,233",
1090,1090,5/3/2023,MRT Purple Line,"24,342",
1091,1091,5/3/2023,BTS Green Line,"511,763",
1092,1092,5/3/2023,BTS Gold Line,"5,808",
1093,1093,6/3/2023,SRT,"72,991",
1094,1094,6/3/2023,ARL,"42,089",
1095,1095,6/3/2023,Red Line,"13,559",
1096,1096,6/3/2023,MRT Blue Line,"214,251",
1097,1097,6/3/2023,MRT Purple Line,"22,881",
1098,1098,6/3/2023,BTS Green Line,"443,069",
1099,1099,6/3/2023,BTS Gold Line,"5,030",
1100,1100,7/3/2023,SRT,"64,899",
1101,1101,7/3/2023,ARL,"66,364",
1102,1102,7/3/2023,Red Line,"22,872",
1103,1103,7/3/2023,MRT Blue Line,"388,494",
1104,1104,7/3/2023,MRT Purple Line,"46,022",
1105,1105,7/3/2023,BTS Green Line,"763,804",
1106,1106,7/3/2023,BTS Gold Line,"4,031",
1107,1107,8/3/2023,SRT,"57,907",
1108,1108,8/3/2023,ARL,"65,561",
1109,1109,8/3/2023,Red Line,"22,222",
1110,1110,8/3/2023,MRT Blue Line,"398,617",
1111,1111,8/3/2023,MRT Purple Line,"47,543",
1112,1112,8/3/2023,BTS Green Line,"762,652",
1113,1113,8/3/2023,BTS Gold Line,"4,528",
1114,1114,9/3/2023,SRT,"57,931",
1115,1115,9/3/2023,ARL,"64,816",
1116,1116,9/3/2023,Red Line,"21,910",
1117,1117,9/3/2023,MRT Blue Line,"388,735",
1118,1118,9/3/2023,MRT Purple Line,"45,998",
1119,1119,9/3/2023,BTS Green Line,"764,576",
1120,1120,9/3/2023,BTS Gold Line,"5,164",
1121,1121,10/3/2023,SRT,"69,264",
1122,1122,10/3/2023,ARL,"67,604",
1123,1123,10/3/2023,Red Line,"23,877",
1124,1124,10/3/2023,MRT Blue Line,"398,123",
1125,1125,10/3/2023,MRT Purple Line,"46,539",
1126,1126,10/3/2023,BTS Green Line,"801,266",
1127,1127,10/3/2023,BTS Gold Line,"5,625",
1128,1128,11/3/2023,SRT,"63,227",
1129,1129,11/3/2023,ARL,"55,724",
1130,1130,11/3/2023,Red Line,"15,256",
1131,1131,11/3/2023,MRT Blue Line,"270,653",
1132,1132,11/3/2023,MRT Purple Line,"27,045",
1133,1133,11/3/2023,BTS Green Line,"582,343",
1134,1134,11/3/2023,BTS Gold Line,"5,559",
1135,1135,12/3/2023,SRT,"65,207",
1136,1136,12/3/2023,ARL,"45,509",
1137,1137,12/3/2023,Red Line,"14,038",
1138,1138,12/3/2023,MRT Blue Line,"217,163",
1139,1139,12/3/2023,MRT Purple Line,"21,113",
1140,1140,12/3/2023,BTS Green Line,"497,787",
1141,1141,12/3/2023,BTS Gold Line,"5,208",
1142,1142,13/3/2023,SRT,"62,128",
1143,1143,13/3/2023,ARL,"64,428",
1144,1144,13/3/2023,Red Line,"21,797",
1145,1145,13/3/2023,MRT Blue Line,"384,789",
1146,1146,13/3/2023,MRT Purple Line,"45,969",
1147,1147,13/3/2023,BTS Green Line,"729,661",
1148,1148,13/3/2023,BTS Gold Line,"4,337",
1149,1149,14/3/2023,SRT,"58,650",
1150,1150,14/3/2023,ARL,"63,713",
1151,1151,14/3/2023,Red Line,"21,472",
1152,1152,14/3/2023,MRT Blue Line,"386,529",
1153,1153,14/3/2023,MRT Purple Line,"44,423",
1154,1154,14/3/2023,BTS Green Line,"748,620",
1155,1155,14/3/2023,BTS Gold Line,"4,462",
1156,1156,15/3/2023,SRT,"57,920",
1157,1157,15/3/2023,ARL,"64,865",
1158,1158,15/3/2023,Red Line,"21,075",
1159,1159,15/3/2023,MRT Blue Line,"386,499",
1160,1160,15/3/2023,MRT Purple Line,"44,781",
1161,1161,15/3/2023,BTS Green Line,"759,347",
1162,1162,15/3/2023,BTS Gold Line,"4,350",
1163,1163,16/3/2023,SRT,"59,730",
1164,1164,16/3/2023,ARL,"64,574",
1165,1165,16/3/2023,Red Line,"20,986",
1166,1166,16/3/2023,MRT Blue Line,"381,137",
1167,1167,16/3/2023,MRT Purple Line,"45,002",
1168,1168,16/3/2023,BTS Green Line,"746,403",
1169,1169,16/3/2023,BTS Gold Line,"4,699",
1170,1170,17/3/2023,SRT,"70,370",
1171,1171,17/3/2023,ARL,"68,509",
1172,1172,17/3/2023,Red Line,"23,043",
1173,1173,17/3/2023,MRT Blue Line,"389,452",
1174,1174,17/3/2023,MRT Purple Line,"45,304",
1175,1175,17/3/2023,BTS Green Line,"781,130",
1176,1176,17/3/2023,BTS Gold Line,"6,292",
1177,1177,18/3/2023,SRT,"65,824",
1178,1178,18/3/2023,ARL,"50,173",
1179,1179,18/3/2023,Red Line,"14,649",
1180,1180,18/3/2023,MRT Blue Line,"268,799",
1181,1181,18/3/2023,MRT Purple Line,"27,278",
1182,1182,18/3/2023,BTS Green Line,"574,915",
1183,1183,18/3/2023,BTS Gold Line,"6,228",
1184,1184,19/3/2023,SRT,"69,825",
1185,1185,19/3/2023,ARL,"46,108",
1186,1186,19/3/2023,Red Line,"13,420",
1187,1187,19/3/2023,MRT Blue Line,"215,678",
1188,1188,19/3/2023,MRT Purple Line,"21,341",
1189,1189,19/3/2023,BTS Green Line,"491,397",
1190,1190,19/3/2023,BTS Gold Line,"5,146",
1191,1191,20/3/2023,SRT,"68,934",
1192,1192,20/3/2023,ARL,"65,729",
1193,1193,20/3/2023,Red Line,"20,961",
1194,1194,20/3/2023,MRT Blue Line,"366,004",
1195,1195,20/3/2023,MRT Purple Line,"45,231",
1196,1196,20/3/2023,BTS Green Line,"713,802",
1197,1197,20/3/2023,BTS Gold Line,"4,566",
1198,1198,21/3/2023,SRT,"63,450",
1199,1199,21/3/2023,ARL,"64,912",
1200,1200,21/3/2023,Red Line,"20,727",
1201,1201,21/3/2023,MRT Blue Line,"381,699",
1202,1202,21/3/2023,MRT Purple Line,"44,115",
1203,1203,21/3/2023,BTS Green Line,"747,903",
1204,1204,21/3/2023,BTS Gold Line,"4,335",
1205,1205,22/3/2023,SRT,"61,792",
1206,1206,22/3/2023,ARL,"64,781",
1207,1207,22/3/2023,Red Line,"20,820",
1208,1208,22/3/2023,MRT Blue Line,"386,820",
1209,1209,22/3/2023,MRT Purple Line,"44,001",
1210,1210,22/3/2023,BTS Green Line,"748,930",
1211,1211,22/3/2023,BTS Gold Line,"4,469",
1212,1212,23/3/2023,SRT,"60,020",
1213,1213,23/3/2023,ARL,"64,648",
1214,1214,23/3/2023,Red Line,"20,884",
1215,1215,23/3/2023,MRT Blue Line,"382,388",
1216,1216,23/3/2023,MRT Purple Line,"44,272",
1217,1217,23/3/2023,BTS Green Line,"741,021",
1218,1218,23/3/2023,BTS Gold Line,"4,885",
1219,1219,24/3/2023,SRT,"68,146",
1220,1220,24/3/2023,ARL,"67,666",
1221,1221,24/3/2023,Red Line,"22,756",
1222,1222,24/3/2023,MRT Blue Line,"385,318",
1223,1223,24/3/2023,MRT Purple Line,"42,893",
1224,1224,24/3/2023,BTS Green Line,"798,553",
1225,1225,24/3/2023,BTS Gold Line,"5,711",
1226,1226,25/3/2023,SRT,"62,934",
1227,1227,25/3/2023,ARL,"50,625",
1228,1228,25/3/2023,Red Line,"15,883",
1229,1229,25/3/2023,MRT Blue Line,"265,946",
1230,1230,25/3/2023,MRT Purple Line,"27,021",
1231,1231,25/3/2023,BTS Green Line,"594,728",
1232,1232,25/3/2023,BTS Gold Line,"6,811",
1233,1233,26/3/2023,SRT,"67,748",
1234,1234,26/3/2023,ARL,"43,707",
1235,1235,26/3/2023,Red Line,"14,577",
1236,1236,26/3/2023,MRT Blue Line,"213,389",
1237,1237,26/3/2023,MRT Purple Line,"21,419",
1238,1238,26/3/2023,BTS Green Line,"496,181",
1239,1239,26/3/2023,BTS Gold Line,"5,386",
1240,1240,27/3/2023,SRT,"63,046",
1241,1241,27/3/2023,ARL,"63,787",
1242,1242,27/3/2023,Red Line,"21,228",
1243,1243,27/3/2023,MRT Blue Line,"370,337",
1244,1244,27/3/2023,MRT Purple Line,"44,028",
1245,1245,27/3/2023,BTS Green Line,"721,286",
1246,1246,27/3/2023,BTS Gold Line,"4,899",
1247,1247,28/3/2023,SRT,"59,880",
1248,1248,28/3/2023,ARL,"66,397",
1249,1249,28/3/2023,Red Line,"21,343",
1250,1250,28/3/2023,MRT Blue Line,"386,351",
1251,1251,28/3/2023,MRT Purple Line,"43,680",
1252,1252,28/3/2023,BTS Green Line,"750,699",
1253,1253,28/3/2023,BTS Gold Line,"4,366",
1254,1254,29/3/2023,SRT,"57,482",
1255,1255,29/3/2023,ARL,"65,127",
1256,1256,29/3/2023,Red Line,"21,382",
1257,1257,29/3/2023,MRT Blue Line,"393,078",
1258,1258,29/3/2023,MRT Purple Line,"44,416",
1259,1259,29/3/2023,BTS Green Line,"759,127",
1260,1260,29/3/2023,BTS Gold Line,"4,692",
1261,1261,30/3/2023,SRT,"60,515",
1262,1262,30/3/2023,ARL,"66,428",
1263,1263,30/3/2023,Red Line,"22,371",
1264,1264,30/3/2023,MRT Blue Line,"398,385",
1265,1265,30/3/2023,MRT Purple Line,"43,918",
1266,1266,30/3/2023,BTS Green Line,"769,978",
1267,1267,30/3/2023,BTS Gold Line,"4,725",
1268,1268,31/3/2023,SRT,"67,900",
1269,1269,31/3/2023,ARL,"71,102",
1270,1270,31/3/2023,Red Line,"25,225",
1271,1271,31/3/2023,MRT Blue Line,"435,516",
1272,1272,31/3/2023,MRT Purple Line,"46,267",
1273,1273,31/3/2023,BTS Green Line,"850,098",
1274,1274,31/3/2023,BTS Gold Line,"6,614",
1275,1275,1/4/2023,SRT,"66,530",
1276,1276,1/4/2023,ARL,"56,979",
1277,1277,1/4/2023,Red Line,"18,516",
1278,1278,1/4/2023,MRT Blue Line,"313,002",
1279,1279,1/4/2023,MRT Purple Line,"27,962",
1280,1280,1/4/2023,BTS Green Line,"675,079",
1281,1281,1/4/2023,BTS Gold Line,"7,419",
1282,1282,2/4/2023,SRT,"71,422",
1283,1283,2/4/2023,ARL,"50,760",
1284,1284,2/4/2023,Red Line,"16,248",
1285,1285,2/4/2023,MRT Blue Line,"253,094",
1286,1286,2/4/2023,MRT Purple Line,"21,875",
1287,1287,2/4/2023,BTS Green Line,"562,628",
1288,1288,2/4/2023,BTS Gold Line,"6,257",
1289,1289,3/4/2023,SRT,"70,355",
1290,1290,3/4/2023,ARL,"68,208",
1291,1291,3/4/2023,Red Line,"24,588",
1292,1292,3/4/2023,MRT Blue Line,"384,149",
1293,1293,3/4/2023,MRT Purple Line,"44,293",
1294,1294,3/4/2023,BTS Green Line,"763,641",
1295,1295,3/4/2023,BTS Gold Line,"5,618",
1296,1296,4/4/2023,SRT,"65,197",
1297,1297,4/4/2023,ARL,"66,404",
1298,1298,4/4/2023,Red Line,"22,986",
1299,1299,4/4/2023,MRT Blue Line,"436,567",
1300,1300,4/4/2023,MRT Purple Line,"47,494",
1301,1301,4/4/2023,BTS Green Line,"769,656",
1302,1302,4/4/2023,BTS Gold Line,"5,088",
1303,1303,5/4/2023,SRT,"65,069",
1304,1304,5/4/2023,ARL,"67,637",
1305,1305,5/4/2023,Red Line,"23,045",
1306,1306,5/4/2023,MRT Blue Line,"432,689",
1307,1307,5/4/2023,MRT Purple Line,"46,903",
1308,1308,5/4/2023,BTS Green Line,"792,401",
1309,1309,5/4/2023,BTS Gold Line,"5,609",
1310,1310,6/4/2023,SRT,"60,856",
1311,1311,6/4/2023,ARL,"44,348",
1312,1312,6/4/2023,Red Line,"14,330",
1313,1313,6/4/2023,MRT Blue Line,"288,435",
1314,1314,6/4/2023,MRT Purple Line,"25,955",
1315,1315,6/4/2023,BTS Green Line,"486,945",
1316,1316,6/4/2023,BTS Gold Line,"6,571",
1317,1317,7/4/2023,SRT,"67,577",
1318,1318,7/4/2023,ARL,"62,885",
1319,1319,7/4/2023,Red Line,"21,675",
1320,1320,7/4/2023,MRT Blue Line,"442,932",
1321,1321,7/4/2023,MRT Purple Line,"48,297",
1322,1322,7/4/2023,BTS Green Line,"725,391",
1323,1323,7/4/2023,BTS Gold Line,"6,160",
1324,1324,8/4/2023,SRT,"64,504",
1325,1325,8/4/2023,ARL,"46,877",
1326,1326,8/4/2023,Red Line,"14,905",
1327,1327,8/4/2023,MRT Blue Line,"324,165",
1328,1328,8/4/2023,MRT Purple Line,"29,713",
1329,1329,8/4/2023,BTS Green Line,"531,628",
1330,1330,8/4/2023,BTS Gold Line,"6,670",
1331,1331,9/4/2023,SRT,"68,163",
1332,1332,9/4/2023,ARL,"42,347",
1333,1333,9/4/2023,Red Line,"13,521",
1334,1334,9/4/2023,MRT Blue Line,"264,258",
1335,1335,9/4/2023,MRT Purple Line,"23,571",
1336,1336,9/4/2023,BTS Green Line,"455,811",
1337,1337,9/4/2023,BTS Gold Line,"5,574",
1338,1338,10/4/2023,SRT,"71,677",
1339,1339,10/4/2023,ARL,"58,209",
1340,1340,10/4/2023,Red Line,"19,284",
1341,1341,10/4/2023,MRT Blue Line,"368,131",
1342,1342,10/4/2023,MRT Purple Line,"43,549",
1343,1343,10/4/2023,BTS Green Line,"661,265",
1344,1344,10/4/2023,BTS Gold Line,"5,193",
1345,1345,11/4/2023,SRT,"72,564",
1346,1346,11/4/2023,ARL,"57,293",
1347,1347,11/4/2023,Red Line,"18,985",
1348,1348,11/4/2023,MRT Blue Line,"332,477",
1349,1349,11/4/2023,MRT Purple Line,"38,984",
1350,1350,11/4/2023,BTS Green Line,"653,034",
1351,1351,11/4/2023,BTS Gold Line,"5,270",
1352,1352,12/4/2023,SRT,"81,377",
1353,1353,12/4/2023,ARL,"54,709",
1354,1354,12/4/2023,Red Line,"18,639",
1355,1355,12/4/2023,MRT Blue Line,"308,078",
1356,1356,12/4/2023,MRT Purple Line,"35,111",
1357,1357,12/4/2023,BTS Green Line,"613,554",
1358,1358,12/4/2023,BTS Gold Line,"6,871",
1359,1359,13/4/2023,SRT,"66,299",
1360,1360,13/4/2023,ARL,"43,220",
1361,1361,13/4/2023,Red Line,"12,280",
1362,1362,13/4/2023,MRT Blue Line,"176,818",
1363,1363,13/4/2023,MRT Purple Line,"16,996",
1364,1364,13/4/2023,BTS Green Line,"457,065",
1365,1365,13/4/2023,BTS Gold Line,"12,393",
1366,1366,14/4/2023,SRT,"63,602",
1367,1367,14/4/2023,ARL,"41,981",
1368,1368,14/4/2023,Red Line,"11,992",
1369,1369,14/4/2023,MRT Blue Line,"176,455",
1370,1370,14/4/2023,MRT Purple Line,"15,997",
1371,1371,14/4/2023,BTS Green Line,"485,980",
1372,1372,14/4/2023,BTS Gold Line,"11,366",
1373,1373,15/4/2023,SRT,"61,849",
1374,1374,15/4/2023,ARL,"44,180",
1375,1375,15/4/2023,Red Line,"12,368",
1376,1376,15/4/2023,MRT Blue Line,"184,666",
1377,1377,15/4/2023,MRT Purple Line,"17,195",
1378,1378,15/4/2023,BTS Green Line,"518,027",
1379,1379,15/4/2023,BTS Gold Line,"10,538",
1380,1380,16/4/2023,SRT,"66,964",
1381,1381,16/4/2023,ARL,"36,277",
1382,1382,16/4/2023,Red Line,"11,449",
1383,1383,16/4/2023,MRT Blue Line,"157,906",
1384,1384,16/4/2023,MRT Purple Line,"16,522",
1385,1385,16/4/2023,BTS Green Line,"375,234",
1386,1386,16/4/2023,BTS Gold Line,"6,330",
1387,1387,17/4/2023,SRT,"71,526",
1388,1388,17/4/2023,ARL,"49,077",
1389,1389,17/4/2023,Red Line,"14,753",
1390,1390,17/4/2023,MRT Blue Line,"268,440",
1391,1391,17/4/2023,MRT Purple Line,"28,439",
1392,1392,17/4/2023,BTS Green Line,"508,594",
1393,1393,17/4/2023,BTS Gold Line,"5,762",
1394,1394,18/4/2023,SRT,"69,358",
1395,1395,18/4/2023,ARL,"59,843",
1396,1396,18/4/2023,Red Line,"19,202",
1397,1397,18/4/2023,MRT Blue Line,"371,141",
1398,1398,18/4/2023,MRT Purple Line,"43,327",
1399,1399,18/4/2023,BTS Green Line,"666,289",
1400,1400,18/4/2023,BTS Gold Line,"4,116",
1401,1401,19/4/2023,SRT,"66,168",
1402,1402,19/4/2023,ARL,"60,898",
1403,1403,19/4/2023,Red Line,"20,707",
1404,1404,19/4/2023,MRT Blue Line,"350,667",
1405,1405,19/4/2023,MRT Purple Line,"41,763",
1406,1406,19/4/2023,BTS Green Line,"683,613",
1407,1407,19/4/2023,BTS Gold Line,"4,012",
1408,1408,20/4/2023,SRT,"65,764",
1409,1409,20/4/2023,ARL,"61,022",
1410,1410,20/4/2023,Red Line,"19,321",
1411,1411,20/4/2023,MRT Blue Line,"356,350",
1412,1412,20/4/2023,MRT Purple Line,"42,069",
1413,1413,20/4/2023,BTS Green Line,"693,468",
1414,1414,20/4/2023,BTS Gold Line,"5,095",
1415,1415,21/4/2023,SRT,"62,411",
1416,1416,21/4/2023,ARL,"62,079",
1417,1417,21/4/2023,Red Line,"20,716",
1418,1418,21/4/2023,MRT Blue Line,"368,909",
1419,1419,21/4/2023,MRT Purple Line,"43,910",
1420,1420,21/4/2023,BTS Green Line,"718,678",
1421,1421,21/4/2023,BTS Gold Line,"5,682",
1422,1422,22/4/2023,SRT,"54,771",
1423,1423,22/4/2023,ARL,"44,881",
1424,1424,22/4/2023,Red Line,"13,399",
1425,1425,22/4/2023,MRT Blue Line,"253,165",
1426,1426,22/4/2023,MRT Purple Line,"27,630",
1427,1427,22/4/2023,BTS Green Line,"533,664",
1428,1428,22/4/2023,BTS Gold Line,"6,994",
1429,1429,23/4/2023,SRT,"62,544",
1430,1430,23/4/2023,ARL,"40,664",
1431,1431,23/4/2023,Red Line,"12,006",
1432,1432,23/4/2023,MRT Blue Line,"210,639",
1433,1433,23/4/2023,MRT Purple Line,"21,916",
1434,1434,23/4/2023,BTS Green Line,"454,618",
1435,1435,23/4/2023,BTS Gold Line,"6,195",
1436,1436,24/4/2023,SRT,"64,854",
1437,1437,24/4/2023,ARL,"61,992",
1438,1438,24/4/2023,Red Line,"20,500",
1439,1439,24/4/2023,MRT Blue Line,"331,673",
1440,1440,24/4/2023,MRT Purple Line,"40,158",
1441,1441,24/4/2023,BTS Green Line,"694,430",
1442,1442,24/4/2023,BTS Gold Line,"5,286",
1443,1443,25/4/2023,SRT,"62,425",
1444,1444,25/4/2023,ARL,"63,977",
1445,1445,25/4/2023,Red Line,"20,315",
1446,1446,25/4/2023,MRT Blue Line,"368,572",
1447,1447,25/4/2023,MRT Purple Line,"43,515",
1448,1448,25/4/2023,BTS Green Line,"730,924",
1449,1449,25/4/2023,BTS Gold Line,"5,355",
1450,1450,26/4/2023,SRT,"59,735",
1451,1451,26/4/2023,ARL,"62,905",
1452,1452,26/4/2023,Red Line,"20,544",
1453,1453,26/4/2023,MRT Blue Line,"362,455",
1454,1454,26/4/2023,MRT Purple Line,"41,191",
1455,1455,26/4/2023,BTS Green Line,"724,278",
1456,1456,26/4/2023,BTS Gold Line,"5,782",
1457,1457,27/4/2023,SRT,"60,007",
1458,1458,27/4/2023,ARL,"65,250",
1459,1459,27/4/2023,Red Line,"19,445",
1460,1460,27/4/2023,MRT Blue Line,"367,042",
1461,1461,27/4/2023,MRT Purple Line,"42,502",
1462,1462,27/4/2023,BTS Green Line,"722,297",
1463,1463,27/4/2023,BTS Gold Line,"5,305",
1464,1464,28/4/2023,SRT,"67,085",
1465,1465,28/4/2023,ARL,"69,803",
1466,1466,28/4/2023,Red Line,"23,064",
1467,1467,28/4/2023,MRT Blue Line,"393,889",
1468,1468,28/4/2023,MRT Purple Line,"44,378",
1469,1469,28/4/2023,BTS Green Line,"777,307",
1470,1470,28/4/2023,BTS Gold Line,"6,447",
1471,1471,29/4/2023,SRT,"64,858",
1472,1472,29/4/2023,ARL,"50,067",
1473,1473,29/4/2023,Red Line,"15,286",
1474,1474,29/4/2023,MRT Blue Line,"270,308",
1475,1475,29/4/2023,MRT Purple Line,"27,924",
1476,1476,29/4/2023,BTS Green Line,"589,230",
1477,1477,29/4/2023,BTS Gold Line,"8,863",
1478,1478,30/4/2023,SRT,"68,454",
1479,1479,30/4/2023,ARL,"42,868",
1480,1480,30/4/2023,Red Line,"13,197",
1481,1481,30/4/2023,MRT Blue Line,"218,567",
1482,1482,30/4/2023,MRT Purple Line,"22,147",
1483,1483,30/4/2023,BTS Green Line,"501,884",
1484,1484,30/4/2023,BTS Gold Line,"7,885",
1485,1485,1/5/2023,SRT,"73,719",
1486,1486,1/5/2023,ARL,"47,160",
1487,1487,1/5/2023,Red Line,"15,033",
1488,1488,1/5/2023,MRT Blue Line,"207,475",
1489,1489,1/5/2023,MRT Purple Line,"23,741",
1490,1490,1/5/2023,BTS Green Line,"528,565",
1491,1491,1/5/2023,BTS Gold Line,"7,093",
1492,1492,2/5/2023,SRT,"66,590",
1493,1493,2/5/2023,ARL,"64,321",
1494,1494,2/5/2023,Red Line,"20,440",
1495,1495,2/5/2023,MRT Blue Line,"333,494",
1496,1496,2/5/2023,MRT Purple Line,"40,549",
1497,1497,2/5/2023,BTS Green Line,"734,256",
1498,1498,2/5/2023,BTS Gold Line,"6,082",
1499,1499,3/5/2023,SRT,"68,442",
1500,1500,3/5/2023,ARL,"67,007",
1501,1501,3/5/2023,Red Line,"21,593",
1502,1502,3/5/2023,MRT Blue Line,"378,867",
1503,1503,3/5/2023,MRT Purple Line,"44,930",
1504,1504,3/5/2023,BTS Green Line,"763,060",
1505,1505,3/5/2023,BTS Gold Line,"5,658",
1506,1506,4/5/2023,SRT,"62,301",
1507,1507,4/5/2023,ARL,"45,522",
1508,1508,4/5/2023,Red Line,"12,647",
1509,1509,4/5/2023,MRT Blue Line,"213,179",
1510,1510,4/5/2023,MRT Purple Line,"25,663",
1511,1511,4/5/2023,BTS Green Line,"495,824",
1512,1512,4/5/2023,BTS Gold Line,"8,392",
1513,1513,5/5/2023,SRT,"60,572",
1514,1514,5/5/2023,ARL,"52,013",
1515,1515,5/5/2023,Red Line,"15,035",
1516,1516,5/5/2023,MRT Blue Line,"274,324",
1517,1517,5/5/2023,MRT Purple Line,"29,443",
1518,1518,5/5/2023,BTS Green Line,"599,570",
1519,1519,5/5/2023,BTS Gold Line,"7,833",
1520,1520,6/5/2023,SRT,"62,599",
1521,1521,6/5/2023,ARL,"45,916",
1522,1522,6/5/2023,Red Line,"12,845",
1523,1523,6/5/2023,MRT Blue Line,"240,499",
1524,1524,6/5/2023,MRT Purple Line,"25,371",
1525,1525,6/5/2023,BTS Green Line,"522,279",
1526,1526,6/5/2023,BTS Gold Line,"7,343",
1527,1527,7/5/2023,SRT,"66,686",
1528,1528,7/5/2023,ARL,"44,994",
1529,1529,7/5/2023,Red Line,"13,677",
1530,1530,7/5/2023,MRT Blue Line,"225,181",
1531,1531,7/5/2023,MRT Purple Line,"36,414",
1532,1532,7/5/2023,BTS Green Line,"576,412",
1533,1533,7/5/2023,BTS Gold Line,"6,107",
1534,1534,8/5/2023,SRT,"63,980",
1535,1535,8/5/2023,ARL,"61,971",
1536,1536,8/5/2023,Red Line,"20,005",
1537,1537,8/5/2023,MRT Blue Line,"383,380",
1538,1538,8/5/2023,MRT Purple Line,"45,125",
1539,1539,8/5/2023,BTS Green Line,"667,693",
1540,1540,8/5/2023,BTS Gold Line,"4,427",
1541,1541,9/5/2023,SRT,"59,226",
1542,1542,9/5/2023,ARL,"60,625",
1543,1543,9/5/2023,Red Line,"19,672",
1544,1544,9/5/2023,MRT Blue Line,"368,403",
1545,1545,9/5/2023,MRT Purple Line,"43,749",
1546,1546,9/5/2023,BTS Green Line,"706,092",
1547,1547,9/5/2023,BTS Gold Line,"5,203",
1548,1548,10/5/2023,SRT,"60,535",
1549,1549,10/5/2023,ARL,"60,428",
1550,1550,10/5/2023,Red Line,"19,897",
1551,1551,10/5/2023,MRT Blue Line,"362,270",
1552,1552,10/5/2023,MRT Purple Line,"43,914",
1553,1553,10/5/2023,BTS Green Line,"709,948",
1554,1554,10/5/2023,BTS Gold Line,"4,275",
1555,1555,11/5/2023,SRT,"61,963",
1556,1556,11/5/2023,ARL,"59,928",
1557,1557,11/5/2023,Red Line,"19,107",
1558,1558,11/5/2023,MRT Blue Line,"359,407",
1559,1559,11/5/2023,MRT Purple Line,"43,304",
1560,1560,11/5/2023,BTS Green Line,"688,464",
1561,1561,11/5/2023,BTS Gold Line,"4,521",
1562,1562,12/5/2023,SRT,"72,949",
1563,1563,12/5/2023,ARL,"63,393",
1564,1564,12/5/2023,Red Line,"21,144",
1565,1565,12/5/2023,MRT Blue Line,"358,863",
1566,1566,12/5/2023,MRT Purple Line,"42,690",
1567,1567,12/5/2023,BTS Green Line,"739,344",
1568,1568,12/5/2023,BTS Gold Line,"5,597",
1569,1569,13/5/2023,SRT,"82,617",
1570,1570,13/5/2023,ARL,"43,786",
1571,1571,13/5/2023,Red Line,"13,159",
1572,1572,13/5/2023,MRT Blue Line,"245,802",
1573,1573,13/5/2023,MRT Purple Line,"26,567",
1574,1574,13/5/2023,BTS Green Line,"508,856",
1575,1575,13/5/2023,BTS Gold Line,"5,584",
1576,1576,14/5/2023,SRT,"87,812",
1577,1577,14/5/2023,ARL,"41,180",
1578,1578,14/5/2023,Red Line,"14,082",
1579,1579,14/5/2023,MRT Blue Line,"204,488",
1580,1580,14/5/2023,MRT Purple Line,"27,143",
1581,1581,14/5/2023,BTS Green Line,"450,090",
1582,1582,14/5/2023,BTS Gold Line,"5,244",
1583,1583,15/5/2023,SRT,"74,851",
1584,1584,15/5/2023,ARL,"60,495",
1585,1585,15/5/2023,Red Line,"19,521",
1586,1586,15/5/2023,MRT Blue Line,"384,596",
1587,1587,15/5/2023,MRT Purple Line,"46,690",
1588,1588,15/5/2023,BTS Green Line,"685,324",
1589,1589,15/5/2023,BTS Gold Line,"3,905",
1590,1590,16/5/2023,SRT,"65,895",
1591,1591,16/5/2023,ARL,"61,566",
1592,1592,16/5/2023,Red Line,"19,517",
1593,1593,16/5/2023,MRT Blue Line,"374,056",
1594,1594,16/5/2023,MRT Purple Line,"45,098",
1595,1595,16/5/2023,BTS Green Line,"730,124",
1596,1596,16/5/2023,BTS Gold Line,"4,868",
1597,1597,17/5/2023,SRT,"51,892",
1598,1598,17/5/2023,ARL,"55,952",
1599,1599,17/5/2023,Red Line,"15,684",
1600,1600,17/5/2023,MRT Blue Line,"274,626",
1601,1601,17/5/2023,MRT Purple Line,"29,255",
1602,1602,17/5/2023,BTS Green Line,"642,295",
1603,1603,17/5/2023,BTS Gold Line,"4,665",
1604,1604,18/5/2023,SRT,"58,686",
1605,1605,18/5/2023,ARL,"63,007",
1606,1606,18/5/2023,Red Line,"19,520",
1607,1607,18/5/2023,MRT Blue Line,"377,276",
1608,1608,18/5/2023,MRT Purple Line,"45,284",
1609,1609,18/5/2023,BTS Green Line,"732,047",
1610,1610,18/5/2023,BTS Gold Line,"4,911",
1611,1611,19/5/2023,SRT,"63,672",
1612,1612,19/5/2023,ARL,"63,669",
1613,1613,19/5/2023,Red Line,"20,118",
1614,1614,19/5/2023,MRT Blue Line,"399,817",
1615,1615,19/5/2023,MRT Purple Line,"48,281",
1616,1616,19/5/2023,BTS Green Line,"764,228",
1617,1617,19/5/2023,BTS Gold Line,"5,984",
1618,1618,20/5/2023,SRT,"55,793",
1619,1619,20/5/2023,ARL,"46,811",
1620,1620,20/5/2023,Red Line,"12,819",
1621,1621,20/5/2023,MRT Blue Line,"271,799",
1622,1622,20/5/2023,MRT Purple Line,"28,398",
1623,1623,20/5/2023,BTS Green Line,"552,169",
1624,1624,20/5/2023,BTS Gold Line,"6,340",
1625,1625,21/5/2023,SRT,"57,511",
1626,1626,21/5/2023,ARL,"40,937",
1627,1627,21/5/2023,Red Line,"11,487",
1628,1628,21/5/2023,MRT Blue Line,"220,501",
1629,1629,21/5/2023,MRT Purple Line,"22,858",
1630,1630,21/5/2023,BTS Green Line,"448,591",
1631,1631,21/5/2023,BTS Gold Line,"5,506",
1632,1632,22/5/2023,SRT,"59,835",
1633,1633,22/5/2023,ARL,"61,893",
1634,1634,22/5/2023,Red Line,"19,871",
1635,1635,22/5/2023,MRT Blue Line,"379,606",
1636,1636,22/5/2023,MRT Purple Line,"46,632",
1637,1637,22/5/2023,BTS Green Line,"707,308",
1638,1638,22/5/2023,BTS Gold Line,"3,515",
1639,1639,23/5/2023,SRT,"55,603",
1640,1640,23/5/2023,ARL,"61,205",
1641,1641,23/5/2023,Red Line,"19,883",
1642,1642,23/5/2023,MRT Blue Line,"367,120",
1643,1643,23/5/2023,MRT Purple Line,"45,821",
1644,1644,23/5/2023,BTS Green Line,"728,826",
1645,1645,23/5/2023,BTS Gold Line,"4,484",
1646,1646,24/5/2023,SRT,"54,406",
1647,1647,24/5/2023,ARL,"62,056",
1648,1648,24/5/2023,Red Line,"19,687",
1649,1649,24/5/2023,MRT Blue Line,"373,086",
1650,1650,24/5/2023,MRT Purple Line,"45,267",
1651,1651,24/5/2023,BTS Green Line,"738,275",
1652,1652,24/5/2023,BTS Gold Line,"4,609",
1653,1653,25/5/2023,SRT,"56,158",
1654,1654,25/5/2023,ARL,"63,214",
1655,1655,25/5/2023,Red Line,"19,952",
1656,1656,25/5/2023,MRT Blue Line,"371,344",
1657,1657,25/5/2023,MRT Purple Line,"45,219",
1658,1658,25/5/2023,BTS Green Line,"747,960",
1659,1659,25/5/2023,BTS Gold Line,"5,312",
1660,1660,26/5/2023,SRT,"63,549",
1661,1661,26/5/2023,ARL,"67,643",
1662,1662,26/5/2023,Red Line,"22,564",
1663,1663,26/5/2023,MRT Blue Line,"392,639",
1664,1664,26/5/2023,MRT Purple Line,"45,945",
1665,1665,26/5/2023,BTS Green Line,"818,511",
1666,1666,26/5/2023,BTS Gold Line,"12,521",
1667,1667,27/5/2023,SRT,"54,508",
1668,1668,27/5/2023,ARL,"60,323",
1669,1669,27/5/2023,Red Line,"14,574",
1670,1670,27/5/2023,MRT Blue Line,"242,839",
1671,1671,27/5/2023,MRT Purple Line,"26,907",
1672,1672,27/5/2023,BTS Green Line,"596,491",
1673,1673,27/5/2023,BTS Gold Line,"7,921",
1674,1674,28/5/2023,SRT,"55,247",
1675,1675,28/5/2023,ARL,"53,861",
1676,1676,28/5/2023,Red Line,"13,695",
1677,1677,28/5/2023,MRT Blue Line,"200,024",
1678,1678,28/5/2023,MRT Purple Line,"21,656",
1679,1679,28/5/2023,BTS Green Line,"489,095",
1680,1680,28/5/2023,BTS Gold Line,"7,605",
1681,1681,29/5/2023,SRT,"59,584",
1682,1682,29/5/2023,ARL,"64,715",
1683,1683,29/5/2023,Red Line,"21,513",
1684,1684,29/5/2023,MRT Blue Line,"368,575",
1685,1685,29/5/2023,MRT Purple Line,"44,559",
1686,1686,29/5/2023,BTS Green Line,"750,497",
1687,1687,29/5/2023,BTS Gold Line,"7,345",
1688,1688,30/5/2023,SRT,"56,090",
1689,1689,30/5/2023,ARL,"64,385",
1690,1690,30/5/2023,Red Line,"21,486",
1691,1691,30/5/2023,MRT Blue Line,"387,776",
1692,1692,30/5/2023,MRT Purple Line,"45,507",
1693,1693,30/5/2023,BTS Green Line,"773,203",
1694,1694,30/5/2023,BTS Gold Line,"5,286",
1695,1695,31/5/2023,SRT,"56,138",
1696,1696,31/5/2023,ARL,"65,395",
1697,1697,31/5/2023,Red Line,"21,321",
1698,1698,31/5/2023,MRT Blue Line,"390,811",
1699,1699,31/5/2023,MRT Purple Line,"49,226",
1700,1700,31/5/2023,BTS Green Line,"781,849",
1701,1701,31/5/2023,BTS Gold Line,"4,933",
1702,1702,1/6/2023,SRT,"61,178",
1703,1703,1/6/2023,ARL,"64,943",
1704,1704,1/6/2023,Red Line,"21,474",
1705,1705,1/6/2023,MRT Blue Line,"391,435",
1706,1706,1/6/2023,MRT Purple Line,"48,398",
1707,1707,1/6/2023,BTS Green Line,"777,197",
1708,1708,1/6/2023,BTS Gold Line,"4,945",
1709,1709,2/6/2023,SRT,"75,932",
1710,1710,2/6/2023,ARL,"69,019",
1711,1711,2/6/2023,Red Line,"23,391",
1712,1712,2/6/2023,MRT Blue Line,"413,818",
1713,1713,2/6/2023,MRT Purple Line,"49,969",
1714,1714,2/6/2023,BTS Green Line,"825,421",
1715,1715,2/6/2023,BTS Gold Line,"6,243",
1716,1716,3/6/2023,SRT,"75,826",
1717,1717,3/6/2023,ARL,"49,332",
1718,1718,3/6/2023,Red Line,"14,367",
1719,1719,3/6/2023,MRT Blue Line,"267,059",
1720,1720,3/6/2023,MRT Purple Line,"28,094",
1721,1721,3/6/2023,MRT Yellow Line,"38,521",
1722,1722,3/6/2023,BTS Green Line,"578,790",
1723,1723,3/6/2023,BTS Gold Line,"7,659",
1724,1724,4/6/2023,SRT,"65,073",
1725,1725,4/6/2023,ARL,"46,188",
1726,1726,4/6/2023,Red Line,"13,263",
1727,1727,4/6/2023,MRT Blue Line,"215,678",
1728,1728,4/6/2023,MRT Purple Line,"22,565",
1729,1729,4/6/2023,MRT Yellow Line,"36,789",
1730,1730,4/6/2023,BTS Green Line,"551,352",
1731,1731,4/6/2023,BTS Gold Line,"6,645",
1732,1732,5/6/2023,SRT,"69,613",
1733,1733,5/6/2023,ARL,"43,716",
1734,1734,5/6/2023,Red Line,"13,089",
1735,1735,5/6/2023,MRT Blue Line,"198,670",
1736,1736,5/6/2023,MRT Purple Line,"20,348",
1737,1737,5/6/2023,MRT Yellow Line,"32,769",
1738,1738,5/6/2023,BTS Green Line,"448,425",
1739,1739,5/6/2023,BTS Gold Line,"5,669",
1740,1740,6/6/2023,SRT,"62,733",
1741,1741,6/6/2023,ARL,"66,500",
1742,1742,6/6/2023,Red Line,"22,892",
1743,1743,6/6/2023,MRT Blue Line,"379,783",
1744,1744,6/6/2023,MRT Purple Line,"47,610",
1745,1745,6/6/2023,MRT Yellow Line,"22,010",
1746,1746,6/6/2023,BTS Green Line,"781,367",
1747,1747,6/6/2023,BTS Gold Line,"5,547",
1748,1748,7/6/2023,SRT,"57,225",
1749,1749,7/6/2023,ARL,"65,071",
1750,1750,7/6/2023,Red Line,"22,874",
1751,1751,7/6/2023,MRT Blue Line,"405,514",
1752,1752,7/6/2023,MRT Purple Line,"50,937",
1753,1753,7/6/2023,MRT Yellow Line,"21,180",
1754,1754,7/6/2023,BTS Green Line,"759,251",
1755,1755,7/6/2023,BTS Gold Line,"5,116",
1756,1756,8/6/2023,SRT,"56,977",
1757,1757,8/6/2023,ARL,"65,034",
1758,1758,8/6/2023,Red Line,"21,567",
1759,1759,8/6/2023,MRT Blue Line,"398,383",
1760,1760,8/6/2023,MRT Purple Line,"48,848",
1761,1761,8/6/2023,MRT Yellow Line,"20,487",
1762,1762,8/6/2023,BTS Green Line,"746,393",
1763,1763,8/6/2023,BTS Gold Line,"5,274",
1764,1764,9/6/2023,SRT,"65,909",
1765,1765,9/6/2023,ARL,"70,412",
1766,1766,9/6/2023,Red Line,"23,543",
1767,1767,9/6/2023,MRT Blue Line,"410,172",
1768,1768,9/6/2023,MRT Purple Line,"50,288",
1769,1769,9/6/2023,MRT Yellow Line,"22,813",
1770,1770,9/6/2023,BTS Green Line,"801,604",
1771,1771,9/6/2023,BTS Gold Line,"6,237",
1772,1772,10/6/2023,SRT,"57,666",
1773,1773,10/6/2023,ARL,"50,700",
1774,1774,10/6/2023,Red Line,"16,054",
1775,1775,10/6/2023,MRT Blue Line,"256,613",
1776,1776,10/6/2023,MRT Purple Line,"26,783",
1777,1777,10/6/2023,MRT Yellow Line,"30,209",
1778,1778,10/6/2023,BTS Green Line,"593,381",
1779,1779,10/6/2023,BTS Gold Line,"6,989",
1780,1780,11/6/2023,SRT,"61,205",
1781,1781,11/6/2023,ARL,"44,663",
1782,1782,11/6/2023,Red Line,"13,883",
1783,1783,11/6/2023,MRT Blue Line,"221,222",
1784,1784,11/6/2023,MRT Purple Line,"21,281",
1785,1785,11/6/2023,MRT Yellow Line,"30,460",
1786,1786,11/6/2023,BTS Green Line,"476,669",
1787,1787,11/6/2023,BTS Gold Line,"5,798",
1788,1788,12/6/2023,SRT,"61,412",
1789,1789,12/6/2023,ARL,"64,302",
1790,1790,12/6/2023,Red Line,"22,914",
1791,1791,12/6/2023,MRT Blue Line,"394,462",
1792,1792,12/6/2023,MRT Purple Line,"51,431",
1793,1793,12/6/2023,MRT Yellow Line,"44,353",
1794,1794,12/6/2023,BTS Green Line,"733,781",
1795,1795,12/6/2023,BTS Gold Line,"5,451",
1796,1796,13/6/2023,SRT,"56,334",
1797,1797,13/6/2023,ARL,"66,056",
1798,1798,13/6/2023,Red Line,"22,163",
1799,1799,13/6/2023,MRT Blue Line,"393,222",
1800,1800,13/6/2023,MRT Purple Line,"49,142",
1801,1801,13/6/2023,MRT Yellow Line,"49,625",
1802,1802,13/6/2023,BTS Green Line,"767,262",
1803,1803,13/6/2023,BTS Gold Line,"5,015",
1804,1804,14/6/2023,SRT,"55,490",
1805,1805,14/6/2023,ARL,"64,222",
1806,1806,14/6/2023,Red Line,"22,597",
1807,1807,14/6/2023,MRT Blue Line,"396,782",
1808,1808,14/6/2023,MRT Purple Line,"49,210",
1809,1809,14/6/2023,MRT Yellow Line,"50,670",
1810,1810,14/6/2023,BTS Green Line,"777,470",
1811,1811,14/6/2023,BTS Gold Line,"4,760",
1812,1812,15/6/2023,SRT,"57,883",
1813,1813,15/6/2023,ARL,"65,304",
1814,1814,15/6/2023,Red Line,"22,342",
1815,1815,15/6/2023,MRT Blue Line,"390,582",
1816,1816,15/6/2023,MRT Purple Line,"48,241",
1817,1817,15/6/2023,MRT Yellow Line,"51,016",
1818,1818,15/6/2023,BTS Green Line,"789,778",
1819,1819,15/6/2023,BTS Gold Line,"5,507",
1820,1820,16/6/2023,SRT,"67,642",
1821,1821,16/6/2023,ARL,"67,960",
1822,1822,16/6/2023,Red Line,"24,991",
1823,1823,16/6/2023,MRT Blue Line,"411,517",
1824,1824,16/6/2023,MRT Purple Line,"49,668",
1825,1825,16/6/2023,MRT Yellow Line,"54,089",
1826,1826,16/6/2023,BTS Green Line,"820,565",
1827,1827,16/6/2023,BTS Gold Line,"6,199",
1828,1828,17/6/2023,SRT,"60,454",
1829,1829,17/6/2023,ARL,"50,025",
1830,1830,17/6/2023,Red Line,"17,085",
1831,1831,17/6/2023,MRT Blue Line,"265,576",
1832,1832,17/6/2023,MRT Purple Line,"29,393",
1833,1833,17/6/2023,MRT Yellow Line,"63,310",
1834,1834,17/6/2023,BTS Green Line,"567,219",
1835,1835,17/6/2023,BTS Gold Line,"7,467",
1836,1836,18/6/2023,SRT,"64,219",
1837,1837,18/6/2023,ARL,"44,338",
1838,1838,18/6/2023,Red Line,"14,632",
1839,1839,18/6/2023,MRT Blue Line,"214,655",
1840,1840,18/6/2023,MRT Purple Line,"23,608",
1841,1841,18/6/2023,MRT Yellow Line,"44,419",
1842,1842,18/6/2023,BTS Green Line,"469,058",
1843,1843,18/6/2023,BTS Gold Line,"5,714",
1844,1844,19/6/2023,SRT,"62,779",
1845,1845,19/6/2023,ARL,"66,200",
1846,1846,19/6/2023,Red Line,"23,167",
1847,1847,19/6/2023,MRT Blue Line,"396,801",
1848,1848,19/6/2023,MRT Purple Line,"47,304",
1849,1849,19/6/2023,MRT Yellow Line,"65,511",
1850,1850,19/6/2023,BTS Green Line,"739,052",
1851,1851,19/6/2023,BTS Gold Line,"5,374",
1852,1852,20/6/2023,SRT,"58,893",
1853,1853,20/6/2023,ARL,"66,591",
1854,1854,20/6/2023,Red Line,"22,573",
1855,1855,20/6/2023,MRT Blue Line,"408,178",
1856,1856,20/6/2023,MRT Purple Line,"50,555",
1857,1857,20/6/2023,MRT Yellow Line,"72,807",
1858,1858,20/6/2023,BTS Green Line,"718,405",
1859,1859,20/6/2023,BTS Gold Line,"5,209",
1860,1860,21/6/2023,SRT,"55,796",
1861,1861,21/6/2023,ARL,"68,357",
1862,1862,21/6/2023,Red Line,"22,544",
1863,1863,21/6/2023,MRT Blue Line,"413,489",
1864,1864,21/6/2023,MRT Purple Line,"50,684",
1865,1865,21/6/2023,MRT Yellow Line,"74,348",
1866,1866,21/6/2023,BTS Green Line,"819,660",
1867,1867,21/6/2023,BTS Gold Line,"5,557",
1868,1868,22/6/2023,SRT,"58,054",
1869,1869,22/6/2023,ARL,"67,182",
1870,1870,22/6/2023,Red Line,"22,643",
1871,1871,22/6/2023,MRT Blue Line,"396,981",
1872,1872,22/6/2023,MRT Purple Line,"48,571",
1873,1873,22/6/2023,MRT Yellow Line,"64,804",
1874,1874,22/6/2023,BTS Green Line,"822,186",
1875,1875,22/6/2023,BTS Gold Line,"5,732",
1876,1876,23/6/2023,SRT,"70,635",
1877,1877,23/6/2023,ARL,"69,778",
1878,1878,23/6/2023,Red Line,"24,823",
1879,1879,23/6/2023,MRT Blue Line,"415,504",
1880,1880,23/6/2023,MRT Purple Line,"49,263",
1881,1881,23/6/2023,MRT Yellow Line,"73,801",
1882,1882,23/6/2023,BTS Green Line,"876,503",
1883,1883,23/6/2023,BTS Gold Line,"7,657",
1884,1884,24/6/2023,SRT,"60,290",
1885,1885,24/6/2023,ARL,"51,709",
1886,1886,24/6/2023,Red Line,"16,150",
1887,1887,24/6/2023,MRT Blue Line,"268,149",
1888,1888,24/6/2023,MRT Purple Line,"28,572",
1889,1889,24/6/2023,MRT Yellow Line,"79,990",
1890,1890,24/6/2023,BTS Green Line,"643,340",
1891,1891,24/6/2023,BTS Gold Line,"7,981",
1892,1892,25/6/2023,SRT,"67,162",
1893,1893,25/6/2023,ARL,"46,162",
1894,1894,25/6/2023,Red Line,"14,014",
1895,1895,25/6/2023,MRT Blue Line,"216,731",
1896,1896,25/6/2023,MRT Purple Line,"22,983",
1897,1897,25/6/2023,MRT Yellow Line,"80,546",
1898,1898,25/6/2023,BTS Green Line,"531,497",
1899,1899,25/6/2023,BTS Gold Line,"6,698",
1900,1900,26/6/2023,SRT,"66,927",
1901,1901,26/6/2023,ARL,"66,772",
1902,1902,26/6/2023,Red Line,"23,853",
1903,1903,26/6/2023,MRT Blue Line,"413,420",
1904,1904,26/6/2023,MRT Purple Line,"52,350",
1905,1905,26/6/2023,MRT Yellow Line,"74,129",
1906,1906,26/6/2023,BTS Green Line,"801,697",
1907,1907,26/6/2023,BTS Gold Line,"5,884",
1908,1908,27/6/2023,SRT,"65,097",
1909,1909,27/6/2023,ARL,"68,205",
1910,1910,27/6/2023,Red Line,"23,132",
1911,1911,27/6/2023,MRT Blue Line,"411,619",
1912,1912,27/6/2023,MRT Purple Line,"52,484",
1913,1913,27/6/2023,MRT Yellow Line,"79,117",
1914,1914,27/6/2023,BTS Green Line,"833,082",
1915,1915,27/6/2023,BTS Gold Line,"6,309",
1916,1916,28/6/2023,SRT,"64,799",
1917,1917,28/6/2023,ARL,"67,718",
1918,1918,28/6/2023,Red Line,"23,363",
1919,1919,28/6/2023,MRT Blue Line,"417,032",
1920,1920,28/6/2023,MRT Purple Line,"52,923",
1921,1921,28/6/2023,MRT Yellow Line,"81,492",
1922,1922,28/6/2023,BTS Green Line,"849,450",
1923,1923,28/6/2023,BTS Gold Line,"7,967",
1924,1924,29/6/2023,SRT,"58,210",
1925,1925,29/6/2023,ARL,"68,127",
1926,1926,29/6/2023,Red Line,"23,550",
1927,1927,29/6/2023,MRT Blue Line,"411,732",
1928,1928,29/6/2023,MRT Purple Line,"50,920",
1929,1929,29/6/2023,MRT Yellow Line,"86,061",
1930,1930,29/6/2023,BTS Green Line,"852,089",
1931,1931,29/6/2023,BTS Gold Line,"8,176",
1932,1932,30/6/2023,SRT,"74,992",
1933,1933,30/6/2023,ARL,"72,447",
1934,1934,30/6/2023,Red Line,"26,329",
1935,1935,30/6/2023,MRT Blue Line,"439,196",
1936,1936,30/6/2023,MRT Purple Line,"51,117",
1937,1937,30/6/2023,MRT Yellow Line,"92,038",
1938,1938,30/6/2023,BTS Green Line,"898,381",
1939,1939,30/6/2023,BTS Gold Line,"8,508",
1940,1940,1/7/2023,SRT,"67,005",
1941,1941,1/7/2023,ARL,"55,961",
1942,1942,1/7/2023,Red Line,"17,916",
1943,1943,1/7/2023,MRT Blue Line,"287,291",
1944,1944,1/7/2023,MRT Purple Line,"32,059",
1945,1945,1/7/2023,MRT Yellow Line,"78,077",
1946,1946,1/7/2023,BTS Green Line,"670,838",
1947,1947,1/7/2023,BTS Gold Line,"8,201",
1948,1948,2/7/2023,SRT,"77,052",
1949,1949,2/7/2023,ARL,"52,193",
1950,1950,2/7/2023,Red Line,"16,806",
1951,1951,2/7/2023,MRT Blue Line,"232,015",
1952,1952,2/7/2023,MRT Purple Line,"25,472",
1953,1953,2/7/2023,MRT Yellow Line,"79,575",
1954,1954,2/7/2023,BTS Green Line,"603,266",
1955,1955,2/7/2023,BTS Gold Line,"7,435",
1956,1956,3/7/2023,SRT,"70,346",
1957,1957,3/7/2023,ARL,"67,655",
1958,1958,3/7/2023,Red Line,"23,859",
1959,1959,3/7/2023,MRT Blue Line,"413,408",
1960,1960,3/7/2023,MRT Purple Line,"50,538",
1961,1961,3/7/2023,MRT Yellow Line,"45,135",
1962,1962,3/7/2023,BTS Green Line,"818,744",
1963,1963,3/7/2023,BTS Gold Line,"5,988",
1964,1964,4/7/2023,SRT,"63,756",
1965,1965,4/7/2023,ARL,"66,414",
1966,1966,4/7/2023,Red Line,"22,106",
1967,1967,4/7/2023,MRT Blue Line,"451,545",
1968,1968,4/7/2023,MRT Purple Line,"72,686",
1969,1969,4/7/2023,MRT Yellow Line,"38,232",
1970,1970,4/7/2023,BTS Green Line,"824,604",
1971,1971,4/7/2023,BTS Gold Line,"5,562",
1972,1972,5/7/2023,SRT,"61,014",
1973,1973,5/7/2023,ARL,"67,199",
1974,1974,5/7/2023,Red Line,"23,883",
1975,1975,5/7/2023,MRT Blue Line,"461,184",
1976,1976,5/7/2023,MRT Purple Line,"74,095",
1977,1977,5/7/2023,MRT Yellow Line,"40,839",
1978,1978,5/7/2023,BTS Green Line,"793,673",
1979,1979,5/7/2023,BTS Gold Line,"6,136",
1980,1980,6/7/2023,SRT,"63,620",
1981,1981,6/7/2023,ARL,"67,135",
1982,1982,6/7/2023,Red Line,"23,261",
1983,1983,6/7/2023,MRT Blue Line,"459,667",
1984,1984,6/7/2023,MRT Purple Line,"73,094",
1985,1985,6/7/2023,MRT Yellow Line,"40,471",
1986,1986,6/7/2023,BTS Green Line,"838,503",
1987,1987,6/7/2023,BTS Gold Line,"6,249",
1988,1988,7/7/2023,SRT,"75,007",
1989,1989,7/7/2023,ARL,"70,889",
1990,1990,7/7/2023,Red Line,"25,178",
1991,1991,7/7/2023,MRT Blue Line,"476,019",
1992,1992,7/7/2023,MRT Purple Line,"74,067",
1993,1993,7/7/2023,MRT Yellow Line,"43,690",
1994,1994,7/7/2023,BTS Green Line,"887,657",
1995,1995,7/7/2023,BTS Gold Line,"7,485",
1996,1996,8/7/2023,SRT,"63,868",
1997,1997,8/7/2023,ARL,"51,488",
1998,1998,8/7/2023,Red Line,"15,231",
1999,1999,8/7/2023,MRT Blue Line,"309,270",
2000,2000,8/7/2023,MRT Purple Line,"41,869",
2001,2001,8/7/2023,MRT Yellow Line,"36,493",
2002,2002,8/7/2023,BTS Green Line,"641,397",
2003,2003,8/7/2023,BTS Gold Line,"9,187",
2004,2004,9/7/2023,SRT,"69,288",
2005,2005,9/7/2023,ARL,"44,928",
2006,2006,9/7/2023,Red Line,"14,091",
2007,2007,9/7/2023,MRT Blue Line,"240,347",
2008,2008,9/7/2023,MRT Purple Line,"31,953",
2009,2009,9/7/2023,MRT Yellow Line,"29,632",
2010,2010,9/7/2023,BTS Green Line,"525,085",
2011,2011,9/7/2023,BTS Gold Line,"7,230",
2012,2012,10/7/2023,SRT,"65,554",
2013,2013,10/7/2023,ARL,"67,317",
2014,2014,10/7/2023,Red Line,"23,658",
2015,2015,10/7/2023,MRT Blue Line,"415,034",
2016,2016,10/7/2023,MRT Purple Line,"69,915",
2017,2017,10/7/2023,MRT Yellow Line,"38,874",
2018,2018,10/7/2023,BTS Green Line,"807,016",
2019,2019,10/7/2023,BTS Gold Line,"5,933",
2020,2020,11/7/2023,SRT,"61,417",
2021,2021,11/7/2023,ARL,"66,507",
2022,2022,11/7/2023,Red Line,"23,331",
2023,2023,11/7/2023,MRT Blue Line,"433,199",
2024,2024,11/7/2023,MRT Purple Line,"71,219",
2025,2025,11/7/2023,MRT Yellow Line,"38,624",
2026,2026,11/7/2023,BTS Green Line,"831,148",
2027,2027,11/7/2023,BTS Gold Line,"5,959",
2028,2028,12/7/2023,SRT,"60,049",
2029,2029,12/7/2023,ARL,"67,342",
2030,2030,12/7/2023,Red Line,"23,612",
2031,2031,12/7/2023,MRT Blue Line,"438,164",
2032,2032,12/7/2023,MRT Purple Line,"70,193",
2033,2033,12/7/2023,MRT Yellow Line,"36,911",
2034,2034,12/7/2023,BTS Green Line,"833,864",
2035,2035,12/7/2023,BTS Gold Line,"5,998",
2036,2036,13/7/2023,SRT,"60,275",
2037,2037,13/7/2023,ARL,"66,488",
2038,2038,13/7/2023,Red Line,"23,320",
2039,2039,13/7/2023,MRT Blue Line,"427,284",
2040,2040,13/7/2023,MRT Purple Line,"69,193",
2041,2041,13/7/2023,MRT Yellow Line,"36,921",
2042,2042,13/7/2023,BTS Green Line,"814,429",
2043,2043,13/7/2023,BTS Gold Line,"6,047",
2044,2044,14/7/2023,SRT,"73,210",
2045,2045,14/7/2023,ARL,"70,992",
2046,2046,14/7/2023,Red Line,"25,520",
2047,2047,14/7/2023,MRT Blue Line,"470,910",
2048,2048,14/7/2023,MRT Purple Line,"73,874",
2049,2049,14/7/2023,MRT Yellow Line,"40,883",
2050,2050,14/7/2023,BTS Green Line,"873,881",
2051,2051,14/7/2023,BTS Gold Line,"8,635",
2052,2052,15/7/2023,SRT,"62,130",
2053,2053,15/7/2023,ARL,"51,393",
2054,2054,15/7/2023,Red Line,"16,939",
2055,2055,15/7/2023,MRT Blue Line,"313,913",
2056,2056,15/7/2023,MRT Purple Line,"42,578",
2057,2057,15/7/2023,MRT Yellow Line,"34,926",
2058,2058,15/7/2023,BTS Green Line,"630,351",
2059,2059,15/7/2023,BTS Gold Line,"8,449",
2060,2060,16/7/2023,SRT,"65,901",
2061,2061,16/7/2023,ARL,"45,104",
2062,2062,16/7/2023,Red Line,"14,467",
2063,2063,16/7/2023,MRT Blue Line,"235,913",
2064,2064,16/7/2023,MRT Purple Line,"30,672",
2065,2065,16/7/2023,MRT Yellow Line,"28,408",
2066,2066,16/7/2023,BTS Green Line,"521,284",
2067,2067,16/7/2023,BTS Gold Line,"7,588",
2068,2068,17/7/2023,SRT,"63,525",
2069,2069,17/7/2023,ARL,"67,300",
2070,2070,17/7/2023,Red Line,"24,005",
2071,2071,17/7/2023,MRT Blue Line,"412,609",
2072,2072,17/7/2023,MRT Purple Line,"67,376",
2073,2073,17/7/2023,MRT Yellow Line,"36,155",
2074,2074,17/7/2023,BTS Green Line,"799,281",
2075,2075,17/7/2023,BTS Gold Line,"6,721",
2076,2076,18/7/2023,SRT,"58,705",
2077,2077,18/7/2023,ARL,"67,221",
2078,2078,18/7/2023,Red Line,"23,343",
2079,2079,18/7/2023,MRT Blue Line,"449,991",
2080,2080,18/7/2023,MRT Purple Line,"71,554",
2081,2081,18/7/2023,MRT Yellow Line,"35,818",
2082,2082,18/7/2023,BTS Green Line,"820,708",
2083,2083,18/7/2023,BTS Gold Line,"6,140",
2084,2084,19/7/2023,SRT,"58,025",
2085,2085,19/7/2023,ARL,"66,991",
2086,2086,19/7/2023,Red Line,"23,255",
2087,2087,19/7/2023,MRT Blue Line,"430,339",
2088,2088,19/7/2023,MRT Purple Line,"69,045",
2089,2089,19/7/2023,MRT Yellow Line,"36,061",
2090,2090,19/7/2023,BTS Green Line,"828,950",
2091,2091,19/7/2023,BTS Gold Line,"5,796",
2092,2092,20/7/2023,SRT,"59,872",
2093,2093,20/7/2023,ARL,"66,934",
2094,2094,20/7/2023,Red Line,"23,710",
2095,2095,20/7/2023,MRT Blue Line,"426,607",
2096,2096,20/7/2023,MRT Purple Line,"68,228",
2097,2097,20/7/2023,MRT Yellow Line,"38,549",
2098,2098,20/7/2023,BTS Green Line,"840,194",
2099,2099,20/7/2023,BTS Gold Line,"7,900",
2100,2100,21/7/2023,SRT,"70,721",
2101,2101,21/7/2023,ARL,"69,726",
2102,2102,21/7/2023,Red Line,"25,084",
2103,2103,21/7/2023,MRT Blue Line,"468,022",
2104,2104,21/7/2023,MRT Purple Line,"73,351",
2105,2105,21/7/2023,MRT Yellow Line,"39,059",
2106,2106,21/7/2023,BTS Green Line,"880,838",
2107,2107,21/7/2023,BTS Gold Line,"8,294",
2108,2108,22/7/2023,SRT,"58,594",
2109,2109,22/7/2023,ARL,"51,892",
2110,2110,22/7/2023,Red Line,"15,594",
2111,2111,22/7/2023,MRT Blue Line,"302,409",
2112,2112,22/7/2023,MRT Purple Line,"40,844",
2113,2113,22/7/2023,MRT Yellow Line,"34,102",
2114,2114,22/7/2023,BTS Green Line,"629,569",
2115,2115,22/7/2023,BTS Gold Line,"13,563",
2116,2116,23/7/2023,SRT,"63,148",
2117,2117,23/7/2023,ARL,"45,573",
2118,2118,23/7/2023,Red Line,"13,616",
2119,2119,23/7/2023,MRT Blue Line,"244,835",
2120,2120,23/7/2023,MRT Purple Line,"32,491",
2121,2121,23/7/2023,MRT Yellow Line,"28,209",
2122,2122,23/7/2023,BTS Green Line,"525,848",
2123,2123,23/7/2023,BTS Gold Line,"11,602",
2124,2124,24/7/2023,SRT,"64,424",
2125,2125,24/7/2023,ARL,"66,803",
2126,2126,24/7/2023,Red Line,"23,438",
2127,2127,24/7/2023,MRT Blue Line,"435,823",
2128,2128,24/7/2023,MRT Purple Line,"70,560",
2129,2129,24/7/2023,MRT Yellow Line,"35,587",
2130,2130,24/7/2023,BTS Green Line,"805,911",
2131,2131,24/7/2023,BTS Gold Line,"6,837",
2132,2132,25/7/2023,SRT,"61,200",
2133,2133,25/7/2023,ARL,"67,841",
2134,2134,25/7/2023,Red Line,"23,938",
2135,2135,25/7/2023,MRT Blue Line,"461,999",
2136,2136,25/7/2023,MRT Purple Line,"72,432",
2137,2137,25/7/2023,MRT Yellow Line,"36,442",
2138,2138,25/7/2023,BTS Green Line,"841,797",
2139,2139,25/7/2023,BTS Gold Line,"6,472",
2140,2140,26/7/2023,SRT,"65,518",
2141,2141,26/7/2023,ARL,"69,533",
2142,2142,26/7/2023,Red Line,"24,408",
2143,2143,26/7/2023,MRT Blue Line,"461,914",
2144,2144,26/7/2023,MRT Purple Line,"71,990",
2145,2145,26/7/2023,MRT Yellow Line,"36,543",
2146,2146,26/7/2023,BTS Green Line,"842,393",
2147,2147,26/7/2023,BTS Gold Line,"6,697",
2148,2148,27/7/2023,SRT,"88,780",
2149,2149,27/7/2023,ARL,"75,956",
2150,2150,27/7/2023,Red Line,"28,274",
2151,2151,27/7/2023,MRT Blue Line,"491,687",
2152,2152,27/7/2023,MRT Purple Line,"76,771",
2153,2153,27/7/2023,MRT Yellow Line,"41,731",
2154,2154,27/7/2023,BTS Green Line,"891,172",
2155,2155,27/7/2023,BTS Gold Line,"7,923",
2156,2156,28/7/2023,SRT,"101,416",
2157,2157,28/7/2023,ARL,"50,882",
2158,2158,28/7/2023,Red Line,"16,149",
2159,2159,28/7/2023,MRT Blue Line,"273,339",
2160,2160,28/7/2023,MRT Purple Line,"34,255",
2161,2161,28/7/2023,MRT Yellow Line,"28,753",
2162,2162,28/7/2023,BTS Green Line,"556,080",
2163,2163,28/7/2023,BTS Gold Line,"10,281",
2164,2164,29/7/2023,SRT,"79,861",
2165,2165,29/7/2023,ARL,"49,396",
2166,2166,29/7/2023,Red Line,"15,488",
2167,2167,29/7/2023,MRT Blue Line,"278,031",
2168,2168,29/7/2023,MRT Purple Line,"34,243",
2169,2169,29/7/2023,MRT Yellow Line,"27,645",
2170,2170,29/7/2023,BTS Green Line,"566,773",
2171,2171,29/7/2023,BTS Gold Line,"10,551",
2172,2172,30/7/2023,SRT,"80,348",
2173,2173,30/7/2023,ARL,"44,119",
2174,2174,30/7/2023,Red Line,"13,191",
2175,2175,30/7/2023,MRT Blue Line,"238,873",
2176,2176,30/7/2023,MRT Purple Line,"29,448",
2177,2177,30/7/2023,MRT Yellow Line,"25,788",
2178,2178,30/7/2023,BTS Green Line,"493,740",
2179,2179,30/7/2023,BTS Gold Line,"8,299",
2180,2180,31/7/2023,SRT,"73,705",
2181,2181,31/7/2023,ARL,"55,247",
2182,2182,31/7/2023,Red Line,"16,565",
2183,2183,31/7/2023,MRT Blue Line,"334,518",
2184,2184,31/7/2023,MRT Purple Line,"46,236",
2185,2185,31/7/2023,MRT Yellow Line,"31,274",
2186,2186,31/7/2023,BTS Green Line,"629,227",
2187,2187,31/7/2023,BTS Gold Line,"8,517",
2188,2188,1/8/2023,SRT,"79,105",
2189,2189,1/8/2023,ARL,"47,366",
2190,2190,1/8/2023,Red Line,"14,509",
2191,2191,1/8/2023,MRT Blue Line,"266,592",
2192,2192,1/8/2023,MRT Purple Line,"32,595",
2193,2193,1/8/2023,MRT Yellow Line,"28,213",
2194,2194,1/8/2023,BTS Green Line,"523,111",
2195,2195,1/8/2023,BTS Gold Line,"9,122",
2196,2196,2/8/2023,SRT,"83,033",
2197,2197,2/8/2023,ARL,"60,555",
2198,2198,2/8/2023,Red Line,"19,235",
2199,2199,2/8/2023,MRT Blue Line,"381,894",
2200,2200,2/8/2023,MRT Purple Line,"54,462",
2201,2201,2/8/2023,MRT Yellow Line,"31,295",
2202,2202,2/8/2023,BTS Green Line,"842,393",
2203,2203,2/8/2023,BTS Gold Line,"6,697",
2204,2204,3/8/2023,SRT,"69,227",
2205,2205,3/8/2023,ARL,"69,342",
2206,2206,3/8/2023,Red Line,"25,565",
2207,2207,3/8/2023,MRT Blue Line,"462,870",
2208,2208,3/8/2023,MRT Purple Line,"72,904",
2209,2209,3/8/2023,MRT Yellow Line,"39,875",
2210,2210,3/8/2023,BTS Green Line,"846,094",
2211,2211,3/8/2023,BTS Gold Line,"7,553",
2212,2212,4/8/2023,SRT,"71,871",
2213,2213,4/8/2023,ARL,"72,213",
2214,2214,4/8/2023,Red Line,"25,653",
2215,2215,4/8/2023,MRT Blue Line,"481,139",
2216,2216,4/8/2023,MRT Purple Line,"73,964",
2217,2217,4/8/2023,MRT Yellow Line,"39,875",
2218,2218,4/8/2023,BTS Green Line,"873,057",
2219,2219,4/8/2023,BTS Gold Line,"8,017",
2220,2220,5/8/2023,SRT,"66,390",
2221,2221,5/8/2023,ARL,"57,135",
2222,2222,5/8/2023,Red Line,"16,817",
2223,2223,5/8/2023,MRT Blue Line,"344,620",
2224,2224,5/8/2023,MRT Purple Line,"43,457",
2225,2225,5/8/2023,MRT Yellow Line,"35,406",
2226,2226,5/8/2023,BTS Green Line,"652,781",
2227,2227,5/8/2023,BTS Gold Line,"8,500",
2228,2228,6/8/2023,SRT,"68,922",
2229,2229,6/8/2023,ARL,"49,599",
2230,2230,6/8/2023,Red Line,"15,082",
2231,2231,6/8/2023,MRT Blue Line,"283,672",
2232,2232,6/8/2023,MRT Purple Line,"33,774",
2233,2233,6/8/2023,MRT Yellow Line,"28,276",
2234,2234,6/8/2023,BTS Green Line,"559,284",
2235,2235,6/8/2023,BTS Gold Line,"8,394",
2236,2236,7/8/2023,SRT,"66,449",
2237,2237,7/8/2023,ARL,"72,977",
2238,2238,7/8/2023,Red Line,"24,080",
2239,2239,7/8/2023,MRT Blue Line,"461,389",
2240,2240,7/8/2023,MRT Purple Line,"73,192",
2241,2241,7/8/2023,MRT Yellow Line,"37,368",
2242,2242,7/8/2023,BTS Green Line,"834,889",
2243,2243,7/8/2023,BTS Gold Line,"7,277",
2244,2244,8/8/2023,SRT,"61,358",
2245,2245,8/8/2023,ARL,"71,177",
2246,2246,8/8/2023,Red Line,"24,062",
2247,2247,8/8/2023,MRT Blue Line,"491,328",
2248,2248,8/8/2023,MRT Purple Line,"75,490",
2249,2249,8/8/2023,MRT Yellow Line,"37,334",
2250,2250,8/8/2023,BTS Green Line,"862,754",
2251,2251,8/8/2023,BTS Gold Line,"6,649",
2252,2252,9/8/2023,SRT,"61,381",
2253,2253,9/8/2023,ARL,"71,465",
2254,2254,9/8/2023,Red Line,"23,441",
2255,2255,9/8/2023,MRT Blue Line,"483,382",
2256,2256,9/8/2023,MRT Purple Line,"73,768",
2257,2257,9/8/2023,MRT Yellow Line,"37,790",
2258,2258,9/8/2023,BTS Green Line,"848,849",
2259,2259,9/8/2023,BTS Gold Line,"7,208",
2260,2260,10/8/2023,SRT,"66,827",
2261,2261,10/8/2023,ARL,"70,864",
2262,2262,10/8/2023,Red Line,"23,630",
2263,2263,10/8/2023,MRT Blue Line,"481,041",
2264,2264,10/8/2023,MRT Purple Line,"73,042",
2265,2265,10/8/2023,MRT Yellow Line,"38,883",
2266,2266,10/8/2023,BTS Green Line,"846,780",
2267,2267,10/8/2023,BTS Gold Line,"6,927",
2268,2268,11/8/2023,SRT,"87,070",
2269,2269,11/8/2023,ARL,"76,097",
2270,2270,11/8/2023,Red Line,"27,337",
2271,2271,11/8/2023,MRT Blue Line,"498,709",
2272,2272,11/8/2023,MRT Purple Line,"76,171",
2273,2273,11/8/2023,MRT Yellow Line,"43,954",
2274,2274,11/8/2023,BTS Green Line,"910,866",
2275,2275,11/8/2023,BTS Gold Line,"8,091",
2276,2276,12/8/2023,SRT,"87,254",
2277,2277,12/8/2023,ARL,"49,156",
2278,2278,12/8/2023,Red Line,"15,114",
2279,2279,12/8/2023,MRT Blue Line,"282,101",
2280,2280,12/8/2023,MRT Purple Line,"34,403",
2281,2281,12/8/2023,MRT Yellow Line,"31,496",
2282,2282,12/8/2023,BTS Green Line,"575,571",
2283,2283,12/8/2023,BTS Gold Line,"10,269",
2284,2284,13/8/2023,SRT,"71,576",
2285,2285,13/8/2023,ARL,"46,324",
2286,2286,13/8/2023,Red Line,"13,738",
2287,2287,13/8/2023,MRT Blue Line,"265,050",
2288,2288,13/8/2023,MRT Purple Line,"32,473",
2289,2289,13/8/2023,MRT Yellow Line,"28,661",
2290,2290,13/8/2023,BTS Green Line,"544,602",
2291,2291,13/8/2023,BTS Gold Line,"8,664",
2292,2292,14/8/2023,SRT,"80,011",
2293,2293,14/8/2023,ARL,"46,976",
2294,2294,14/8/2023,Red Line,"14,423",
2295,2295,14/8/2023,MRT Blue Line,"235,563",
2296,2296,14/8/2023,MRT Purple Line,"24,483",
2297,2297,14/8/2023,MRT Yellow Line,"31,964",
2298,2298,14/8/2023,BTS Green Line,"494,507",
2299,2299,14/8/2023,BTS Gold Line,"8,050",
2300,2300,15/8/2023,SRT,"69,496",
2301,2301,15/8/2023,ARL,"72,157",
2302,2302,15/8/2023,Red Line,"24,387",
2303,2303,15/8/2023,MRT Blue Line,"485,751",
2304,2304,15/8/2023,MRT Purple Line,"74,777",
2305,2305,15/8/2023,MRT Yellow Line,"35,599",
2306,2306,15/8/2023,BTS Green Line,"827,490",
2307,2307,15/8/2023,BTS Gold Line,"6,677",
2308,2308,16/8/2023,SRT,"64,740",
2309,2309,16/8/2023,ARL,"71,605",
2310,2310,16/8/2023,Red Line,"23,869",
2311,2311,16/8/2023,MRT Blue Line,"461,133",
2312,2312,16/8/2023,MRT Purple Line,"69,454",
2313,2313,16/8/2023,MRT Yellow Line,"38,424",
2314,2314,16/8/2023,BTS Green Line,"883,046",
2315,2315,16/8/2023,BTS Gold Line,"6,378",
2316,2316,17/8/2023,SRT,"66,799",
2317,2317,17/8/2023,ARL,"73,243",
2318,2318,17/8/2023,Red Line,"24,375",
2319,2319,17/8/2023,MRT Blue Line,"486,633",
2320,2320,17/8/2023,MRT Purple Line,"73,689",
2321,2321,17/8/2023,MRT Yellow Line,"40,101",
2322,2322,17/8/2023,BTS Green Line,"859,080",
2323,2323,17/8/2023,BTS Gold Line,"8,066",
2324,2324,18/8/2023,SRT,"78,842",
2325,2325,18/8/2023,ARL,"77,397",
2326,2326,18/8/2023,Red Line,"25,876",
2327,2327,18/8/2023,MRT Blue Line,"501,623",
2328,2328,18/8/2023,MRT Purple Line,"75,019",
2329,2329,18/8/2023,MRT Yellow Line,"42,132",
2330,2330,18/8/2023,BTS Green Line,"886,324",
2331,2331,18/8/2023,BTS Gold Line,"7,860",
2332,2332,19/8/2023,SRT,"67,096",
2333,2333,19/8/2023,ARL,"56,509",
2334,2334,19/8/2023,Red Line,"16,882",
2335,2335,19/8/2023,MRT Blue Line,"320,517",
2336,2336,19/8/2023,MRT Purple Line,"41,003",
2337,2337,19/8/2023,MRT Yellow Line,"32,738",
2338,2338,19/8/2023,BTS Green Line,"678,938",
2339,2339,19/8/2023,BTS Gold Line,"8,621",
2340,2340,20/8/2023,SRT,"71,667",
2341,2341,20/8/2023,ARL,"48,105",
2342,2342,20/8/2023,Red Line,"15,220",
2343,2343,20/8/2023,MRT Blue Line,"252,240",
2344,2344,20/8/2023,MRT Purple Line,"31,994",
2345,2345,20/8/2023,MRT Yellow Line,"27,281",
2346,2346,20/8/2023,BTS Green Line,"551,554",
2347,2347,20/8/2023,BTS Gold Line,"7,380",
2348,2348,21/8/2023,SRT,"67,333",
2349,2349,21/8/2023,ARL,"71,062",
2350,2350,21/8/2023,Red Line,"25,394",
2351,2351,21/8/2023,MRT Blue Line,"470,392",
2352,2352,21/8/2023,MRT Purple Line,"71,296",
2353,2353,21/8/2023,MRT Yellow Line,"37,875",
2354,2354,21/8/2023,BTS Green Line,"804,129",
2355,2355,21/8/2023,BTS Gold Line,"6,523",
2356,2356,22/8/2023,SRT,"61,831",
2357,2357,22/8/2023,ARL,"70,031",
2358,2358,22/8/2023,Red Line,"25,525",
2359,2359,22/8/2023,MRT Blue Line,"484,757",
2360,2360,22/8/2023,MRT Purple Line,"73,378",
2361,2361,22/8/2023,MRT Yellow Line,"37,915",
2362,2362,22/8/2023,BTS Green Line,"828,605",
2363,2363,22/8/2023,BTS Gold Line,"5,853",
2364,2364,23/8/2023,SRT,"59,955",
2365,2365,23/8/2023,ARL,"71,841",
2366,2366,23/8/2023,Red Line,"24,728",
2367,2367,23/8/2023,MRT Blue Line,"492,880",
2368,2368,23/8/2023,MRT Purple Line,"73,869",
2369,2369,23/8/2023,MRT Yellow Line,"39,496",
2370,2370,23/8/2023,BTS Green Line,"837,760",
2371,2371,23/8/2023,BTS Gold Line,"6,549",
2372,2372,24/8/2023,SRT,"61,845",
2373,2373,24/8/2023,ARL,"73,102",
2374,2374,24/8/2023,Red Line,"25,387",
2375,2375,24/8/2023,MRT Blue Line,"495,461",
2376,2376,24/8/2023,MRT Purple Line,"73,931",
2377,2377,24/8/2023,MRT Yellow Line,"37,882",
2378,2378,24/8/2023,BTS Green Line,"861,368",
2379,2379,24/8/2023,BTS Gold Line,"6,972",
2380,2380,25/8/2023,SRT,"74,452",
2381,2381,25/8/2023,ARL,"77,723",
2382,2382,25/8/2023,Red Line,"27,837",
2383,2383,25/8/2023,MRT Blue Line,"525,455",
2384,2384,25/8/2023,MRT Purple Line,"75,829",
2385,2385,25/8/2023,MRT Yellow Line,"43,381",
2386,2386,25/8/2023,BTS Green Line,"924,828",
2387,2387,25/8/2023,BTS Gold Line,"8,285",
2388,2388,26/8/2023,SRT,"63,173",
2389,2389,26/8/2023,ARL,"56,054",
2390,2390,26/8/2023,Red Line,"17,702",
2391,2391,26/8/2023,MRT Blue Line,"348,145",
2392,2392,26/8/2023,MRT Purple Line,"42,609",
2393,2393,26/8/2023,MRT Yellow Line,"31,573",
2394,2394,26/8/2023,BTS Green Line,"652,382",
2395,2395,26/8/2023,BTS Gold Line,"8,273",
2396,2396,27/8/2023,SRT,"71,308",
2397,2397,27/8/2023,ARL,"48,597",
2398,2398,27/8/2023,Red Line,"15,479",
2399,2399,27/8/2023,MRT Blue Line,"273,640",
2400,2400,27/8/2023,MRT Purple Line,"37,494",
2401,2401,27/8/2023,MRT Yellow Line,"27,742",
2402,2402,27/8/2023,BTS Green Line,"543,231",
2403,2403,27/8/2023,BTS Gold Line,"6,734",
2404,2404,28/8/2023,SRT,"64,767",
2405,2405,28/8/2023,ARL,"71,509",
2406,2406,28/8/2023,Red Line,"25,176",
2407,2407,28/8/2023,MRT Blue Line,"468,746",
2408,2408,28/8/2023,MRT Purple Line,"72,069",
2409,2409,28/8/2023,MRT Yellow Line,"37,081",
2410,2410,28/8/2023,BTS Green Line,"827,254",
2411,2411,28/8/2023,BTS Gold Line,"6,212",
2412,2412,29/8/2023,SRT,"58,276",
2413,2413,29/8/2023,ARL,"70,295",
2414,2414,29/8/2023,Red Line,"24,678",
2415,2415,29/8/2023,MRT Blue Line,"485,707",
2416,2416,29/8/2023,MRT Purple Line,"72,770",
2417,2417,29/8/2023,MRT Yellow Line,"37,131",
2418,2418,29/8/2023,BTS Green Line,"838,191",
2419,2419,29/8/2023,BTS Gold Line,"5,585",
2420,2420,30/8/2023,SRT,"56,828",
2421,2421,30/8/2023,ARL,"69,907",
2422,2422,30/8/2023,Red Line,"24,608",
2423,2423,30/8/2023,MRT Blue Line,"481,126",
2424,2424,30/8/2023,MRT Purple Line,"72,837",
2425,2425,30/8/2023,MRT Yellow Line,"37,519",
2426,2426,30/8/2023,BTS Green Line,"835,729",
2427,2427,30/8/2023,BTS Gold Line,"5,720",
2428,2428,31/8/2023,SRT,"61,809",
2429,2429,31/8/2023,ARL,"72,311",
2430,2430,31/8/2023,Red Line,"25,628",
2431,2431,31/8/2023,MRT Blue Line,"492,937",
2432,2432,31/8/2023,MRT Purple Line,"75,308",
2433,2433,31/8/2023,MRT Yellow Line,"41,722",
2434,2434,31/8/2023,BTS Green Line,"875,456",
2435,2435,31/8/2023,BTS Gold Line,"7,570",
2436,2436,1/9/2023,SRT,"76,271",
2437,2437,1/9/2023,ARL,"76,484",
2438,2438,1/9/2023,Red Line,"28,058",
2439,2439,1/9/2023,MRT Blue Line,"518,232",
2440,2440,1/9/2023,MRT Purple Line,"76,688",
2441,2441,1/9/2023,MRT Yellow Line,"43,905",
2442,2442,1/9/2023,BTS Green Line,"930,903",
2443,2443,1/9/2023,BTS Gold Line,"8,003",
2444,2444,2/9/2023,SRT,"67,656",
2445,2445,2/9/2023,ARL,"55,943",
2446,2446,2/9/2023,Red Line,"17,004",
2447,2447,2/9/2023,MRT Blue Line,"326,102",
2448,2448,2/9/2023,MRT Purple Line,"44,042",
2449,2449,2/9/2023,MRT Yellow Line,"35,477",
2450,2450,2/9/2023,BTS Green Line,"670,432",
2451,2451,2/9/2023,BTS Gold Line,"8,087",
2452,2452,3/9/2023,SRT,"74,663",
2453,2453,3/9/2023,ARL,"50,212",
2454,2454,3/9/2023,Red Line,"15,441",
2455,2455,3/9/2023,MRT Blue Line,"261,530",
2456,2456,3/9/2023,MRT Purple Line,"35,314",
2457,2457,3/9/2023,MRT Yellow Line,"30,468",
2458,2458,3/9/2023,BTS Green Line,"562,896",
2459,2459,3/9/2023,BTS Gold Line,"7,237",
2460,2460,4/9/2023,SRT,"66,889",
2461,2461,4/9/2023,ARL,"72,133",
2462,2462,4/9/2023,Red Line,"25,492",
2463,2463,4/9/2023,MRT Blue Line,"468,051",
2464,2464,4/9/2023,MRT Purple Line,"72,471",
2465,2465,4/9/2023,MRT Yellow Line,"38,988",
2466,2466,4/9/2023,BTS Green Line,"829,028",
2467,2467,4/9/2023,BTS Gold Line,"5,719",
2468,2468,5/9/2023,SRT,"60,937",
2469,2469,5/9/2023,ARL,"71,777",
2470,2470,5/9/2023,Red Line,"24,783",
2471,2471,5/9/2023,MRT Blue Line,"484,430",
2472,2472,5/9/2023,MRT Purple Line,"73,447",
2473,2473,5/9/2023,MRT Yellow Line,"32,696",
2474,2474,5/9/2023,BTS Green Line,"847,197",
2475,2475,5/9/2023,BTS Gold Line,"5,465",
2476,2476,6/9/2023,SRT,"59,396",
2477,2477,6/9/2023,ARL,"72,172",
2478,2478,6/9/2023,Red Line,"24,598",
2479,2479,6/9/2023,MRT Blue Line,"487,802",
2480,2480,6/9/2023,MRT Purple Line,"74,327",
2481,2481,6/9/2023,MRT Yellow Line,"40,878",
2482,2482,6/9/2023,BTS Green Line,"849,671",
2483,2483,6/9/2023,BTS Gold Line,"5,033",
2484,2484,7/9/2023,SRT,"61,893",
2485,2485,7/9/2023,ARL,"71,246",
2486,2486,7/9/2023,Red Line,"24,735",
2487,2487,7/9/2023,MRT Blue Line,"479,570",
2488,2488,7/9/2023,MRT Purple Line,"72,427",
2489,2489,7/9/2023,MRT Yellow Line,"38,999",
2490,2490,7/9/2023,BTS Green Line,"841,066",
2491,2491,7/9/2023,BTS Gold Line,"5,458",
2492,2492,8/9/2023,SRT,"76,344",
2493,2493,8/9/2023,ARL,"74,944",
2494,2494,8/9/2023,Red Line,"27,694",
2495,2495,8/9/2023,MRT Blue Line,"496,918",
2496,2496,8/9/2023,MRT Purple Line,"74,097",
2497,2497,8/9/2023,MRT Yellow Line,"41,599",
2498,2498,8/9/2023,BTS Green Line,"888,322",
2499,2499,8/9/2023,BTS Gold Line,"6,399",
2500,2500,9/9/2023,SRT,"65,442",
2501,2501,9/9/2023,ARL,"52,785",
2502,2502,9/9/2023,Red Line,"17,520",
2503,2503,9/9/2023,MRT Blue Line,"331,052",
2504,2504,9/9/2023,MRT Purple Line,"42,229",
2505,2505,9/9/2023,MRT Yellow Line,"33,336",
2506,2506,9/9/2023,BTS Green Line,"654,779",
2507,2507,9/9/2023,BTS Gold Line,"9,166",
2508,2508,10/9/2023,SRT,"71,845",
2509,2509,10/9/2023,ARL,"46,915",
2510,2510,10/9/2023,Red Line,"15,159",
2511,2511,10/9/2023,MRT Blue Line,"252,696",
2512,2512,10/9/2023,MRT Purple Line,"33,252",
2513,2513,10/9/2023,MRT Yellow Line,"22,614",
2514,2514,10/9/2023,BTS Green Line,"519,202",
2515,2515,10/9/2023,BTS Gold Line,"6,123",
2516,2516,11/9/2023,SRT,"65,488",
2517,2517,11/9/2023,ARL,"71,184",
2518,2518,11/9/2023,Red Line,"25,248",
2519,2519,11/9/2023,MRT Blue Line,"460,255",
2520,2520,11/9/2023,MRT Purple Line,"71,358",
2521,2521,11/9/2023,MRT Yellow Line,"38,225",
2522,2522,11/9/2023,BTS Green Line,"810,703",
2523,2523,11/9/2023,BTS Gold Line,"5,521",
2524,2524,12/9/2023,SRT,"60,280",
2525,2525,12/9/2023,ARL,"69,693",
2526,2526,12/9/2023,Red Line,"24,607",
2527,2527,12/9/2023,MRT Blue Line,"472,626",
2528,2528,12/9/2023,MRT Purple Line,"72,647",
2529,2529,12/9/2023,MRT Yellow Line,"38,168",
2530,2530,12/9/2023,BTS Green Line,"825,027",
2531,2531,12/9/2023,BTS Gold Line,"5,185",
2532,2532,13/9/2023,SRT,"58,067",
2533,2533,13/9/2023,ARL,"70,699",
2534,2534,13/9/2023,Red Line,"24,798",
2535,2535,13/9/2023,MRT Blue Line,"477,128",
2536,2536,13/9/2023,MRT Purple Line,"72,823",
2537,2537,13/9/2023,MRT Yellow Line,"38,469",
2538,2538,13/9/2023,BTS Green Line,"839,656",
2539,2539,13/9/2023,BTS Gold Line,"5,141",
2540,2540,14/9/2023,SRT,"61,040",
2541,2541,14/9/2023,ARL,"71,330",
2542,2542,14/9/2023,Red Line,"25,156",
2543,2543,14/9/2023,MRT Blue Line,"475,901",
2544,2544,14/9/2023,MRT Purple Line,"72,084",
2545,2545,14/9/2023,MRT Yellow Line,"40,112",
2546,2546,14/9/2023,BTS Green Line,"844,533",
2547,2547,14/9/2023,BTS Gold Line,"5,543",
2548,2548,15/9/2023,SRT,"76,748",
2549,2549,15/9/2023,ARL,"74,366",
2550,2550,15/9/2023,Red Line,"27,791",
2551,2551,15/9/2023,MRT Blue Line,"495,757",
2552,2552,15/9/2023,MRT Purple Line,"73,211",
2553,2553,15/9/2023,MRT Yellow Line,"38,225",
2554,2554,15/9/2023,BTS Green Line,"879,773",
2555,2555,15/9/2023,BTS Gold Line,"6,849",
2556,2556,16/9/2023,SRT,"62,675",
2557,2557,16/9/2023,ARL,"54,304",
2558,2558,16/9/2023,Red Line,"16,702",
2559,2559,16/9/2023,MRT Blue Line,"310,766",
2560,2560,16/9/2023,MRT Purple Line,"39,580",
2561,2561,16/9/2023,MRT Yellow Line,"30,813",
2562,2562,16/9/2023,BTS Green Line,"635,520",
2563,2563,16/9/2023,BTS Gold Line,"7,425",
2564,2564,17/9/2023,SRT,"70,773",
2565,2565,17/9/2023,ARL,"46,114",
2566,2566,17/9/2023,Red Line,"14,934",
2567,2567,17/9/2023,MRT Blue Line,"254,642",
2568,2568,17/9/2023,MRT Purple Line,"32,576",
2569,2569,17/9/2023,MRT Yellow Line,"27,115",
2570,2570,17/9/2023,BTS Green Line,"534,802",
2571,2571,17/9/2023,BTS Gold Line,"5,899",
2572,2572,18/9/2023,SRT,"64,845",
2573,2573,18/9/2023,ARL,"69,137",
2574,2574,18/9/2023,Red Line,"24,528",
2575,2575,18/9/2023,MRT Blue Line,"442,959",
2576,2576,18/9/2023,MRT Purple Line,"69,697",
2577,2577,18/9/2023,MRT Yellow Line,"36,767",
2578,2578,18/9/2023,BTS Green Line,"798,089",
2579,2579,18/9/2023,BTS Gold Line,"5,134",
2580,2580,19/9/2023,SRT,"58,247",
2581,2581,19/9/2023,ARL,"69,803",
2582,2582,19/9/2023,Red Line,"23,989",
2583,2583,19/9/2023,MRT Blue Line,"474,313",
2584,2584,19/9/2023,MRT Purple Line,"70,187",
2585,2585,19/9/2023,MRT Yellow Line,"37,436",
2586,2586,19/9/2023,BTS Green Line,"817,244",
2587,2587,19/9/2023,BTS Gold Line,"4,892",
2588,2588,20/9/2023,SRT,"59,002",
2589,2589,20/9/2023,ARL,"70,107",
2590,2590,20/9/2023,Red Line,"24,185",
2591,2591,20/9/2023,MRT Blue Line,"474,160",
2592,2592,20/9/2023,MRT Purple Line,"71,171",
2593,2593,20/9/2023,MRT Yellow Line,"37,813",
2594,2594,20/9/2023,BTS Green Line,"826,731",
2595,2595,20/9/2023,BTS Gold Line,"5,156",
2596,2596,21/9/2023,SRT,"59,302",
2597,2597,21/9/2023,ARL,"71,183",
2598,2598,21/9/2023,Red Line,"24,699",
2599,2599,21/9/2023,MRT Blue Line,"474,981",
2600,2600,21/9/2023,MRT Purple Line,"70,528",
2601,2601,21/9/2023,MRT Yellow Line,"42,731",
2602,2602,21/9/2023,BTS Green Line,"850,569",
2603,2603,21/9/2023,BTS Gold Line,"6,859",
2604,2604,22/9/2023,SRT,"70,170",
2605,2605,22/9/2023,ARL,"75,551",
2606,2606,22/9/2023,Red Line,"26,322",
2607,2607,22/9/2023,MRT Blue Line,"487,086",
2608,2608,22/9/2023,MRT Purple Line,"72,743",
2609,2609,22/9/2023,MRT Yellow Line,"43,346",
2610,2610,22/9/2023,BTS Green Line,"883,677",
2611,2611,22/9/2023,BTS Gold Line,"7,690",
2612,2612,23/9/2023,SRT,"60,442",
2613,2613,23/9/2023,ARL,"52,144",
2614,2614,23/9/2023,Red Line,"16,218",
2615,2615,23/9/2023,MRT Blue Line,"299,966",
2616,2616,23/9/2023,MRT Purple Line,"38,611",
2617,2617,23/9/2023,MRT Yellow Line,"28,894",
2618,2618,23/9/2023,BTS Green Line,"610,758",
2619,2619,23/9/2023,BTS Gold Line,"8,796",
2620,2620,24/9/2023,SRT,"65,692",
2621,2621,24/9/2023,ARL,"48,197",
2622,2622,24/9/2023,Red Line,"14,347",
2623,2623,24/9/2023,MRT Blue Line,"243,251",
2624,2624,24/9/2023,MRT Purple Line,"31,070",
2625,2625,24/9/2023,MRT Yellow Line,"24,819",
2626,2626,24/9/2023,BTS Green Line,"504,469",
2627,2627,24/9/2023,BTS Gold Line,"10,761",
2628,2628,25/9/2023,SRT,"61,629",
2629,2629,25/9/2023,ARL,"70,944",
2630,2630,25/9/2023,Red Line,"24,714",
2631,2631,25/9/2023,MRT Blue Line,"446,098",
2632,2632,25/9/2023,MRT Purple Line,"68,127",
2633,2633,25/9/2023,MRT Yellow Line,"37,922",
2634,2634,25/9/2023,BTS Green Line,"795,441",
2635,2635,25/9/2023,BTS Gold Line,"6,245",
2636,2636,26/9/2023,SRT,"55,038",
2637,2637,26/9/2023,ARL,"70,847",
2638,2638,26/9/2023,Red Line,"23,700",
2639,2639,26/9/2023,MRT Blue Line,"457,706",
2640,2640,26/9/2023,MRT Purple Line,"68,926",
2641,2641,26/9/2023,MRT Yellow Line,"38,974",
2642,2642,26/9/2023,BTS Green Line,"827,170",
2643,2643,26/9/2023,BTS Gold Line,"8,737",
2644,2644,27/9/2023,SRT,"55,128",
2645,2645,27/9/2023,ARL,"69,193",
2646,2646,27/9/2023,Red Line,"23,478",
2647,2647,27/9/2023,MRT Blue Line,"456,368",
2648,2648,27/9/2023,MRT Purple Line,"68,443",
2649,2649,27/9/2023,MRT Yellow Line,"37,839",
2650,2650,27/9/2023,BTS Green Line,"807,622",
2651,2651,27/9/2023,BTS Gold Line,"5,537",
2652,2652,28/9/2023,SRT,"59,130",
2653,2653,28/9/2023,ARL,"69,913",
2654,2654,28/9/2023,Red Line,"23,585",
2655,2655,28/9/2023,MRT Blue Line,"451,862",
2656,2656,28/9/2023,MRT Purple Line,"68,643",
2657,2657,28/9/2023,MRT Yellow Line,"38,226",
2658,2658,28/9/2023,BTS Green Line,"812,837",
2659,2659,28/9/2023,BTS Gold Line,"6,509",
2660,2660,29/9/2023,SRT,"67,699",
2661,2661,29/9/2023,ARL,"74,837",
2662,2662,29/9/2023,Red Line,"26,274",
2663,2663,29/9/2023,MRT Blue Line,"488,312",
2664,2664,29/9/2023,MRT Purple Line,"71,028",
2665,2665,29/9/2023,MRT Yellow Line,"42,866",
2666,2666,29/9/2023,BTS Green Line,"890,961",
2667,2667,29/9/2023,BTS Gold Line,"8,002",
2668,2668,30/9/2023,SRT,"63,478",
2669,2669,30/9/2023,ARL,"57,271",
2670,2670,30/9/2023,Red Line,"16,887",
2671,2671,30/9/2023,MRT Blue Line,"324,831",
2672,2672,30/9/2023,MRT Purple Line,"42,400",
2673,2673,30/9/2023,MRT Yellow Line,"35,283",
2674,2674,30/9/2023,BTS Green Line,"673,213",
2675,2675,30/9/2023,BTS Gold Line,"9,227",
2676,2676,1/10/2023,SRT,"71,161",
2677,2677,1/10/2023,ARL,"49,321",
2678,2678,1/10/2023,Red Line,"14,776",
2679,2679,1/10/2023,MRT Blue Line,"264,271",
2680,2680,1/10/2023,MRT Purple Line,"33,802",
2681,2681,1/10/2023,MRT Yellow Line,"29,305",
2682,2682,1/10/2023,BTS Green Line,"574,695",
2683,2683,1/10/2023,BTS Gold Line,"9,647",
2684,2684,2/10/2023,SRT,"66,158",
2685,2685,2/10/2023,ARL,"70,206",
2686,2686,2/10/2023,Red Line,"24,401",
2687,2687,2/10/2023,MRT Blue Line,"456,483",
2688,2688,2/10/2023,MRT Purple Line,"68,669",
2689,2689,2/10/2023,MRT Yellow Line,"38,176",
2690,2690,2/10/2023,BTS Green Line,"821,870",
2691,2691,2/10/2023,BTS Gold Line,"6,032",
2692,2692,3/10/2023,SRT,"59,445",
2693,2693,3/10/2023,ARL,"73,489",
2694,2694,3/10/2023,Red Line,"25,692",
2695,2695,3/10/2023,MRT Blue Line,"483,011",
2696,2696,3/10/2023,MRT Purple Line,"71,567",
2697,2697,3/10/2023,MRT Yellow Line,"41,759",
2698,2698,3/10/2023,BTS Green Line,"847,903",
2699,2699,3/10/2023,BTS Gold Line,"8,277",
2700,2700,4/10/2023,SRT,"57,236",
2701,2701,4/10/2023,ARL,"68,704",
2702,2702,4/10/2023,Red Line,"24,238",
2703,2703,4/10/2023,MRT Blue Line,"463,883",
2704,2704,4/10/2023,MRT Purple Line,"69,351",
2705,2705,4/10/2023,MRT Yellow Line,"38,541",
2706,2706,4/10/2023,BTS Green Line,"808,255",
2707,2707,4/10/2023,BTS Gold Line,"6,330",
2708,2708,5/10/2023,SRT,"63,090",
2709,2709,5/10/2023,ARL,"69,839",
2710,2710,5/10/2023,Red Line,"25,042",
2711,2711,5/10/2023,MRT Blue Line,"469,649",
2712,2712,5/10/2023,MRT Purple Line,"69,946",
2713,2713,5/10/2023,MRT Yellow Line,"38,243",
2714,2714,5/10/2023,BTS Green Line,"814,461",
2715,2715,5/10/2023,BTS Gold Line,"6,406",
2716,2716,6/10/2023,SRT,"72,473",
2717,2717,6/10/2023,ARL,"73,147",
2718,2718,6/10/2023,Red Line,"26,184",
2719,2719,6/10/2023,MRT Blue Line,"485,529",
2720,2720,6/10/2023,MRT Purple Line,"71,281",
2721,2721,6/10/2023,MRT Yellow Line,"41,153",
2722,2722,6/10/2023,BTS Green Line,"849,924",
2723,2723,6/10/2023,BTS Gold Line,"6,896",
2724,2724,7/10/2023,SRT,"70,339",
2725,2725,7/10/2023,ARL,"54,322",
2726,2726,7/10/2023,Red Line,"18,604",
2727,2727,7/10/2023,MRT Blue Line,"328,519",
2728,2728,7/10/2023,MRT Purple Line,"42,856",
2729,2729,7/10/2023,MRT Yellow Line,"33,009",
2730,2730,7/10/2023,BTS Green Line,"654,249",
2731,2731,7/10/2023,BTS Gold Line,"8,081",
2732,2732,8/10/2023,SRT,"73,865",
2733,2733,8/10/2023,ARL,"47,293",
2734,2734,8/10/2023,Red Line,"15,889",
2735,2735,8/10/2023,MRT Blue Line,"263,962",
2736,2736,8/10/2023,MRT Purple Line,"33,604",
2737,2737,8/10/2023,MRT Yellow Line,"28,710",
2738,2738,8/10/2023,BTS Green Line,"540,110",
2739,2739,8/10/2023,BTS Gold Line,"7,067",
2740,2740,9/10/2023,SRT,"73,152",
2741,2741,9/10/2023,ARL,"70,316",
2742,2742,9/10/2023,Red Line,"24,643",
2743,2743,9/10/2023,MRT Blue Line,"448,069",
2744,2744,9/10/2023,MRT Purple Line,"68,989",
2745,2745,9/10/2023,MRT Yellow Line,"37,119",
2746,2746,9/10/2023,BTS Green Line,"790,111",
2747,2747,9/10/2023,BTS Gold Line,"5,959",
2748,2748,10/10/2023,SRT,"71,532",
2749,2749,10/10/2023,ARL,"70,460",
2750,2750,10/10/2023,Red Line,"25,044",
2751,2751,10/10/2023,MRT Blue Line,"468,597",
2752,2752,10/10/2023,MRT Purple Line,"72,824",
2753,2753,10/10/2023,MRT Yellow Line,"39,235",
2754,2754,10/10/2023,BTS Green Line,"817,651",
2755,2755,10/10/2023,BTS Gold Line,"6,086",
2756,2756,11/10/2023,SRT,"73,593",
2757,2757,11/10/2023,ARL,"69,708",
2758,2758,11/10/2023,Red Line,"24,496",
2759,2759,11/10/2023,MRT Blue Line,"461,617",
2760,2760,11/10/2023,MRT Purple Line,"71,256",
2761,2761,11/10/2023,MRT Yellow Line,"41,110",
2762,2762,11/10/2023,BTS Green Line,"801,243",
2763,2763,11/10/2023,BTS Gold Line,"5,806",
2764,2764,12/10/2023,SRT,"85,563",
2765,2765,12/10/2023,ARL,"74,221",
2766,2766,12/10/2023,Red Line,"27,743",
2767,2767,12/10/2023,MRT Blue Line,"496,272",
2768,2768,12/10/2023,MRT Purple Line,"72,774",
2769,2769,12/10/2023,MRT Yellow Line,"40,347",
2770,2770,12/10/2023,BTS Green Line,"836,560",
2771,2771,12/10/2023,BTS Gold Line,"6,237",
2772,2772,13/10/2023,SRT,"83,866",
2773,2773,13/10/2023,ARL,"50,436",
2774,2774,13/10/2023,Red Line,"16,853",
2775,2775,13/10/2023,MRT Blue Line,"312,628",
2776,2776,13/10/2023,MRT Purple Line,"36,221",
2777,2777,13/10/2023,MRT Yellow Line,"27,326",
2778,2778,13/10/2023,BTS Green Line,"530,466",
2779,2779,13/10/2023,BTS Gold Line,"7,765",
2780,2780,14/10/2023,SRT,"72,634",
2781,2781,14/10/2023,ARL,"51,414",
2782,2782,14/10/2023,Red Line,"16,371",
2783,2783,14/10/2023,MRT Blue Line,"334,720",
2784,2784,14/10/2023,MRT Purple Line,"37,537",
2785,2785,14/10/2023,MRT Yellow Line,"29,312",
2786,2786,14/10/2023,BTS Green Line,"574,196",
2787,2787,14/10/2023,BTS Gold Line,"8,514",
2788,2788,15/10/2023,SRT,"89,115",
2789,2789,15/10/2023,ARL,"49,239",
2790,2790,15/10/2023,Red Line,"16,561",
2791,2791,15/10/2023,MRT Blue Line,"293,724",
2792,2792,15/10/2023,MRT Purple Line,"34,003",
2793,2793,15/10/2023,MRT Yellow Line,"27,192",
2794,2794,15/10/2023,BTS Green Line,"514,075",
2795,2795,15/10/2023,BTS Gold Line,"6,788",
2796,2796,16/10/2023,SRT,"76,738",
2797,2797,16/10/2023,ARL,"69,178",
2798,2798,16/10/2023,Red Line,"25,439",
2799,2799,16/10/2023,MRT Blue Line,"461,053",
2800,2800,16/10/2023,MRT Purple Line,"69,007",
2801,2801,16/10/2023,MRT Yellow Line,"36,181",
2802,2802,16/10/2023,BTS Green Line,"756,321",
2803,2803,16/10/2023,BTS Gold Line,"5,432",
2804,2804,17/10/2023,SRT,"71,222",
2805,2805,17/10/2023,ARL,"69,285",
2806,2806,17/10/2023,Red Line,"27,411",
2807,2807,17/10/2023,MRT Blue Line,"497,319",
2808,2808,17/10/2023,MRT Purple Line,"73,878",
2809,2809,17/10/2023,MRT Yellow Line,"37,038",
2810,2810,17/10/2023,BTS Green Line,"785,605",
2811,2811,17/10/2023,BTS Gold Line,"5,240",
2812,2812,18/10/2023,SRT,"69,629",
2813,2813,18/10/2023,ARL,"69,082",
2814,2814,18/10/2023,Red Line,"27,729",
2815,2815,18/10/2023,MRT Blue Line,"487,077",
2816,2816,18/10/2023,MRT Purple Line,"73,683",
2817,2817,18/10/2023,MRT Yellow Line,"37,847",
2818,2818,18/10/2023,BTS Green Line,"785,546",
2819,2819,18/10/2023,BTS Gold Line,"5,326",
2820,2820,19/10/2023,SRT,"69,455",
2821,2821,19/10/2023,ARL,"70,975",
2822,2822,19/10/2023,Red Line,"27,888",
2823,2823,19/10/2023,MRT Blue Line,"471,272",
2824,2824,19/10/2023,MRT Purple Line,"71,693",
2825,2825,19/10/2023,MRT Yellow Line,"37,476",
2826,2826,19/10/2023,BTS Green Line,"773,606",
2827,2827,19/10/2023,BTS Gold Line,"5,435",
2828,2828,20/10/2023,SRT,"82,358",
2829,2829,20/10/2023,ARL,"74,388",
2830,2830,20/10/2023,Red Line,"31,457",
2831,2831,20/10/2023,MRT Blue Line,"519,919",
2832,2832,20/10/2023,MRT Purple Line,"75,056",
2833,2833,20/10/2023,MRT Yellow Line,"40,730",
2834,2834,20/10/2023,BTS Green Line,"815,028",
2835,2835,20/10/2023,BTS Gold Line,"6,631",
2836,2836,21/10/2023,SRT,"75,524",
2837,2837,21/10/2023,ARL,"54,703",
2838,2838,21/10/2023,Red Line,"22,317",
2839,2839,21/10/2023,MRT Blue Line,"367,629",
2840,2840,21/10/2023,MRT Purple Line,"44,417",
2841,2841,21/10/2023,MRT Yellow Line,"32,023",
2842,2842,21/10/2023,BTS Green Line,"594,520",
2843,2843,21/10/2023,BTS Gold Line,"8,063",
2844,2844,22/10/2023,SRT,"74,501",
2845,2845,22/10/2023,ARL,"48,349",
2846,2846,22/10/2023,Red Line,"19,431",
2847,2847,22/10/2023,MRT Blue Line,"320,869",
2848,2848,22/10/2023,MRT Purple Line,"37,097",
2849,2849,22/10/2023,MRT Yellow Line,"28,784",
2850,2850,22/10/2023,BTS Green Line,"530,991",
2851,2851,22/10/2023,BTS Gold Line,"6,697",
2852,2852,23/10/2023,SRT,"78,587",
2853,2853,23/10/2023,ARL,"44,414",
2854,2854,23/10/2023,Red Line,"18,060",
2855,2855,23/10/2023,MRT Blue Line,"252,607",
2856,2856,23/10/2023,MRT Purple Line,"32,337",
2857,2857,23/10/2023,MRT Yellow Line,"22,769",
2858,2858,23/10/2023,BTS Green Line,"447,970",
2859,2859,23/10/2023,BTS Gold Line,"5,663",
2860,2860,24/10/2023,SRT,"74,697",
2861,2861,24/10/2023,ARL,"72,077",
2862,2862,24/10/2023,Red Line,"28,097",
2863,2863,24/10/2023,MRT Blue Line,"471,228",
2864,2864,24/10/2023,MRT Purple Line,"73,109",
2865,2865,24/10/2023,MRT Yellow Line,"38,313",
2866,2866,24/10/2023,BTS Green Line,"824,118",
2867,2867,24/10/2023,BTS Gold Line,"5,301",
2868,2868,25/10/2023,SRT,"70,090",
2869,2869,25/10/2023,ARL,"69,591",
2870,2870,25/10/2023,Red Line,"27,497",
2871,2871,25/10/2023,MRT Blue Line,"462,806",
2872,2872,25/10/2023,MRT Purple Line,"72,641",
2873,2873,25/10/2023,MRT Yellow Line,"37,902",
2874,2874,25/10/2023,BTS Green Line,"799,392",
2875,2875,25/10/2023,BTS Gold Line,"5,443",
2876,2876,26/10/2023,SRT,"74,051",
2877,2877,26/10/2023,ARL,"70,890",
2878,2878,26/10/2023,Red Line,"28,948",
2879,2879,26/10/2023,MRT Blue Line,"468,279",
2880,2880,26/10/2023,MRT Purple Line,"72,910",
2881,2881,26/10/2023,MRT Yellow Line,"38,703",
2882,2882,26/10/2023,BTS Green Line,"810,308",
2883,2883,26/10/2023,BTS Gold Line,"6,053",
2884,2884,27/10/2023,SRT,"81,539",
2885,2885,27/10/2023,ARL,"72,752",
2886,2886,27/10/2023,Red Line,"34,161",
2887,2887,27/10/2023,MRT Blue Line,"494,335",
2888,2888,27/10/2023,MRT Purple Line,"74,208",
2889,2889,27/10/2023,MRT Yellow Line,"41,946",
2890,2890,27/10/2023,BTS Green Line,"869,736",
2891,2891,27/10/2023,BTS Gold Line,"6,911",
2892,2892,28/10/2023,SRT,"77,549",
2893,2893,28/10/2023,ARL,"54,970",
2894,2894,28/10/2023,Red Line,"24,923",
2895,2895,28/10/2023,MRT Blue Line,"329,134",
2896,2896,28/10/2023,MRT Purple Line,"45,079",
2897,2897,28/10/2023,MRT Yellow Line,"33,983",
2898,2898,28/10/2023,BTS Green Line,"641,566",
2899,2899,28/10/2023,BTS Gold Line,"8,372",
2900,2900,29/10/2023,SRT,"77,810",
2901,2901,29/10/2023,ARL,"48,513",
2902,2902,29/10/2023,Red Line,"20,343",
2903,2903,29/10/2023,MRT Blue Line,"289,927",
2904,2904,29/10/2023,MRT Purple Line,"38,195",
2905,2905,29/10/2023,MRT Yellow Line,"30,751",
2906,2906,29/10/2023,BTS Green Line,"563,220",
2907,2907,29/10/2023,BTS Gold Line,"6,290",
2908,2908,30/10/2023,SRT,"76,956",
2909,2909,30/10/2023,ARL,"67,012",
2910,2910,30/10/2023,Red Line,"26,743",
2911,2911,30/10/2023,MRT Blue Line,"446,783",
2912,2912,30/10/2023,MRT Purple Line,"72,173",
2913,2913,30/10/2023,MRT Yellow Line,"37,620",
2914,2914,30/10/2023,BTS Green Line,"778,358",
2915,2915,30/10/2023,BTS Gold Line,"5,459",
2916,2916,31/10/2023,SRT,"74,682",
2917,2917,31/10/2023,ARL,"70,031",
2918,2918,31/10/2023,Red Line,"27,335",
2919,2919,31/10/2023,MRT Blue Line,"474,472",
2920,2920,31/10/2023,MRT Purple Line,"74,578",
2921,2921,31/10/2023,MRT Yellow Line,"39,510",
2922,2922,31/10/2023,BTS Green Line,"832,730",
2923,2923,31/10/2023,BTS Gold Line,"4,943",
2924,2924,1/11/2023,SRT,"71,745",
2925,2925,1/11/2023,ARL,"68,718",
2926,2926,1/11/2023,Red Line,"27,283",
2927,2927,1/11/2023,MRT Blue Line,"478,340",
2928,2928,1/11/2023,MRT Purple Line,"76,543",
2929,2929,1/11/2023,MRT Yellow Line,"39,932",
2930,2930,1/11/2023,BTS Green Line,"836,894",
2931,2931,1/11/2023,BTS Gold Line,"5,064",
2932,2932,2/11/2023,SRT,"69,220",
2933,2933,2/11/2023,ARL,"70,804",
2934,2934,2/11/2023,Red Line,"27,239",
2935,2935,2/11/2023,MRT Blue Line,"475,005",
2936,2936,2/11/2023,MRT Purple Line,"75,113",
2937,2937,2/11/2023,MRT Yellow Line,"39,527",
2938,2938,2/11/2023,BTS Green Line,"835,593",
2939,2939,2/11/2023,BTS Gold Line,"5,116",
2940,2940,3/11/2023,SRT,"78,629",
2941,2941,3/11/2023,ARL,"74,288",
2942,2942,3/11/2023,Red Line,"29,904",
2943,2943,3/11/2023,MRT Blue Line,"491,914",
2944,2944,3/11/2023,MRT Purple Line,"76,663",
2945,2945,3/11/2023,MRT Yellow Line,"40,841",
2946,2946,3/11/2023,BTS Green Line,"904,556",
2947,2947,3/11/2023,BTS Gold Line,"6,379",
2948,2948,4/11/2023,SRT,"73,756",
2949,2949,4/11/2023,ARL,"53,813",
2950,2950,4/11/2023,Red Line,"20,685",
2951,2951,4/11/2023,MRT Blue Line,"321,347",
2952,2952,4/11/2023,MRT Purple Line,"49,733",
2953,2953,4/11/2023,MRT Yellow Line,"33,733",
2954,2954,4/11/2023,BTS Green Line,"657,111",
2955,2955,4/11/2023,BTS Gold Line,"7,865",
2956,2956,5/11/2023,SRT,"76,631",
2957,2957,5/11/2023,ARL,"57,739",
2958,2958,5/11/2023,Red Line,"18,632",
2959,2959,5/11/2023,MRT Blue Line,"263,929",
2960,2960,5/11/2023,MRT Purple Line,"41,604",
2961,2961,5/11/2023,MRT Yellow Line,"30,920",
2962,2962,5/11/2023,BTS Green Line,"566,960",
2963,2963,5/11/2023,BTS Gold Line,"6,471",
2964,2964,6/11/2023,SRT,"70,666",
2965,2965,6/11/2023,ARL,"69,111",
2966,2966,6/11/2023,Red Line,"26,838",
2967,2967,6/11/2023,MRT Blue Line,"467,736",
2968,2968,6/11/2023,MRT Purple Line,"74,064",
2969,2969,6/11/2023,MRT Yellow Line,"39,648",
2970,2970,6/11/2023,BTS Green Line,"832,769",
2971,2971,6/11/2023,BTS Gold Line,"5,350",
2972,2972,7/11/2023,SRT,"66,385",
2973,2973,7/11/2023,ARL,"72,292",
2974,2974,7/11/2023,Red Line,"28,354",
2975,2975,7/11/2023,MRT Blue Line,"486,567",
2976,2976,7/11/2023,MRT Purple Line,"76,926",
2977,2977,7/11/2023,MRT Yellow Line,"41,221",
2978,2978,7/11/2023,BTS Green Line,"871,468",
2979,2979,7/11/2023,BTS Gold Line,"6,082",
2980,2980,8/11/2023,SRT,"65,209",
2981,2981,8/11/2023,ARL,"69,893",
2982,2982,8/11/2023,Red Line,"27,631",
2983,2983,8/11/2023,MRT Blue Line,"486,423",
2984,2984,8/11/2023,MRT Purple Line,"76,293",
2985,2985,8/11/2023,MRT Yellow Line,"41,921",
2986,2986,8/11/2023,BTS Green Line,"836,539",
2987,2987,8/11/2023,BTS Gold Line,"5,777",
2988,2988,9/11/2023,SRT,"66,638",
2989,2989,9/11/2023,ARL,"71,541",
2990,2990,9/11/2023,Red Line,"27,189",
2991,2991,9/11/2023,MRT Blue Line,"471,312",
2992,2992,9/11/2023,MRT Purple Line,"73,934",
2993,2993,9/11/2023,MRT Yellow Line,"38,350",
2994,2994,9/11/2023,BTS Green Line,"862,227",
2995,2995,9/11/2023,BTS Gold Line,"7,799",
2996,2996,10/11/2023,SRT,"78,788",
2997,2997,10/11/2023,ARL,"74,119",
2998,2998,10/11/2023,Red Line,"31,188",
2999,2999,10/11/2023,MRT Blue Line,"494,835",
3000,3000,10/11/2023,MRT Purple Line,"76,428",
3001,3001,10/11/2023,MRT Yellow Line,"42,407",
3002,3002,10/11/2023,BTS Green Line,"890,535",
3003,3003,10/11/2023,BTS Gold Line,"7,829",
3004,3004,11/11/2023,SRT,"75,485",
3005,3005,11/11/2023,ARL,"62,673",
3006,3006,11/11/2023,Red Line,"21,178",
3007,3007,11/11/2023,MRT Blue Line,"360,310",
3008,3008,11/11/2023,MRT Purple Line,"46,972",
3009,3009,11/11/2023,MRT Yellow Line,"34,085",
3010,3010,11/11/2023,BTS Green Line,"763,747",
3011,3011,11/11/2023,BTS Gold Line,"8,898",
3012,3012,12/11/2023,SRT,"73,894",
3013,3013,12/11/2023,ARL,"51,013",
3014,3014,12/11/2023,Red Line,"18,588",
3015,3015,12/11/2023,MRT Blue Line,"284,352",
3016,3016,12/11/2023,MRT Purple Line,"36,993",
3017,3017,12/11/2023,MRT Yellow Line,"28,484",
3018,3018,12/11/2023,BTS Green Line,"593,402",
3019,3019,12/11/2023,BTS Gold Line,"6,142",
3020,3020,13/11/2023,SRT,"69,703",
3021,3021,13/11/2023,ARL,"69,177",
3022,3022,13/11/2023,Red Line,"26,464",
3023,3023,13/11/2023,MRT Blue Line,"453,272",
3024,3024,13/11/2023,MRT Purple Line,"71,515",
3025,3025,13/11/2023,MRT Yellow Line,"36,523",
3026,3026,13/11/2023,BTS Green Line,"828,926",
3027,3027,13/11/2023,BTS Gold Line,"6,022",
3028,3028,14/11/2023,SRT,"64,961",
3029,3029,14/11/2023,ARL,"72,302",
3030,3030,14/11/2023,Red Line,"26,804",
3031,3031,14/11/2023,MRT Blue Line,"466,204",
3032,3032,14/11/2023,MRT Purple Line,"73,839",
3033,3033,14/11/2023,MRT Yellow Line,"36,349",
3034,3034,14/11/2023,BTS Green Line,"850,465",
3035,3035,14/11/2023,BTS Gold Line,"5,239",
3036,3036,15/11/2023,SRT,"64,098",
3037,3037,15/11/2023,ARL,"71,135",
3038,3038,15/11/2023,Red Line,"27,129",
3039,3039,15/11/2023,MRT Blue Line,"481,301",
3040,3040,15/11/2023,MRT Purple Line,"75,541",
3041,3041,15/11/2023,MRT Yellow Line,"37,067",
3042,3042,15/11/2023,BTS Green Line,"844,779",
3043,3043,15/11/2023,BTS Gold Line,"5,412",
3044,3044,16/11/2023,SRT,"64,503",
3045,3045,16/11/2023,ARL,"73,545",
3046,3046,16/11/2023,Red Line,"28,590",
3047,3047,16/11/2023,MRT Blue Line,"471,521",
3048,3048,16/11/2023,MRT Purple Line,"73,929",
3049,3049,16/11/2023,MRT Yellow Line,"39,455",
3050,3050,16/11/2023,BTS Green Line,"817,606",
3051,3051,16/11/2023,BTS Gold Line,"5,743",
3052,3052,17/11/2023,SRT,"77,976",
3053,3053,17/11/2023,ARL,"72,075",
3054,3054,17/11/2023,Red Line,"30,494",
3055,3055,17/11/2023,MRT Blue Line,"482,259",
3056,3056,17/11/2023,MRT Purple Line,"74,785",
3057,3057,17/11/2023,MRT Yellow Line,"39,642",
3058,3058,17/11/2023,BTS Green Line,"840,315",
3059,3059,17/11/2023,BTS Gold Line,"6,880",
3060,3060,18/11/2023,SRT,"69,692",
3061,3061,18/11/2023,ARL,"54,106",
3062,3062,18/11/2023,Red Line,"19,902",
3063,3063,18/11/2023,MRT Blue Line,"321,668",
3064,3064,18/11/2023,MRT Purple Line,"44,735",
3065,3065,18/11/2023,MRT Yellow Line,"31,552",
3066,3066,18/11/2023,BTS Green Line,"641,686",
3067,3067,18/11/2023,BTS Gold Line,"7,584",
3068,3068,19/11/2023,SRT,"73,364",
3069,3069,19/11/2023,ARL,"45,840",
3070,3070,19/11/2023,Red Line,"17,252",
3071,3071,19/11/2023,MRT Blue Line,"247,872",
3072,3072,19/11/2023,MRT Purple Line,"35,312",
3073,3073,19/11/2023,MRT Yellow Line,"25,322",
3074,3074,19/11/2023,BTS Green Line,"502,850",
3075,3075,19/11/2023,BTS Gold Line,"6,282",
3076,3076,20/11/2023,SRT,"69,894",
3077,3077,20/11/2023,ARL,"68,076",
3078,3078,20/11/2023,Red Line,"27,577",
3079,3079,20/11/2023,MRT Blue Line,"449,366",
3080,3080,20/11/2023,MRT Purple Line,"73,687",
3081,3081,20/11/2023,MRT Yellow Line,"35,417",
3082,3082,20/11/2023,BTS Green Line,"784,145",
3083,3083,20/11/2023,BTS Gold Line,"5,582",
3084,3084,21/11/2023,SRT,"64,368",
3085,3085,21/11/2023,ARL,"70,377",
3086,3086,21/11/2023,Red Line,"28,471",
3087,3087,21/11/2023,MRT Blue Line,"474,708",
3088,3088,21/11/2023,MRT Purple Line,"76,960",
3089,3089,21/11/2023,MRT Yellow Line,"35,667",
3090,3090,21/11/2023,MRT Pink Line,"50,910",
3091,3091,21/11/2023,BTS Green Line,"824,870",
3092,3092,21/11/2023,BTS Gold Line,"5,268",
3093,3093,22/11/2023,SRT,"64,229",
3094,3094,22/11/2023,ARL,"69,936",
3095,3095,22/11/2023,Red Line,"29,143",
3096,3096,22/11/2023,MRT Blue Line,"478,749",
3097,3097,22/11/2023,MRT Purple Line,"78,355",
3098,3098,22/11/2023,MRT Yellow Line,"35,601",
3099,3099,22/11/2023,MRT Pink Line,"98,262",
3100,3100,22/11/2023,BTS Green Line,"841,570",
3101,3101,22/11/2023,BTS Gold Line,"6,000",
3102,3102,23/11/2023,SRT,"65,755",
3103,3103,23/11/2023,ARL,"70,628",
3104,3104,23/11/2023,Red Line,"29,422",
3105,3105,23/11/2023,MRT Blue Line,"470,505",
3106,3106,23/11/2023,MRT Purple Line,"77,219",
3107,3107,23/11/2023,MRT Yellow Line,"35,276",
3108,3108,23/11/2023,MRT Pink Line,"94,086",
3109,3109,23/11/2023,BTS Green Line,"842,143",
3110,3110,23/11/2023,BTS Gold Line,"5,876",
3111,3111,24/11/2023,SRT,"79,405",
3112,3112,24/11/2023,ARL,"73,124",
3113,3113,24/11/2023,Red Line,"31,930",
3114,3114,24/11/2023,MRT Blue Line,"490,340",
3115,3115,24/11/2023,MRT Purple Line,"78,769",
3116,3116,24/11/2023,MRT Yellow Line,"37,590",
3117,3117,24/11/2023,MRT Pink Line,"98,828",
3118,3118,24/11/2023,BTS Green Line,"892,348",
3119,3119,24/11/2023,BTS Gold Line,"7,628",
3120,3120,25/11/2023,SRT,"74,106",
3121,3121,25/11/2023,ARL,"55,922",
3122,3122,25/11/2023,Red Line,"26,151",
3123,3123,25/11/2023,MRT Blue Line,"330,371",
3124,3124,25/11/2023,MRT Purple Line,"48,148",
3125,3125,25/11/2023,MRT Yellow Line,"30,142",
3126,3126,25/11/2023,MRT Pink Line,"97,919",
3127,3127,25/11/2023,BTS Green Line,"680,969",
3128,3128,25/11/2023,BTS Gold Line,"7,814",
3129,3129,26/11/2023,SRT,"77,289",
3130,3130,26/11/2023,ARL,"50,552",
3131,3131,26/11/2023,Red Line,"22,892",
3132,3132,26/11/2023,MRT Blue Line,"278,046",
3133,3133,26/11/2023,MRT Purple Line,"40,049",
3134,3134,26/11/2023,MRT Yellow Line,"25,801",
3135,3135,26/11/2023,MRT Pink Line,"91,174",
3136,3136,26/11/2023,BTS Green Line,"586,016",
3137,3137,26/11/2023,BTS Gold Line,"7,452",
3138,3138,27/11/2023,SRT,"67,561",
3139,3139,27/11/2023,ARL,"74,005",
3140,3140,27/11/2023,Red Line,"33,819",
3141,3141,27/11/2023,MRT Blue Line,"510,288",
3142,3142,27/11/2023,MRT Purple Line,"82,358",
3143,3143,27/11/2023,MRT Yellow Line,"40,198",
3144,3144,27/11/2023,MRT Pink Line,"93,595",
3145,3145,27/11/2023,BTS Green Line,"981,658",
3146,3146,27/11/2023,BTS Gold Line,"17,182",
3147,3147,28/11/2023,SRT,"65,487",
3148,3148,28/11/2023,ARL,"71,402",
3149,3149,28/11/2023,Red Line,"30,865",
3150,3150,28/11/2023,MRT Blue Line,"472,780",
3151,3151,28/11/2023,MRT Purple Line,"79,205",
3152,3152,28/11/2023,MRT Yellow Line,"36,140",
3153,3153,28/11/2023,MRT Pink Line,"89,130",
3154,3154,28/11/2023,BTS Green Line,"844,960",
3155,3155,28/11/2023,BTS Gold Line,"5,466",
3156,3156,29/11/2023,SRT,"64,085",
3157,3157,29/11/2023,ARL,"70,562",
3158,3158,29/11/2023,Red Line,"30,464",
3159,3159,29/11/2023,MRT Blue Line,"478,219",
3160,3160,29/11/2023,MRT Purple Line,"79,815",
3161,3161,29/11/2023,MRT Yellow Line,"36,532",
3162,3162,29/11/2023,MRT Pink Line,"92,108",
3163,3163,29/11/2023,BTS Green Line,"864,646",
3164,3164,29/11/2023,BTS Gold Line,"5,731",
3165,3165,30/11/2023,SRT,"68,080",
3166,3166,30/11/2023,ARL,"71,434",
3167,3167,30/11/2023,Red Line,"30,974",
3168,3168,30/11/2023,MRT Blue Line,"479,664",
3169,3169,30/11/2023,MRT Purple Line,"79,319",
3170,3170,30/11/2023,MRT Yellow Line,"39,331",
3171,3171,30/11/2023,MRT Pink Line,"90,569",
3172,3172,30/11/2023,BTS Green Line,"883,472",
3173,3173,30/11/2023,BTS Gold Line,"7,554",
3174,3174,1/12/2023,SRT,"83,223",
3175,3175,1/12/2023,ARL,"75,246",
3176,3176,1/12/2023,Red Line,"34,719",
3177,3177,1/12/2023,MRT Blue Line,"505,682",
3178,3178,1/12/2023,MRT Purple Line,"83,274",
3179,3179,1/12/2023,MRT Yellow Line,"46,750",
3180,3180,1/12/2023,MRT Pink Line,"94,503",
3181,3181,1/12/2023,BTS Green Line,"946,650",
3182,3182,1/12/2023,BTS Gold Line,"6,978",
3183,3183,2/12/2023,SRT,"75,145",
3184,3184,2/12/2023,ARL,"56,178",
3185,3185,2/12/2023,Red Line,"22,885",
3186,3186,2/12/2023,MRT Blue Line,"336,693",
3187,3187,2/12/2023,MRT Purple Line,"51,283",
3188,3188,2/12/2023,MRT Yellow Line,"37,749",
3189,3189,2/12/2023,MRT Pink Line,"89,297",
3190,3190,2/12/2023,BTS Green Line,"690,523",
3191,3191,2/12/2023,BTS Gold Line,"7,858",
3192,3192,3/12/2023,SRT,"75,846",
3193,3193,3/12/2023,ARL,"49,542",
3194,3194,3/12/2023,Red Line,"20,824",
3195,3195,3/12/2023,MRT Blue Line,"273,995",
3196,3196,3/12/2023,MRT Purple Line,"41,972",
3197,3197,3/12/2023,MRT Yellow Line,"39,051",
3198,3198,3/12/2023,MRT Pink Line,"85,197",
3199,3199,3/12/2023,BTS Green Line,"600,865",
3200,3200,3/12/2023,BTS Gold Line,"7,246",
3201,3201,4/12/2023,SRT,"73,169",
3202,3202,4/12/2023,ARL,"65,736",
3203,3203,4/12/2023,Red Line,"28,064",
3204,3204,4/12/2023,MRT Blue Line,"415,267",
3205,3205,4/12/2023,MRT Purple Line,"70,952",
3206,3206,4/12/2023,MRT Yellow Line,"40,004",
3207,3207,4/12/2023,MRT Pink Line,"89,080",
3208,3208,4/12/2023,BTS Green Line,"800,968",
3209,3209,4/12/2023,BTS Gold Line,"7,093",
3210,3210,5/12/2023,SRT,"76,252",
3211,3211,5/12/2023,ARL,"44,522",
3212,3212,5/12/2023,Red Line,"18,112",
3213,3213,5/12/2023,MRT Blue Line,"240,150",
3214,3214,5/12/2023,MRT Purple Line,"37,075",
3215,3215,5/12/2023,MRT Yellow Line,"40,379",
3216,3216,5/12/2023,MRT Pink Line,"83,437",
3217,3217,5/12/2023,BTS Green Line,"517,582",
3218,3218,5/12/2023,BTS Gold Line,"7,089",
3219,3219,6/12/2023,SRT,"67,292",
3220,3220,6/12/2023,ARL,"70,377",
3221,3221,6/12/2023,Red Line,"29,738",
3222,3222,6/12/2023,MRT Blue Line,"448,245",
3223,3223,6/12/2023,MRT Purple Line,"79,423",
3224,3224,6/12/2023,MRT Yellow Line,"40,455",
3225,3225,6/12/2023,MRT Pink Line,"89,923",
3226,3226,6/12/2023,BTS Green Line,"866,511",
3227,3227,6/12/2023,BTS Gold Line,"5,560",
3228,3228,7/12/2023,SRT,"69,044",
3229,3229,7/12/2023,ARL,"71,405",
3230,3230,7/12/2023,Red Line,"30,787",
3231,3231,7/12/2023,MRT Blue Line,"469,277",
3232,3232,7/12/2023,MRT Purple Line,"77,453",
3233,3233,7/12/2023,MRT Yellow Line,"41,184",
3234,3234,7/12/2023,MRT Pink Line,"88,513",
3235,3235,7/12/2023,BTS Green Line,"870,820",
3236,3236,7/12/2023,BTS Gold Line,"9,984",
3237,3237,8/12/2023,SRT,"86,013",
3238,3238,8/12/2023,ARL,"79,935",
3239,3239,8/12/2023,Red Line,"34,515",
3240,3240,8/12/2023,MRT Blue Line,"512,450",
3241,3241,8/12/2023,MRT Purple Line,"81,373",
3242,3242,8/12/2023,MRT Yellow Line,"49,579",
3243,3243,8/12/2023,MRT Pink Line,"95,038",
3244,3244,8/12/2023,BTS Green Line,"954,047",
3245,3245,8/12/2023,BTS Gold Line,"7,840",
3246,3246,9/12/2023,SRT,"78,035",
3247,3247,9/12/2023,ARL,"60,471",
3248,3248,9/12/2023,Red Line,"25,450",
3249,3249,9/12/2023,MRT Blue Line,"369,989",
3250,3250,9/12/2023,MRT Purple Line,"49,031",
3251,3251,9/12/2023,MRT Yellow Line,"39,887",
3252,3252,9/12/2023,MRT Pink Line,"81,524",
3253,3253,9/12/2023,BTS Green Line,"681,691",
3254,3254,9/12/2023,BTS Gold Line,"9,055",
3255,3255,10/12/2023,SRT,"76,680",
3256,3256,10/12/2023,ARL,"51,872",
3257,3257,10/12/2023,Red Line,"24,491",
3258,3258,10/12/2023,MRT Blue Line,"329,511",
3259,3259,10/12/2023,MRT Purple Line,"41,710",
3260,3260,10/12/2023,MRT Yellow Line,"39,371",
3261,3261,10/12/2023,MRT Pink Line,"80,353",
3262,3262,10/12/2023,BTS Green Line,"614,664",
3263,3263,10/12/2023,BTS Gold Line,"7,952",
3264,3264,11/12/2023,SRT,"79,080",
3265,3265,11/12/2023,ARL,"50,821",
3266,3266,11/12/2023,Red Line,"20,554",
3267,3267,11/12/2023,MRT Blue Line,"296,934",
3268,3268,11/12/2023,MRT Purple Line,"42,407",
3269,3269,11/12/2023,MRT Yellow Line,"28,556",
3270,3270,11/12/2023,MRT Pink Line,"71,140",
3271,3271,11/12/2023,BTS Green Line,"564,736",
3272,3272,11/12/2023,BTS Gold Line,"6,359",
3273,3273,12/12/2023,SRT,"70,187",
3274,3274,12/12/2023,ARL,"73,481",
3275,3275,12/12/2023,Red Line,"31,091",
3276,3276,12/12/2023,MRT Blue Line,"492,213",
3277,3277,12/12/2023,MRT Purple Line,"80,112",
3278,3278,12/12/2023,MRT Yellow Line,"39,821",
3279,3279,12/12/2023,MRT Pink Line,"91,788",
3280,3280,12/12/2023,BTS Green Line,"862,875",
3281,3281,12/12/2023,BTS Gold Line,"5,646",
3282,3282,13/12/2023,SRT,"64,060",
3283,3283,13/12/2023,ARL,"70,885",
3284,3284,13/12/2023,Red Line,"30,936",
3285,3285,13/12/2023,MRT Blue Line,"488,797",
3286,3286,13/12/2023,MRT Purple Line,"77,967",
3287,3287,13/12/2023,MRT Yellow Line,"38,741",
3288,3288,13/12/2023,MRT Pink Line,"87,850",
3289,3289,13/12/2023,BTS Green Line,"826,690",
3290,3290,13/12/2023,BTS Gold Line,"6,013",
3291,3291,14/12/2023,SRT,"66,026",
3292,3292,14/12/2023,ARL,"70,805",
3293,3293,14/12/2023,Red Line,"30,541",
3294,3294,14/12/2023,MRT Blue Line,"493,357",
3295,3295,14/12/2023,MRT Purple Line,"78,127",
3296,3296,14/12/2023,MRT Yellow Line,"38,954",
3297,3297,14/12/2023,MRT Pink Line,"85,832",
3298,3298,14/12/2023,BTS Green Line,"863,778",
3299,3299,14/12/2023,BTS Gold Line,"6,973",
3300,3300,15/12/2023,SRT,"78,854",
3301,3301,15/12/2023,ARL,"73,972",
3302,3302,15/12/2023,Red Line,"33,256",
3303,3303,15/12/2023,MRT Blue Line,"520,735",
3304,3304,15/12/2023,MRT Purple Line,"80,699",
3305,3305,15/12/2023,MRT Yellow Line,"42,392",
3306,3306,15/12/2023,MRT Pink Line,"96,409",
3307,3307,15/12/2023,BTS Green Line,"927,765",
3308,3308,15/12/2023,BTS Gold Line,"8,106",
3309,3309,16/12/2023,SRT,"68,188",
3310,3310,16/12/2023,ARL,"57,792",
3311,3311,16/12/2023,Red Line,"23,353",
3312,3312,16/12/2023,MRT Blue Line,"387,780",
3313,3313,16/12/2023,MRT Purple Line,"50,474",
3314,3314,16/12/2023,MRT Yellow Line,"34,585",
3315,3315,16/12/2023,MRT Pink Line,"80,216",
3316,3316,16/12/2023,BTS Green Line,"728,222",
3317,3317,16/12/2023,BTS Gold Line,"8,286",
3318,3318,17/12/2023,SRT,"73,335",
3319,3319,17/12/2023,ARL,"51,877",
3320,3320,17/12/2023,Red Line,"20,969",
3321,3321,17/12/2023,MRT Blue Line,"322,703",
3322,3322,17/12/2023,MRT Purple Line,"42,287",
3323,3323,17/12/2023,MRT Yellow Line,"29,766",
3324,3324,17/12/2023,MRT Pink Line,"77,124",
3325,3325,17/12/2023,BTS Green Line,"621,366",
3326,3326,17/12/2023,BTS Gold Line,"7,137",
3327,3327,18/12/2023,SRT,"68,619",
3328,3328,18/12/2023,ARL,"69,833",
3329,3329,18/12/2023,Red Line,"32,175",
3330,3330,18/12/2023,MRT Blue Line,"477,163",
3331,3331,18/12/2023,MRT Purple Line,"78,330",
3332,3332,18/12/2023,MRT Yellow Line,"37,123",
3333,3333,18/12/2023,MRT Pink Line,"94,052",
3334,3334,18/12/2023,BTS Green Line,"834,397",
3335,3335,18/12/2023,BTS Gold Line,"7,003",
3336,3336,19/12/2023,SRT,"63,800",
3337,3337,19/12/2023,ARL,"69,141",
3338,3338,19/12/2023,Red Line,"29,976",
3339,3339,19/12/2023,MRT Blue Line,"450,560",
3340,3340,19/12/2023,MRT Purple Line,"77,314",
3341,3341,19/12/2023,MRT Yellow Line,"36,803",
3342,3342,19/12/2023,MRT Pink Line,"96,029",
3343,3343,19/12/2023,BTS Green Line,"841,516",
3344,3344,19/12/2023,BTS Gold Line,"6,468",
3345,3345,20/12/2023,SRT,"66,294",
3346,3346,20/12/2023,ARL,"68,705",
3347,3347,20/12/2023,Red Line,"29,935",
3348,3348,20/12/2023,MRT Blue Line,"458,593",
3349,3349,20/12/2023,MRT Purple Line,"77,649",
3350,3350,20/12/2023,MRT Yellow Line,"37,211",
3351,3351,20/12/2023,MRT Pink Line,"94,108",
3352,3352,20/12/2023,BTS Green Line,"849,614",
3353,3353,20/12/2023,BTS Gold Line,"7,319",
3354,3354,21/12/2023,SRT,"69,106",
3355,3355,21/12/2023,ARL,"70,113",
3356,3356,21/12/2023,Red Line,"30,282",
3357,3357,21/12/2023,MRT Blue Line,"459,167",
3358,3358,21/12/2023,MRT Purple Line,"77,488",
3359,3359,21/12/2023,MRT Yellow Line,"37,932",
3360,3360,21/12/2023,MRT Pink Line,"99,882",
3361,3361,21/12/2023,BTS Green Line,"870,395",
3362,3362,21/12/2023,BTS Gold Line,"9,815",
3363,3363,22/12/2023,SRT,"79,891",
3364,3364,22/12/2023,ARL,"80,396",
3365,3365,22/12/2023,Red Line,"33,241",
3366,3366,22/12/2023,MRT Blue Line,"513,477",
3367,3367,22/12/2023,MRT Purple Line,"80,719",
3368,3368,22/12/2023,MRT Yellow Line,"42,419",
3369,3369,22/12/2023,MRT Pink Line,"107,203",
3370,3370,22/12/2023,BTS Green Line,"983,059",
3371,3371,22/12/2023,BTS Gold Line,"8,884",
3372,3372,23/12/2023,SRT,"70,738",
3373,3373,23/12/2023,ARL,"62,009",
3374,3374,23/12/2023,Red Line,"22,472",
3375,3375,23/12/2023,MRT Blue Line,"329,373",
3376,3376,23/12/2023,MRT Purple Line,"47,559",
3377,3377,23/12/2023,MRT Yellow Line,"34,761",
3378,3378,23/12/2023,MRT Pink Line,"83,784",
3379,3379,23/12/2023,BTS Green Line,"702,237",
3380,3380,23/12/2023,BTS Gold Line,"13,507",
3381,3381,24/12/2023,SRT,"72,638",
3382,3382,24/12/2023,ARL,"54,262",
3383,3383,24/12/2023,Red Line,"17,899",
3384,3384,24/12/2023,MRT Blue Line,"273,776",
3385,3385,24/12/2023,MRT Purple Line,"38,469",
3386,3386,24/12/2023,MRT Yellow Line,"30,425",
3387,3387,24/12/2023,MRT Pink Line,"15,174",
3388,3388,24/12/2023,BTS Green Line,"641,946",
3389,3389,24/12/2023,BTS Gold Line,"13,341",
3390,3390,25/12/2023,SRT,"68,718",
3391,3391,25/12/2023,ARL,"69,583",
3392,3392,25/12/2023,Red Line,"27,702",
3393,3393,25/12/2023,MRT Blue Line,"435,770",
3394,3394,25/12/2023,MRT Purple Line,"69,446",
3395,3395,25/12/2023,MRT Yellow Line,"36,485",
3396,3396,25/12/2023,MRT Pink Line,"58,772",
3397,3397,25/12/2023,BTS Green Line,"892,950",
3398,3398,25/12/2023,BTS Gold Line,"11,182",
3399,3399,26/12/2023,SRT,"69,997",
3400,3400,26/12/2023,ARL,"64,544",
3401,3401,26/12/2023,Red Line,"26,190",
3402,3402,26/12/2023,MRT Blue Line,"413,814",
3403,3403,26/12/2023,MRT Purple Line,"67,032",
3404,3404,26/12/2023,MRT Yellow Line,"33,892",
3405,3405,26/12/2023,MRT Pink Line,"60,981",
3406,3406,26/12/2023,BTS Green Line,"794,268",
3407,3407,26/12/2023,BTS Gold Line,"8,705",
3408,3408,27/12/2023,SRT,"77,247",
3409,3409,27/12/2023,ARL,"63,657",
3410,3410,27/12/2023,Red Line,"26,330",
3411,3411,27/12/2023,MRT Blue Line,"409,164",
3412,3412,27/12/2023,MRT Purple Line,"66,269",
3413,3413,27/12/2023,MRT Yellow Line,"34,137",
3414,3414,27/12/2023,MRT Pink Line,"65,179",
3415,3415,27/12/2023,BTS Green Line,"784,918",
3416,3416,27/12/2023,BTS Gold Line,"11,322",
3417,3417,28/12/2023,SRT,"91,897",
3418,3418,28/12/2023,ARL,"64,135",
3419,3419,28/12/2023,Red Line,"26,665",
3420,3420,28/12/2023,MRT Blue Line,"391,099",
3421,3421,28/12/2023,MRT Purple Line,"61,322",
3422,3422,28/12/2023,MRT Yellow Line,"34,510",
3423,3423,28/12/2023,MRT Pink Line,"65,454",
3424,3424,28/12/2023,BTS Green Line,"759,704",
3425,3425,28/12/2023,BTS Gold Line,"9,483",
3426,3426,29/12/2023,SRT,"90,322",
3427,3427,29/12/2023,ARL,"53,058",
3428,3428,29/12/2023,Red Line,"20,003",
3429,3429,29/12/2023,MRT Blue Line,"303,326",
3430,3430,29/12/2023,MRT Purple Line,"40,582",
3431,3431,29/12/2023,MRT Yellow Line,"31,451",
3432,3432,29/12/2023,MRT Pink Line,"52,094",
3433,3433,29/12/2023,BTS Green Line,"595,341",
3434,3434,29/12/2023,BTS Gold Line,"14,009",
3435,3435,30/12/2023,SRT,"84,683",
3436,3436,30/12/2023,ARL,"49,204",
3437,3437,30/12/2023,Red Line,"17,831",
3438,3438,30/12/2023,MRT Blue Line,"275,617",
3439,3439,30/12/2023,MRT Purple Line,"33,773",
3440,3440,30/12/2023,MRT Yellow Line,"30,588",
3441,3441,30/12/2023,MRT Pink Line,"41,760",
3442,3442,30/12/2023,BTS Green Line,"580,100",
3443,3443,30/12/2023,BTS Gold Line,"16,233",
3444,3444,31/12/2023,SRT,"76,413",
3445,3445,31/12/2023,ARL,"58,518",
3446,3446,31/12/2023,Red Line,"19,703",
3447,3447,31/12/2023,MRT Blue Line,"322,400",
3448,3448,31/12/2023,MRT Purple Line,"42,088",
3449,3449,31/12/2023,MRT Yellow Line,"38,843",
3450,3450,31/12/2023,MRT Pink Line,"49,184",
3451,3451,31/12/2023,BTS Green Line,"698,327",
3452,3452,31/12/2023,BTS Gold Line,"28,660",
3453,3453,1/1/2024,SRT,"100,024",
3454,3454,1/1/2024,ARL,"47,876",
3455,3455,1/1/2024,Red Line,"19,532",
3456,3456,1/1/2024,MRT Blue Line,"267,711",
3457,3457,1/1/2024,MRT Purple Line,"33,227",
3458,3458,1/1/2024,MRT Yellow Line,"30,088",
3459,3459,1/1/2024,MRT Pink Line,"46,532",
3460,3460,1/1/2024,BTS Green Line,"460,182",
3461,3461,1/1/2024,BTS Gold Line,"6,508",
3462,3462,2/1/2024,SRT,"93,564",
3463,3463,2/1/2024,ARL,"57,709",
3464,3464,2/1/2024,Red Line,"23,920",
3465,3465,2/1/2024,MRT Blue Line,"330,667",
3466,3466,2/1/2024,MRT Purple Line,"50,182",
3467,3467,2/1/2024,MRT Yellow Line,"31,550",
3468,3468,2/1/2024,MRT Pink Line,"54,814",
3469,3469,2/1/2024,BTS Green Line,"592,799",
3470,3470,2/1/2024,BTS Gold Line,"6,879",
3471,3471,3/1/2024,SRT,"78,724",
3472,3472,3/1/2024,ARL,"64,694",
3473,3473,3/1/2024,Red Line,"28,147",
3474,3474,3/1/2024,MRT Blue Line,"419,468",
3475,3475,3/1/2024,MRT Purple Line,"69,042",
3476,3476,3/1/2024,MRT Yellow Line, - ,
3477,3477,3/1/2024,MRT Pink Line,"63,392",
3478,3478,3/1/2024,BTS Green Line,"715,330",
3479,3479,3/1/2024,BTS Gold Line,"6,143",
3480,3480,4/1/2024,SRT,"72,247",
3481,3481,4/1/2024,ARL,"65,991",
3482,3482,4/1/2024,Red Line,"28,552",
3483,3483,4/1/2024,MRT Blue Line,"436,608",
3484,3484,4/1/2024,MRT Purple Line,"71,921",
3485,3485,4/1/2024,MRT Yellow Line,"40,306",
3486,3486,4/1/2024,MRT Pink Line,"66,522",
3487,3487,4/1/2024,BTS Green Line,"731,502",
3488,3488,4/1/2024,BTS Gold Line,"5,645",
3489,3489,5/1/2024,SRT,"76,067",
3490,3490,5/1/2024,ARL,"67,438",
3491,3491,5/1/2024,Red Line,"30,769",
3492,3492,5/1/2024,MRT Blue Line,"453,078",
3493,3493,5/1/2024,MRT Purple Line,"75,180",
3494,3494,5/1/2024,MRT Yellow Line,"46,948",
3495,3495,5/1/2024,MRT Pink Line,"71,202",
3496,3496,5/1/2024,BTS Green Line,"767,672",
3497,3497,5/1/2024,BTS Gold Line,"6,615",
3498,3498,6/1/2024,SRT,"67,383",
3499,3499,6/1/2024,ARL,"49,555",
3500,3500,6/1/2024,Red Line,"20,927",
3501,3501,6/1/2024,MRT Blue Line,"319,237",
3502,3502,6/1/2024,MRT Purple Line,"44,670",
3503,3503,6/1/2024,MRT Yellow Line,"29,490",
3504,3504,6/1/2024,MRT Pink Line,"54,057",
3505,3505,6/1/2024,BTS Green Line,"543,519",
3506,3506,6/1/2024,BTS Gold Line,"6,830",
3507,3507,7/1/2024,SRT,"70,930",
3508,3508,7/1/2024,ARL,"44,648",
3509,3509,7/1/2024,Red Line,"19,842",
3510,3510,7/1/2024,MRT Blue Line,"260,160",
3511,3511,7/1/2024,MRT Purple Line,"35,228",
3512,3512,7/1/2024,MRT Yellow Line,"24,540",
3513,3513,7/1/2024,MRT Pink Line,"30,781",
3514,3514,7/1/2024,BTS Green Line,"462,404",
3515,3515,7/1/2024,BTS Gold Line,"5,354",
3516,3516,8/1/2024,SRT,"67,843",
3517,3517,8/1/2024,ARL,"69,505",
3518,3518,8/1/2024,Red Line,"31,187",
3519,3519,8/1/2024,MRT Blue Line,"474,012",
3520,3520,8/1/2024,MRT Purple Line,"76,920",
3521,3521,8/1/2024,MRT Yellow Line,"36,860",
3522,3522,8/1/2024,MRT Pink Line,"49,587",
3523,3523,8/1/2024,BTS Green Line,"760,458",
3524,3524,8/1/2024,BTS Gold Line,"5,576",
3525,3525,9/1/2024,SRT,"62,488",
3526,3526,9/1/2024,ARL,"70,984",
3527,3527,9/1/2024,Red Line,"31,141",
3528,3528,9/1/2024,MRT Blue Line,"487,125",
3529,3529,9/1/2024,MRT Purple Line,"78,353",
3530,3530,9/1/2024,MRT Yellow Line,"36,950",
3531,3531,9/1/2024,MRT Pink Line,"51,090",
3532,3532,9/1/2024,BTS Green Line,"783,141",
3533,3533,9/1/2024,BTS Gold Line,"5,429",
3534,3534,10/1/2024,SRT,"66,287",
3535,3535,10/1/2024,ARL,"70,777",
3536,3536,10/1/2024,Red Line,"31,008",
3537,3537,10/1/2024,MRT Blue Line,"489,178",
3538,3538,10/1/2024,MRT Purple Line,"78,126",
3539,3539,10/1/2024,MRT Yellow Line,"37,587",
3540,3540,10/1/2024,MRT Pink Line,"49,728",
3541,3541,10/1/2024,BTS Green Line,"796,030",
3542,3542,10/1/2024,BTS Gold Line,"5,811",
3543,3543,11/1/2024,SRT,"65,950",
3544,3544,11/1/2024,ARL,"70,615",
3545,3545,11/1/2024,Red Line,"30,479",
3546,3546,11/1/2024,MRT Blue Line,"476,408",
3547,3547,11/1/2024,MRT Purple Line,"77,243",
3548,3548,11/1/2024,MRT Yellow Line,"37,648",
3549,3549,11/1/2024,MRT Pink Line,"50,328",
3550,3550,11/1/2024,BTS Green Line,"785,265",
3551,3551,11/1/2024,BTS Gold Line,"5,497",
3552,3552,12/1/2024,SRT,"75,918",
3553,3553,12/1/2024,ARL,"72,926",
3554,3554,12/1/2024,Red Line,"33,193",
3555,3555,12/1/2024,MRT Blue Line,"490,830",
3556,3556,12/1/2024,MRT Purple Line,"79,648",
3557,3557,12/1/2024,MRT Yellow Line,"40,315",
3558,3558,12/1/2024,MRT Pink Line,"55,680",
3559,3559,12/1/2024,BTS Green Line,"818,913",
3560,3560,12/1/2024,BTS Gold Line,"6,422",
3561,3561,13/1/2024,SRT,"67,202",
3562,3562,13/1/2024,ARL,"53,930",
3563,3563,13/1/2024,Red Line,"22,696",
3564,3564,13/1/2024,MRT Blue Line,"318,360",
3565,3565,13/1/2024,MRT Purple Line,"48,383",
3566,3566,13/1/2024,MRT Yellow Line,"32,629",
3567,3567,13/1/2024,MRT Pink Line,"39,578",
3568,3568,13/1/2024,BTS Green Line,"605,899",
3569,3569,13/1/2024,BTS Gold Line,"7,192",
3570,3570,14/1/2024,SRT,"70,597",
3571,3571,14/1/2024,ARL,"46,499",
3572,3572,14/1/2024,Red Line,"19,706",
3573,3573,14/1/2024,MRT Blue Line,"261,961",
3574,3574,14/1/2024,MRT Purple Line,"35,809",
3575,3575,14/1/2024,MRT Yellow Line,"25,850",
3576,3576,14/1/2024,MRT Pink Line,"31,188",
3577,3577,14/1/2024,BTS Green Line,"476,762",
3578,3578,14/1/2024,BTS Gold Line,"5,884",
3579,3579,15/1/2024,SRT,"70,516",
3580,3580,15/1/2024,ARL,"71,357",
3581,3581,15/1/2024,Red Line,"30,830",
3582,3582,15/1/2024,MRT Blue Line,"477,483",
3583,3583,15/1/2024,MRT Purple Line,"78,195",
3584,3584,15/1/2024,MRT Yellow Line,"37,906",
3585,3585,15/1/2024,MRT Pink Line,"52,823",
3586,3586,15/1/2024,BTS Green Line,"766,738",
3587,3587,15/1/2024,BTS Gold Line,"5,749",
3588,3588,16/1/2024,SRT,"62,927",
3589,3589,16/1/2024,ARL,"70,434",
3590,3590,16/1/2024,Red Line,"29,431",
3591,3591,16/1/2024,MRT Blue Line,"475,490",
3592,3592,16/1/2024,MRT Purple Line,"74,996",
3593,3593,16/1/2024,MRT Yellow Line,"36,512",
3594,3594,16/1/2024,MRT Pink Line,"52,158",
3595,3595,16/1/2024,BTS Green Line,"758,234",
3596,3596,16/1/2024,BTS Gold Line,"5,260",
3597,3597,17/1/2024,SRT,"65,039",
3598,3598,17/1/2024,ARL,"71,013",
3599,3599,17/1/2024,Red Line,"30,698",
3600,3600,17/1/2024,MRT Blue Line,"489,898",
3601,3601,17/1/2024,MRT Purple Line,"77,725",
3602,3602,17/1/2024,MRT Yellow Line,"37,157",
3603,3603,17/1/2024,MRT Pink Line,"53,166",
3604,3604,17/1/2024,BTS Green Line,"745,630",
3605,3605,17/1/2024,BTS Gold Line,"4,999",
3606,3606,18/1/2024,SRT,"65,650",
3607,3607,18/1/2024,ARL,"71,951",
3608,3608,18/1/2024,Red Line,"30,205",
3609,3609,18/1/2024,MRT Blue Line,"481,977",
3610,3610,18/1/2024,MRT Purple Line,"76,222",
3611,3611,18/1/2024,MRT Yellow Line,"37,479",
3612,3612,18/1/2024,MRT Pink Line,"53,307",
3613,3613,18/1/2024,BTS Green Line,"775,343",
3614,3614,18/1/2024,BTS Gold Line,"5,627",
3615,3615,19/1/2024,SRT,"79,587",
3616,3616,19/1/2024,ARL,"74,613",
3617,3617,19/1/2024,Red Line,"33,511",
3618,3618,19/1/2024,MRT Blue Line,"497,461",
3619,3619,19/1/2024,MRT Purple Line,"78,811",
3620,3620,19/1/2024,MRT Yellow Line,"41,730",
3621,3621,19/1/2024,MRT Pink Line,"57,727",
3622,3622,19/1/2024,BTS Green Line,"818,537",
3623,3623,19/1/2024,BTS Gold Line,"6,267",
3624,3624,20/1/2024,SRT,"69,815",
3625,3625,20/1/2024,ARL,"56,512",
3626,3626,20/1/2024,Red Line,"22,413",
3627,3627,20/1/2024,MRT Blue Line,"335,461",
3628,3628,20/1/2024,MRT Purple Line,"45,766",
3629,3629,20/1/2024,MRT Yellow Line,"31,067",
3630,3630,20/1/2024,MRT Pink Line,"48,810",
3631,3631,20/1/2024,BTS Green Line,"590,355",
3632,3632,20/1/2024,BTS Gold Line,"6,935",
3633,3633,21/1/2024,SRT,"76,628",
3634,3634,21/1/2024,ARL,"48,531",
3635,3635,21/1/2024,Red Line,"20,274",
3636,3636,21/1/2024,MRT Blue Line,"272,922",
3637,3637,21/1/2024,MRT Purple Line,"36,875",
3638,3638,21/1/2024,MRT Yellow Line,"27,848",
3639,3639,21/1/2024,MRT Pink Line,"33,684",
3640,3640,21/1/2024,BTS Green Line,"490,643",
3641,3641,21/1/2024,BTS Gold Line,"5,948",
3642,3642,22/1/2024,SRT,"70,298",
3643,3643,22/1/2024,ARL,"71,386",
3644,3644,22/1/2024,Red Line,"30,987",
3645,3645,22/1/2024,MRT Blue Line,"470,852",
3646,3646,22/1/2024,MRT Purple Line,"76,963",
3647,3647,22/1/2024,MRT Yellow Line,"37,918",
3648,3648,22/1/2024,MRT Pink Line,"53,292",
3649,3649,22/1/2024,BTS Green Line,"759,046",
3650,3650,22/1/2024,BTS Gold Line,"5,853",
3651,3651,23/1/2024,SRT,"64,551",
3652,3652,23/1/2024,ARL,"72,108",
3653,3653,23/1/2024,Red Line,"30,744",
3654,3654,23/1/2024,MRT Blue Line,"483,748",
3655,3655,23/1/2024,MRT Purple Line,"77,111",
3656,3656,23/1/2024,MRT Yellow Line,"37,007",
3657,3657,23/1/2024,MRT Pink Line,"53,737",
3658,3658,23/1/2024,BTS Green Line,"783,660",
3659,3659,23/1/2024,BTS Gold Line,"5,355",
3660,3660,24/1/2024,SRT,"64,116",
3661,3661,24/1/2024,ARL,"72,151",
3662,3662,24/1/2024,Red Line,"31,066",
3663,3663,24/1/2024,MRT Blue Line,"490,339",
3664,3664,24/1/2024,MRT Purple Line,"77,044",
3665,3665,24/1/2024,MRT Yellow Line,"36,706",
3666,3666,24/1/2024,MRT Pink Line,"53,976",
3667,3667,24/1/2024,BTS Green Line,"781,853",
3668,3668,24/1/2024,BTS Gold Line,"5,253",
3669,3669,25/1/2024,SRT,"66,589",
3670,3670,25/1/2024,ARL,"72,647",
3671,3671,25/1/2024,Red Line,"31,767",
3672,3672,25/1/2024,MRT Blue Line,"496,229",
3673,3673,25/1/2024,MRT Purple Line,"77,015",
3674,3674,25/1/2024,MRT Yellow Line,"38,037",
3675,3675,25/1/2024,MRT Pink Line,"50,990",
3676,3676,25/1/2024,BTS Green Line,"793,550",
3677,3677,25/1/2024,BTS Gold Line,"5,433",
3678,3678,26/1/2024,SRT,"83,132",
3679,3679,26/1/2024,ARL,"77,223",
3680,3680,26/1/2024,Red Line,"35,463",
3681,3681,26/1/2024,MRT Blue Line,"512,685",
3682,3682,26/1/2024,MRT Purple Line,"79,996",
3683,3683,26/1/2024,MRT Yellow Line,"40,479",
3684,3684,26/1/2024,MRT Pink Line,"59,202",
3685,3685,26/1/2024,BTS Green Line,"847,525",
3686,3686,26/1/2024,BTS Gold Line,"7,102",
3687,3687,27/1/2024,SRT,"72,512",
3688,3688,27/1/2024,ARL,"55,916",
3689,3689,27/1/2024,Red Line,"24,962",
3690,3690,27/1/2024,MRT Blue Line,"353,655",
3691,3691,27/1/2024,MRT Purple Line,"46,862",
3692,3692,27/1/2024,MRT Yellow Line,"32,697",
3693,3693,27/1/2024,MRT Pink Line,"42,590",
3694,3694,27/1/2024,BTS Green Line,"604,781",
3695,3695,27/1/2024,BTS Gold Line,"7,332",
3696,3696,28/1/2024,SRT,"77,360",
3697,3697,28/1/2024,ARL,"50,869",
3698,3698,28/1/2024,Red Line,"21,925",
3699,3699,28/1/2024,MRT Blue Line,"284,230",
3700,3700,28/1/2024,MRT Purple Line,"37,611",
3701,3701,28/1/2024,MRT Yellow Line,"27,684",
3702,3702,28/1/2024,MRT Pink Line,"32,196",
3703,3703,28/1/2024,BTS Green Line,"506,469",
3704,3704,28/1/2024,BTS Gold Line,"6,005",
3705,3705,29/1/2024,SRT,"70,673",
3706,3706,29/1/2024,ARL,"72,200",
3707,3707,29/1/2024,Red Line,"32,430",
3708,3708,29/1/2024,MRT Blue Line,"474,113",
3709,3709,29/1/2024,MRT Purple Line,"76,503",
3710,3710,29/1/2024,MRT Yellow Line,"36,864",
3711,3711,29/1/2024,MRT Pink Line,"53,732",
3712,3712,29/1/2024,BTS Green Line,"767,218",
3713,3713,29/1/2024,BTS Gold Line,"5,883",
3714,3714,30/1/2024,SRT,"66,701",
3715,3715,30/1/2024,ARL,"73,001",
3716,3716,30/1/2024,Red Line,"30,457",
3717,3717,30/1/2024,MRT Blue Line,"491,153",
3718,3718,30/1/2024,MRT Purple Line,"78,465",
3719,3719,30/1/2024,MRT Yellow Line,"37,277",
3720,3720,30/1/2024,MRT Pink Line,"54,604",
3721,3721,30/1/2024,BTS Green Line,"789,957",
3722,3722,30/1/2024,BTS Gold Line,"5,358",
3723,3723,31/1/2024,SRT,"65,718",
3724,3724,31/1/2024,ARL,"74,858",
3725,3725,31/1/2024,Red Line,"31,051",
3726,3726,31/1/2024,MRT Blue Line,"504,349",
3727,3727,31/1/2024,MRT Purple Line,"80,500",
3728,3728,31/1/2024,MRT Yellow Line,"39,021",
3729,3729,31/1/2024,MRT Pink Line,"55,939",
3730,3730,31/1/2024,BTS Green Line,"812,890",
3731,3731,31/1/2024,BTS Gold Line,"6,121",
3732,3732,1/2/2024,SRT,"69,400",
3733,3733,1/2/2024,ARL,"74,121",
3734,3734,1/2/2024,Red Line,"31,519",
3735,3735,1/2/2024,MRT Blue Line,"504,168",
3736,3736,1/2/2024,MRT Purple Line,"79,059",
3737,3737,1/2/2024,MRT Yellow Line,"40,428",
3738,3738,1/2/2024,MRT Pink Line,"54,318",
3739,3739,1/2/2024,BTS Green Line,"809,899",
3740,3740,1/2/2024,BTS Gold Line,"6,475",
3741,3741,2/2/2024,SRT,"84,076",
3742,3742,2/2/2024,ARL,"81,835",
3743,3743,2/2/2024,Red Line,"37,416",
3744,3744,2/2/2024,MRT Blue Line,"533,901",
3745,3745,2/2/2024,MRT Purple Line,"82,137",
3746,3746,2/2/2024,MRT Yellow Line,"44,509",
3747,3747,2/2/2024,MRT Pink Line,"60,540",
3748,3748,2/2/2024,BTS Green Line,"896,552",
3749,3749,2/2/2024,BTS Gold Line,"8,098",
3750,3750,3/2/2024,SRT,"76,294",
3751,3751,3/2/2024,ARL,"68,720",
3752,3752,3/2/2024,Red Line,"31,389",
3753,3753,3/2/2024,MRT Blue Line,"382,302",
3754,3754,3/2/2024,MRT Purple Line,"50,662",
3755,3755,3/2/2024,MRT Yellow Line,"38,775",
3756,3756,3/2/2024,MRT Pink Line,"47,938",
3757,3757,3/2/2024,BTS Green Line,"701,639",
3758,3758,3/2/2024,BTS Gold Line,"10,256",
3759,3759,4/2/2024,SRT,"78,571",
3760,3760,4/2/2024,ARL,"62,337",
3761,3761,4/2/2024,Red Line,"27,954",
3762,3762,4/2/2024,MRT Blue Line,"318,005",
3763,3763,4/2/2024,MRT Purple Line,"42,075",
3764,3764,4/2/2024,MRT Yellow Line,"32,187",
3765,3765,4/2/2024,MRT Pink Line,"41,558",
3766,3766,4/2/2024,BTS Green Line,"615,928",
3767,3767,4/2/2024,BTS Gold Line,"9,530",
3768,3768,5/2/2024,SRT,"75,484",
3769,3769,5/2/2024,ARL,"77,432",
3770,3770,5/2/2024,Red Line,"34,829",
3771,3771,5/2/2024,MRT Blue Line,"500,090",
3772,3772,5/2/2024,MRT Purple Line,"78,723",
3773,3773,5/2/2024,MRT Yellow Line,"40,484",
3774,3774,5/2/2024,MRT Pink Line,"56,597",
3775,3775,5/2/2024,BTS Green Line,"848,075",
3776,3776,5/2/2024,BTS Gold Line,"7,898",
3777,3777,6/2/2024,SRT,"68,389",
3778,3778,6/2/2024,ARL,"77,125",
3779,3779,6/2/2024,Red Line,"34,271",
3780,3780,6/2/2024,MRT Blue Line,"514,614",
3781,3781,6/2/2024,MRT Purple Line,"80,458",
3782,3782,6/2/2024,MRT Yellow Line,"40,342",
3783,3783,6/2/2024,MRT Pink Line,"60,003",
3784,3784,6/2/2024,BTS Green Line,"853,836",
3785,3785,6/2/2024,BTS Gold Line,"6,864",
3786,3786,7/2/2024,SRT,"67,872",
3787,3787,7/2/2024,ARL,"76,064",
3788,3788,7/2/2024,Red Line,"36,042",
3789,3789,7/2/2024,MRT Blue Line,"522,481",
3790,3790,7/2/2024,MRT Purple Line,"80,862",
3791,3791,7/2/2024,MRT Yellow Line,"41,028",
3792,3792,7/2/2024,MRT Pink Line,"57,102",
3793,3793,7/2/2024,BTS Green Line,"862,584",
3794,3794,7/2/2024,BTS Gold Line,"7,309",
3795,3795,8/2/2024,SRT,"72,223",
3796,3796,8/2/2024,ARL,"76,255",
3797,3797,8/2/2024,Red Line,"35,124",
3798,3798,8/2/2024,MRT Blue Line,"518,491",
3799,3799,8/2/2024,MRT Purple Line,"78,853",
3800,3800,8/2/2024,MRT Yellow Line,"40,840",
3801,3801,8/2/2024,MRT Pink Line,"56,468",
3802,3802,8/2/2024,BTS Green Line,"845,570",
3803,3803,8/2/2024,BTS Gold Line,"8,100",
3804,3804,9/2/2024,SRT,"83,252",
3805,3805,9/2/2024,ARL,"75,323",
3806,3806,9/2/2024,Red Line,"39,566",
3807,3807,9/2/2024,MRT Blue Line,"492,412",
3808,3808,9/2/2024,MRT Purple Line,"76,790",
3809,3809,9/2/2024,MRT Yellow Line,"41,634",
3810,3810,9/2/2024,MRT Pink Line,"59,849",
3811,3811,9/2/2024,BTS Green Line,"850,051",
3812,3812,9/2/2024,BTS Gold Line,"10,064",
3813,3813,10/2/2024,SRT,"77,798",
3814,3814,10/2/2024,ARL,"65,279",
3815,3815,10/2/2024,Red Line,"28,901",
3816,3816,10/2/2024,MRT Blue Line,"384,500",
3817,3817,10/2/2024,MRT Purple Line,"46,573",
3818,3818,10/2/2024,MRT Yellow Line,"37,175",
3819,3819,10/2/2024,MRT Pink Line,"42,952",
3820,3820,10/2/2024,BTS Green Line,"642,414",
3821,3821,10/2/2024,BTS Gold Line,"12,099",
3822,3822,11/2/2024,SRT,"80,932",
3823,3823,11/2/2024,ARL,"51,335",
3824,3824,11/2/2024,Red Line,"21,598",
3825,3825,11/2/2024,MRT Blue Line,"324,185",
3826,3826,11/2/2024,MRT Purple Line,"37,872",
3827,3827,11/2/2024,MRT Yellow Line,"27,901",
3828,3828,11/2/2024,MRT Pink Line,"32,322",
3829,3829,11/2/2024,BTS Green Line,"528,405",
3830,3830,11/2/2024,BTS Gold Line,"9,992",
3831,3831,12/2/2024,SRT,"79,723",
3832,3832,12/2/2024,ARL,"71,856",
3833,3833,12/2/2024,Red Line,"31,429",
3834,3834,12/2/2024,MRT Blue Line,"486,148",
3835,3835,12/2/2024,MRT Purple Line,"76,541",
3836,3836,12/2/2024,MRT Yellow Line,"38,184",
3837,3837,12/2/2024,MRT Pink Line,"52,195",
3838,3838,12/2/2024,BTS Green Line,"785,844",
3839,3839,12/2/2024,BTS Gold Line,"10,976",
3840,3840,13/2/2024,SRT,"70,771",
3841,3841,13/2/2024,ARL,"75,295",
3842,3842,13/2/2024,Red Line,"31,706",
3843,3843,13/2/2024,MRT Blue Line,"524,784",
3844,3844,13/2/2024,MRT Purple Line,"80,003",
3845,3845,13/2/2024,MRT Yellow Line,"39,195",
3846,3846,13/2/2024,MRT Pink Line,"53,217",
3847,3847,13/2/2024,BTS Green Line,"828,145",
3848,3848,13/2/2024,BTS Gold Line,"8,272",
3849,3849,14/2/2024,SRT,"66,589",
3850,3850,14/2/2024,ARL,"78,399",
3851,3851,14/2/2024,Red Line,"33,151",
3852,3852,14/2/2024,MRT Blue Line,"555,976",
3853,3853,14/2/2024,MRT Purple Line,"83,019",
3854,3854,14/2/2024,MRT Yellow Line,"43,668",
3855,3855,14/2/2024,MRT Pink Line,"57,677",
3856,3856,14/2/2024,BTS Green Line,"927,222",
3857,3857,14/2/2024,BTS Gold Line,"10,276",
3858,3858,15/2/2024,SRT,"71,110",
3859,3859,15/2/2024,ARL,"75,011",
3860,3860,15/2/2024,Red Line,"31,672",
3861,3861,15/2/2024,MRT Blue Line,"501,135",
3862,3862,15/2/2024,MRT Purple Line,"77,962",
3863,3863,15/2/2024,MRT Yellow Line,"40,181",
3864,3864,15/2/2024,MRT Pink Line,"52,459",
3865,3865,15/2/2024,BTS Green Line,"824,675",
3866,3866,15/2/2024,BTS Gold Line,"8,068",
3867,3867,16/2/2024,SRT,"82,666",
3868,3868,16/2/2024,ARL,"75,561",
3869,3869,16/2/2024,Red Line,"34,288",
3870,3870,16/2/2024,MRT Blue Line,"499,337",
3871,3871,16/2/2024,MRT Purple Line,"78,648",
3872,3872,16/2/2024,MRT Yellow Line,"40,731",
3873,3873,16/2/2024,MRT Pink Line,"58,992",
3874,3874,16/2/2024,BTS Green Line,"843,369",
3875,3875,16/2/2024,BTS Gold Line,"7,983",
3876,3876,17/2/2024,SRT,"70,487",
3877,3877,17/2/2024,ARL,"55,174",
3878,3878,17/2/2024,Red Line,"22,305",
3879,3879,17/2/2024,MRT Blue Line,"332,802",
3880,3880,17/2/2024,MRT Purple Line,"44,828",
3881,3881,17/2/2024,MRT Yellow Line,"31,534",
3882,3882,17/2/2024,MRT Pink Line,"43,574",
3883,3883,17/2/2024,BTS Green Line,"591,912",
3884,3884,17/2/2024,BTS Gold Line,"8,103",
3885,3885,18/2/2024,SRT,"74,798",
3886,3886,18/2/2024,ARL,"48,992",
3887,3887,18/2/2024,Red Line,"20,156",
3888,3888,18/2/2024,MRT Blue Line,"273,555",
3889,3889,18/2/2024,MRT Purple Line,"36,473",
3890,3890,18/2/2024,MRT Yellow Line,"26,996",
3891,3891,18/2/2024,MRT Pink Line,"32,590",
3892,3892,18/2/2024,BTS Green Line,"489,491",
3893,3893,18/2/2024,BTS Gold Line,"6,490",
3894,3894,19/2/2024,SRT,"72,118",
3895,3895,19/2/2024,ARL,"72,141",
3896,3896,19/2/2024,Red Line,"32,019",
3897,3897,19/2/2024,MRT Blue Line,"469,136",
3898,3898,19/2/2024,MRT Purple Line,"76,058",
3899,3899,19/2/2024,MRT Yellow Line,"38,613",
3900,3900,19/2/2024,MRT Pink Line,"51,595",
3901,3901,19/2/2024,BTS Green Line,"760,656",
3902,3902,19/2/2024,BTS Gold Line,"6,400",
3903,3903,20/2/2024,SRT,"68,001",
3904,3904,20/2/2024,ARL,"73,563",
3905,3905,20/2/2024,Red Line,"31,212",
3906,3906,20/2/2024,MRT Blue Line,"486,903",
3907,3907,20/2/2024,MRT Purple Line,"76,951",
3908,3908,20/2/2024,MRT Yellow Line,"38,503",
3909,3909,20/2/2024,MRT Pink Line,"52,717",
3910,3910,20/2/2024,BTS Green Line,"782,537",
3911,3911,20/2/2024,BTS Gold Line,"5,708",
3912,3912,21/2/2024,SRT,"67,175",
3913,3913,21/2/2024,ARL,"73,119",
3914,3914,21/2/2024,Red Line,"31,523",
3915,3915,21/2/2024,MRT Blue Line,"489,193",
3916,3916,21/2/2024,MRT Purple Line,"78,039",
3917,3917,21/2/2024,MRT Yellow Line,"38,782",
3918,3918,21/2/2024,MRT Pink Line,"51,799",
3919,3919,21/2/2024,BTS Green Line,"785,306",
3920,3920,21/2/2024,BTS Gold Line,"5,735",
3921,3921,22/2/2024,SRT,"68,156",
3922,3922,22/2/2024,ARL,"74,089",
3923,3923,22/2/2024,Red Line,"31,487",
3924,3924,22/2/2024,MRT Blue Line,"487,386",
3925,3925,22/2/2024,MRT Purple Line,"75,943",
3926,3926,22/2/2024,MRT Yellow Line,"38,106",
3927,3927,22/2/2024,MRT Pink Line,"51,901",
3928,3928,22/2/2024,BTS Green Line,"777,649",
3929,3929,22/2/2024,BTS Gold Line,"5,930",
3930,3930,23/2/2024,SRT,"90,873",
3931,3931,23/2/2024,ARL,"77,671",
3932,3932,23/2/2024,Red Line,"35,058",
3933,3933,23/2/2024,MRT Blue Line,"502,501",
3934,3934,23/2/2024,MRT Purple Line,"79,382",
3935,3935,23/2/2024,MRT Yellow Line,"42,850",
3936,3936,23/2/2024,MRT Pink Line,"56,364",
3937,3937,23/2/2024,BTS Green Line,"811,190",
3938,3938,23/2/2024,BTS Gold Line,"6,787",
3939,3939,24/2/2024,SRT,"79,011",
3940,3940,24/2/2024,ARL,"53,286",
3941,3941,24/2/2024,Red Line,"21,517",
3942,3942,24/2/2024,MRT Blue Line,"324,628",
3943,3943,24/2/2024,MRT Purple Line,"39,748",
3944,3944,24/2/2024,MRT Yellow Line,"30,273",
3945,3945,24/2/2024,MRT Pink Line,"33,181",
3946,3946,24/2/2024,BTS Green Line,"545,565",
3947,3947,24/2/2024,BTS Gold Line,"8,908",
3948,3948,25/2/2024,SRT,"71,642",
3949,3949,25/2/2024,ARL,"48,973",
3950,3950,25/2/2024,Red Line,"19,323",
3951,3951,25/2/2024,MRT Blue Line,"274,319",
3952,3952,25/2/2024,MRT Purple Line,"39,909",
3953,3953,25/2/2024,MRT Yellow Line,"27,912",
3954,3954,25/2/2024,MRT Pink Line,"29,757",
3955,3955,25/2/2024,BTS Green Line,"474,218",
3956,3956,25/2/2024,BTS Gold Line,"7,816",
3957,3957,26/2/2024,SRT,"78,566",
3958,3958,26/2/2024,ARL,"48,746",
3959,3959,26/2/2024,Red Line,"19,080",
3960,3960,26/2/2024,MRT Blue Line,"251,143",
3961,3961,26/2/2024,MRT Purple Line,"35,037",
3962,3962,26/2/2024,MRT Yellow Line,"23,959",
3963,3963,26/2/2024,MRT Pink Line,"28,278",
3964,3964,26/2/2024,BTS Green Line,"442,642",
3965,3965,26/2/2024,BTS Gold Line,"5,708",
3966,3966,27/2/2024,SRT,"69,523",
3967,3967,27/2/2024,ARL,"72,497",
3968,3968,27/2/2024,Red Line,"32,005",
3969,3969,27/2/2024,MRT Blue Line,"468,514",
3970,3970,27/2/2024,MRT Purple Line,"76,025",
3971,3971,27/2/2024,MRT Yellow Line,"37,628",
3972,3972,27/2/2024,MRT Pink Line,"52,505",
3973,3973,27/2/2024,BTS Green Line,"756,862",
3974,3974,27/2/2024,BTS Gold Line,"5,492",
3975,3975,28/2/2024,SRT,"63,203",
3976,3976,28/2/2024,ARL,"72,857",
3977,3977,28/2/2024,Red Line,"30,882",
3978,3978,28/2/2024,MRT Blue Line,"479,204",
3979,3979,28/2/2024,MRT Purple Line,"75,814",
3980,3980,28/2/2024,MRT Yellow Line,"38,321",
3981,3981,28/2/2024,MRT Pink Line,"52,426",
3982,3982,28/2/2024,BTS Green Line,"770,443",
3983,3983,28/2/2024,BTS Gold Line,"5,576",
3984,3984,29/2/2024,SRT,"69,061",
3985,3985,29/2/2024,ARL,"74,326",
3986,3986,29/2/2024,Red Line,"31,271",
3987,3987,29/2/2024,MRT Blue Line,"503,970",
3988,3988,29/2/2024,MRT Purple Line,"78,002",
3989,3989,29/2/2024,MRT Yellow Line,"41,631",
3990,3990,29/2/2024,MRT Pink Line,"53,949",
3991,3991,29/2/2024,BTS Green Line,"802,439",
3992,3992,29/2/2024,BTS Gold Line,"6,088",
3993,3993,1/3/2024,SRT,"80,756",
3994,3994,1/3/2024,ARL,"76,780",
3995,3995,1/3/2024,Red Line,"34,940",
3996,3996,1/3/2024,MRT Blue Line,"522,245",
3997,3997,1/3/2024,MRT Purple Line,"80,091",
3998,3998,1/3/2024,MRT Yellow Line,"44,431",
3999,3999,1/3/2024,MRT Pink Line,"57,645",
4000,4000,1/3/2024,BTS Green Line,"831,630",
4001,4001,1/3/2024,BTS Gold Line,"7,172",
4002,4002,2/3/2024,SRT,"71,801",
4003,4003,2/3/2024,ARL,"56,626",
4004,4004,2/3/2024,Red Line,"23,946",
4005,4005,2/3/2024,MRT Blue Line,"378,013",
4006,4006,2/3/2024,MRT Purple Line,"47,426",
4007,4007,2/3/2024,MRT Yellow Line,"34,157",
4008,4008,2/3/2024,MRT Pink Line,"40,565",
4009,4009,2/3/2024,BTS Green Line,"595,477",
4010,4010,2/3/2024,BTS Gold Line,"8,565",
4011,4011,3/3/2024,SRT,"77,555",
4012,4012,3/3/2024,ARL,"52,106",
4013,4013,3/3/2024,Red Line,"23,843",
4014,4014,3/3/2024,MRT Blue Line,"333,730",
4015,4015,3/3/2024,MRT Purple Line,"42,348",
4016,4016,3/3/2024,MRT Yellow Line,"30,034",
4017,4017,3/3/2024,MRT Pink Line,"37,283",
4018,4018,3/3/2024,BTS Green Line,"522,150",
4019,4019,3/3/2024,BTS Gold Line,"7,536",
4020,4020,4/3/2024,SRT,"71,606",
4021,4021,4/3/2024,ARL,"71,131",
4022,4022,4/3/2024,Red Line,"31,349",
4023,4023,4/3/2024,MRT Blue Line,"453,071",
4024,4024,4/3/2024,MRT Purple Line,"75,076",
4025,4025,4/3/2024,MRT Yellow Line,"38,901",
4026,4026,4/3/2024,MRT Pink Line,"52,038",
4027,4027,4/3/2024,BTS Green Line,"749,989",
4028,4028,4/3/2024,BTS Gold Line,"5,944",
4029,4029,5/3/2024,SRT,"65,864",
4030,4030,5/3/2024,ARL,"71,415",
4031,4031,5/3/2024,Red Line,"31,310",
4032,4032,5/3/2024,MRT Blue Line,"469,117",
4033,4033,5/3/2024,MRT Purple Line,"75,947",
4034,4034,5/3/2024,MRT Yellow Line,"38,096",
4035,4035,5/3/2024,MRT Pink Line,"52,219",
4036,4036,5/3/2024,BTS Green Line,"764,278",
4037,4037,5/3/2024,BTS Gold Line,"5,542",
4038,4038,6/3/2024,SRT,"64,602",
4039,4039,6/3/2024,ARL,"71,643",
4040,4040,6/3/2024,Red Line,"31,333",
4041,4041,6/3/2024,MRT Blue Line,"471,461",
4042,4042,6/3/2024,MRT Purple Line,"74,979",
4043,4043,6/3/2024,MRT Yellow Line,"39,461",
4044,4044,6/3/2024,MRT Pink Line,"52,823",
4045,4045,6/3/2024,BTS Green Line,"765,340",
4046,4046,6/3/2024,BTS Gold Line,"5,503",
4047,4047,7/3/2024,SRT,"65,255",
4048,4048,7/3/2024,ARL,"70,782",
4049,4049,7/3/2024,Red Line,"30,937",
4050,4050,7/3/2024,MRT Blue Line,"460,615",
4051,4051,7/3/2024,MRT Purple Line,"73,812",
4052,4052,7/3/2024,MRT Yellow Line,"39,505",
4053,4053,7/3/2024,MRT Pink Line,"50,979",
4054,4054,7/3/2024,BTS Green Line,"753,697",
4055,4055,7/3/2024,BTS Gold Line,"6,511",
4056,4056,8/3/2024,SRT,"78,374",
4057,4057,8/3/2024,ARL,"73,870",
4058,4058,8/3/2024,Red Line,"33,889",
4059,4059,8/3/2024,MRT Blue Line,"475,807",
4060,4060,8/3/2024,MRT Purple Line,"76,336",
4061,4061,8/3/2024,MRT Yellow Line,"42,494",
4062,4062,8/3/2024,MRT Pink Line,"56,122",
4063,4063,8/3/2024,BTS Green Line,"707,707",
4064,4064,8/3/2024,BTS Gold Line,"7,403",
4065,4065,9/3/2024,SRT,"73,811",
4066,4066,9/3/2024,ARL,"53,528",
4067,4067,9/3/2024,Red Line,"22,642",
4068,4068,9/3/2024,MRT Blue Line,"323,170",
4069,4069,9/3/2024,MRT Purple Line,"44,660",
4070,4070,9/3/2024,MRT Yellow Line,"32,343",
4071,4071,9/3/2024,MRT Pink Line,"40,254",
4072,4072,9/3/2024,BTS Green Line,"588,411",
4073,4073,9/3/2024,BTS Gold Line,"8,298",
4074,4074,10/3/2024,SRT,"76,925",
4075,4075,10/3/2024,ARL,"48,922",
4076,4076,10/3/2024,Red Line,"20,869",
4077,4077,10/3/2024,MRT Blue Line,"265,131",
4078,4078,10/3/2024,MRT Purple Line,"37,389",
4079,4079,10/3/2024,MRT Yellow Line,"28,229",
4080,4080,10/3/2024,MRT Pink Line,"35,986",
4081,4081,10/3/2024,BTS Green Line,"498,484",
4082,4082,10/3/2024,BTS Gold Line,"7,056",
4083,4083,11/3/2024,SRT,"70,527",
4084,4084,11/3/2024,ARL,"68,716",
4085,4085,11/3/2024,Red Line,"31,207",
4086,4086,11/3/2024,MRT Blue Line,"447,536",
4087,4087,11/3/2024,MRT Purple Line,"72,306",
4088,4088,11/3/2024,MRT Yellow Line,"36,868",
4089,4089,11/3/2024,MRT Pink Line,"50,270",
4090,4090,11/3/2024,BTS Green Line,"727,946",
4091,4091,11/3/2024,BTS Gold Line,"5,739",
4092,4092,12/3/2024,SRT,"63,843",
4093,4093,12/3/2024,ARL,"69,293",
4094,4094,12/3/2024,Red Line,"31,042",
4095,4095,12/3/2024,MRT Blue Line,"461,846",
4096,4096,12/3/2024,MRT Purple Line,"73,144",
4097,4097,12/3/2024,MRT Yellow Line,"37,180",
4098,4098,12/3/2024,MRT Pink Line,"51,337",
4099,4099,12/3/2024,BTS Green Line,"746,356",
4100,4100,12/3/2024,BTS Gold Line,"6,891",
4101,4101,13/3/2024,SRT,"61,877",
4102,4102,13/3/2024,ARL,"68,961",
4103,4103,13/3/2024,Red Line,"30,634",
4104,4104,13/3/2024,MRT Blue Line,"463,983",
4105,4105,13/3/2024,MRT Purple Line,"74,063",
4106,4106,13/3/2024,MRT Yellow Line,"38,769",
4107,4107,13/3/2024,MRT Pink Line,"50,524",
4108,4108,13/3/2024,BTS Green Line,"750,610",
4109,4109,13/3/2024,BTS Gold Line,"5,321",
4110,4110,14/3/2024,SRT,"64,613",
4111,4111,14/3/2024,ARL,"70,005",
4112,4112,14/3/2024,Red Line,"30,473",
4113,4113,14/3/2024,MRT Blue Line,"453,576",
4114,4114,14/3/2024,MRT Purple Line,"72,876",
4115,4115,14/3/2024,MRT Yellow Line,"37,903",
4116,4116,14/3/2024,MRT Pink Line,"50,243",
4117,4117,14/3/2024,BTS Green Line,"747,649",
4118,4118,14/3/2024,BTS Gold Line,"5,534",
4119,4119,15/3/2024,SRT,"74,267",
4120,4120,15/3/2024,ARL,"72,255",
4121,4121,15/3/2024,Red Line,"33,231",
4122,4122,15/3/2024,MRT Blue Line,"464,438",
4123,4123,15/3/2024,MRT Purple Line,"73,359",
4124,4124,15/3/2024,MRT Yellow Line,"39,837",
4125,4125,15/3/2024,MRT Pink Line,"52,295",
4126,4126,15/3/2024,BTS Green Line,"776,910",
4127,4127,15/3/2024,BTS Gold Line,"6,516",
4128,4128,16/3/2024,SRT,"66,628",
4129,4129,16/3/2024,ARL,"53,107",
4130,4130,16/3/2024,Red Line,"21,223",
4131,4131,16/3/2024,MRT Blue Line,"305,583",
4132,4132,16/3/2024,MRT Purple Line,"41,686",
4133,4133,16/3/2024,MRT Yellow Line,"30,958",
4134,4134,16/3/2024,MRT Pink Line,"35,862",
4135,4135,16/3/2024,BTS Green Line,"547,454",
4136,4136,16/3/2024,BTS Gold Line,"6,611",
4137,4137,17/3/2024,SRT,"74,055",
4138,4138,17/3/2024,ARL,"48,188",
4139,4139,17/3/2024,Red Line,"20,237",
4140,4140,17/3/2024,MRT Blue Line,"269,648",
4141,4141,17/3/2024,MRT Purple Line,"37,147",
4142,4142,17/3/2024,MRT Yellow Line,"29,142",
4143,4143,17/3/2024,MRT Pink Line,"33,182",
4144,4144,17/3/2024,BTS Green Line,"488,238",
4145,4145,17/3/2024,BTS Gold Line,"6,160",
4146,4146,18/3/2024,SRT,"70,395",
4147,4147,18/3/2024,ARL,"70,448",
4148,4148,18/3/2024,Red Line,"30,710",
4149,4149,18/3/2024,MRT Blue Line,"443,365",
4150,4150,18/3/2024,MRT Purple Line,"72,088",
4151,4151,18/3/2024,MRT Yellow Line,"38,216",
4152,4152,18/3/2024,MRT Pink Line,"49,952",
4153,4153,18/3/2024,BTS Green Line,"726,020",
4154,4154,18/3/2024,BTS Gold Line,"5,599",
4155,4155,19/3/2024,SRT,"65,893",
4156,4156,19/3/2024,ARL,"69,405",
4157,4157,19/3/2024,Red Line,"30,306",
4158,4158,19/3/2024,MRT Blue Line,"455,246",
4159,4159,19/3/2024,MRT Purple Line,"72,428",
4160,4160,19/3/2024,MRT Yellow Line,"37,328",
4161,4161,19/3/2024,MRT Pink Line,"48,711",
4162,4162,19/3/2024,BTS Green Line,"735,676",
4163,4163,19/3/2024,BTS Gold Line,"5,330",
4164,4164,20/3/2024,SRT,"64,442",
4165,4165,20/3/2024,ARL,"69,856",
4166,4166,20/3/2024,Red Line,"29,779",
4167,4167,20/3/2024,MRT Blue Line,"448,699",
4168,4168,20/3/2024,MRT Purple Line,"72,671",
4169,4169,20/3/2024,MRT Yellow Line,"38,913",
4170,4170,20/3/2024,MRT Pink Line,"50,530",
4171,4171,20/3/2024,BTS Green Line,"734,927",
4172,4172,20/3/2024,BTS Gold Line,"5,489",
4173,4173,21/3/2024,SRT,"65,296",
4174,4174,21/3/2024,ARL,"71,137",
4175,4175,21/3/2024,Red Line,"30,493",
4176,4176,21/3/2024,MRT Blue Line,"470,182",
4177,4177,21/3/2024,MRT Purple Line,"73,215",
4178,4178,21/3/2024,MRT Yellow Line,"38,342",
4179,4179,21/3/2024,MRT Pink Line,"49,124",
4180,4180,21/3/2024,BTS Green Line,"754,705",
4181,4181,21/3/2024,BTS Gold Line,"5,519",
4182,4182,22/3/2024,SRT,"72,634",
4183,4183,22/3/2024,ARL,"72,392",
4184,4184,22/3/2024,Red Line,"33,322",
4185,4185,22/3/2024,MRT Blue Line,"469,841",
4186,4186,22/3/2024,MRT Purple Line,"74,371",
4187,4187,22/3/2024,MRT Yellow Line,"40,090",
4188,4188,22/3/2024,MRT Pink Line,"51,289",
4189,4189,22/3/2024,BTS Green Line,"777,277",
4190,4190,22/3/2024,BTS Gold Line,"6,462",
4191,4191,23/3/2024,SRT,"66,645",
4192,4192,23/3/2024,ARL,"52,491",
4193,4193,23/3/2024,Red Line,"22,885",
4194,4194,23/3/2024,MRT Blue Line,"316,783",
4195,4195,23/3/2024,MRT Purple Line,"44,356",
4196,4196,23/3/2024,MRT Yellow Line,"30,173",
4197,4197,23/3/2024,MRT Pink Line,"36,086",
4198,4198,23/3/2024,BTS Green Line,"568,006",
4199,4199,23/3/2024,BTS Gold Line,"6,488",
4200,4200,24/3/2024,SRT,"70,988",
4201,4201,24/3/2024,ARL,"47,111",
4202,4202,24/3/2024,Red Line,"21,355",
4203,4203,24/3/2024,MRT Blue Line,"260,849",
4204,4204,24/3/2024,MRT Purple Line,"35,830",
4205,4205,24/3/2024,MRT Yellow Line,"26,935",
4206,4206,24/3/2024,MRT Pink Line,"32,347",
4207,4207,24/3/2024,BTS Green Line,"477,567",
4208,4208,24/3/2024,BTS Gold Line,"5,947",
4209,4209,25/3/2024,SRT,"69,663",
4210,4210,25/3/2024,ARL,"70,779",
4211,4211,25/3/2024,Red Line,"31,213",
4212,4212,25/3/2024,MRT Blue Line,"447,893",
4213,4213,25/3/2024,MRT Purple Line,"71,448",
4214,4214,25/3/2024,MRT Yellow Line,"37,930",
4215,4215,25/3/2024,MRT Pink Line,"49,735",
4216,4216,25/3/2024,BTS Green Line,"741,717",
4217,4217,25/3/2024,BTS Gold Line,"5,884",
4218,4218,26/3/2024,SRT,"66,945",
4219,4219,26/3/2024,ARL,"79,236",
4220,4220,26/3/2024,Red Line,"31,541",
4221,4221,26/3/2024,MRT Blue Line,"474,791",
4222,4222,26/3/2024,MRT Purple Line,"74,060",
4223,4223,26/3/2024,MRT Yellow Line,"44,182",
4224,4224,26/3/2024,MRT Pink Line,"50,029",
4225,4225,26/3/2024,BTS Green Line,"772,942",
4226,4226,26/3/2024,BTS Gold Line,"6,955",
4227,4227,27/3/2024,SRT,"66,459",
4228,4228,27/3/2024,ARL,"70,959",
4229,4229,27/3/2024,Red Line,"30,927",
4230,4230,27/3/2024,MRT Blue Line,"470,118",
4231,4231,27/3/2024,MRT Purple Line,"74,204",
4232,4232,27/3/2024,MRT Yellow Line,"37,785",
4233,4233,27/3/2024,MRT Pink Line,"52,026",
4234,4234,27/3/2024,BTS Green Line,"679,564",
4235,4235,27/3/2024,BTS Gold Line,"6,270",
4236,4236,28/3/2024,SRT,"67,793",
4237,4237,28/3/2024,ARL,"72,698",
4238,4238,28/3/2024,Red Line,"31,674",
4239,4239,28/3/2024,MRT Blue Line,"496,221",
4240,4240,28/3/2024,MRT Purple Line,"74,391",
4241,4241,28/3/2024,MRT Yellow Line,"8,032",
4242,4242,28/3/2024,MRT Pink Line,"51,801",
4243,4243,28/3/2024,BTS Green Line,"790,532",
4244,4244,28/3/2024,BTS Gold Line,"6,331",
4245,4245,29/3/2024,SRT,"74,708",
4246,4246,29/3/2024,ARL,"77,131",
4247,4247,29/3/2024,Red Line,"36,182",
4248,4248,29/3/2024,MRT Blue Line,"533,884",
4249,4249,29/3/2024,MRT Purple Line,"78,024",
4250,4250,29/3/2024,MRT Yellow Line,"27,121",
4251,4251,29/3/2024,MRT Pink Line,"61,619",
4252,4252,29/3/2024,BTS Green Line,"858,614",
4253,4253,29/3/2024,BTS Gold Line,"7,907",
4254,4254,30/3/2024,SRT,"72,720",
4255,4255,30/3/2024,ARL,"67,992",
4256,4256,30/3/2024,Red Line,"27,507",
4257,4257,30/3/2024,MRT Blue Line,"393,893",
4258,4258,30/3/2024,MRT Purple Line,"49,548",
4259,4259,30/3/2024,MRT Yellow Line,"25,490",
4260,4260,30/3/2024,MRT Pink Line,"45,567",
4261,4261,30/3/2024,BTS Green Line,"647,146",
4262,4262,30/3/2024,BTS Gold Line,"8,323",
4263,4263,31/3/2024,SRT,"76,923",
4264,4264,31/3/2024,ARL,"59,499",
4265,4265,31/3/2024,Red Line,"25,463",
4266,4266,31/3/2024,MRT Blue Line,"341,725",
4267,4267,31/3/2024,MRT Purple Line,"42,189",
4268,4268,31/3/2024,MRT Yellow Line,"26,024",
4269,4269,31/3/2024,MRT Pink Line,"40,255",
4270,4270,31/3/2024,BTS Green Line,"576,144",
4271,4271,31/3/2024,BTS Gold Line,"6,862",
4272,4272,1/4/2024,SRT,"75,513",
4273,4273,1/4/2024,ARL,"74,540",
4274,4274,1/4/2024,Red Line,"33,669",
4275,4275,1/4/2024,MRT Blue Line,"504,618",
4276,4276,1/4/2024,MRT Purple Line,"75,930",
4277,4277,1/4/2024,MRT Yellow Line,"31,689",
4278,4278,1/4/2024,MRT Pink Line,"54,081",
4279,4279,1/4/2024,BTS Green Line,"784,215",
4280,4280,1/4/2024,BTS Gold Line,"6,824",
4281,4281,2/4/2024,SRT,"71,879",
4282,4282,2/4/2024,ARL,"71,941",
4283,4283,2/4/2024,Red Line,"32,105",
4284,4284,2/4/2024,MRT Blue Line,"502,141",
4285,4285,2/4/2024,MRT Purple Line,"76,425",
4286,4286,2/4/2024,MRT Yellow Line,"28,680",
4287,4287,2/4/2024,MRT Pink Line,"52,736",
4288,4288,2/4/2024,BTS Green Line,"787,083",
4289,4289,2/4/2024,BTS Gold Line,"5,916",
4290,4290,3/4/2024,SRT,"71,794",
4291,4291,3/4/2024,ARL,"71,802",
4292,4292,3/4/2024,Red Line,"32,465",
4293,4293,3/4/2024,MRT Blue Line,"500,588",
4294,4294,3/4/2024,MRT Purple Line,"76,055",
4295,4295,3/4/2024,MRT Yellow Line,"30,413",
4296,4296,3/4/2024,MRT Pink Line,"52,842",
4297,4297,3/4/2024,BTS Green Line,"782,957",
4298,4298,3/4/2024,BTS Gold Line,"6,298",
4299,4299,4/4/2024,SRT,"69,863",
4300,4300,4/4/2024,ARL,"71,489",
4301,4301,4/4/2024,Red Line,"31,971",
4302,4302,4/4/2024,MRT Blue Line,"487,391",
4303,4303,4/4/2024,MRT Purple Line,"75,225",
4304,4304,4/4/2024,MRT Yellow Line,"29,829",
4305,4305,4/4/2024,MRT Pink Line,"52,603",
4306,4306,4/4/2024,BTS Green Line,"776,672",
4307,4307,4/4/2024,BTS Gold Line,"6,478",
4308,4308,5/4/2024,SRT,"78,590",
4309,4309,5/4/2024,ARL,"73,249",
4310,4310,5/4/2024,Red Line,"34,950",
4311,4311,5/4/2024,MRT Blue Line,"504,581",
4312,4312,5/4/2024,MRT Purple Line,"76,183",
4313,4313,5/4/2024,MRT Yellow Line,"32,103",
4314,4314,5/4/2024,MRT Pink Line,"56,706",
4315,4315,5/4/2024,BTS Green Line,"809,733",
4316,4316,5/4/2024,BTS Gold Line,"7,613",
4317,4317,6/4/2024,SRT,"73,997",
4318,4318,6/4/2024,ARL,"52,884",
4319,4319,6/4/2024,Red Line,"23,781",
4320,4320,6/4/2024,MRT Blue Line,"335,850",
4321,4321,6/4/2024,MRT Purple Line,"44,464",
4322,4322,6/4/2024,MRT Yellow Line,"35,395",
4323,4323,6/4/2024,MRT Pink Line,"37,811",
4324,4324,6/4/2024,BTS Green Line,"564,211",
4325,4325,6/4/2024,BTS Gold Line,"8,094",
4326,4326,7/4/2024,SRT,"72,871",
4327,4327,7/4/2024,ARL,"47,604",
4328,4328,7/4/2024,Red Line,"21,529",
4329,4329,7/4/2024,MRT Blue Line,"285,397",
4330,4330,7/4/2024,MRT Purple Line,"37,905",
4331,4331,7/4/2024,MRT Yellow Line,"21,923",
4332,4332,7/4/2024,MRT Pink Line,"33,324",
4333,4333,7/4/2024,BTS Green Line,"497,898",
4334,4334,7/4/2024,BTS Gold Line,"8,610",
4335,4335,8/4/2024,SRT,"70,643",
4336,4336,8/4/2024,ARL,"47,859",
4337,4337,8/4/2024,Red Line,"20,847",
4338,4338,8/4/2024,MRT Blue Line,"272,583",
4339,4339,8/4/2024,MRT Purple Line,"38,357",
4340,4340,8/4/2024,MRT Yellow Line,"20,801",
4341,4341,8/4/2024,MRT Pink Line,"31,052",
4342,4342,8/4/2024,BTS Green Line,"452,912",
4343,4343,8/4/2024,BTS Gold Line,"5,637",
4344,4344,9/4/2024,SRT,"73,050",
4345,4345,9/4/2024,ARL,"66,650",
4346,4346,9/4/2024,Red Line,"30,238",
4347,4347,9/4/2024,MRT Blue Line,"435,781",
4348,4348,9/4/2024,MRT Purple Line,"70,335",
4349,4349,9/4/2024,MRT Yellow Line,"28,633",
4350,4350,9/4/2024,MRT Pink Line,"50,704",
4351,4351,9/4/2024,BTS Green Line,"725,275",
4352,4352,9/4/2024,BTS Gold Line,"5,530",
4353,4353,10/4/2024,SRT,"73,894",
4354,4354,10/4/2024,ARL,"65,556",
4355,4355,10/4/2024,Red Line,"29,458",
4356,4356,10/4/2024,MRT Blue Line,"433,193",
4357,4357,10/4/2024,MRT Purple Line,"69,130",
4358,4358,10/4/2024,MRT Yellow Line,"28,157",
4359,4359,10/4/2024,MRT Pink Line,"49,477",
4360,4360,10/4/2024,BTS Green Line,"719,977",
4361,4361,10/4/2024,BTS Gold Line,"6,458",
4362,4362,11/4/2024,SRT,"84,303",
4363,4363,11/4/2024,ARL,"65,616",
4364,4364,11/4/2024,Red Line,"30,396",
4365,4365,11/4/2024,MRT Blue Line,"415,347",
4366,4366,11/4/2024,MRT Purple Line,"66,194",
4367,4367,11/4/2024,MRT Yellow Line,"29,565",
4368,4368,11/4/2024,MRT Pink Line,"48,831",
4369,4369,11/4/2024,BTS Green Line,"706,918",
4370,4370,11/4/2024,BTS Gold Line,"6,688",
4371,4371,12/4/2024,SRT,"88,193",
4372,4372,12/4/2024,ARL,"53,771",
4373,4373,12/4/2024,Red Line,"22,100",
4374,4374,12/4/2024,MRT Blue Line,"290,736",
4375,4375,12/4/2024,MRT Purple Line,"41,666",
4376,4376,12/4/2024,MRT Yellow Line,"24,028",
4377,4377,12/4/2024,MRT Pink Line,"34,129",
4378,4378,12/4/2024,BTS Green Line,"539,246",
4379,4379,12/4/2024,BTS Gold Line,"9,475",
4380,4380,13/4/2024,SRT,"75,499",
4381,4381,13/4/2024,ARL,"53,993",
4382,4382,13/4/2024,Red Line,"20,477",
4383,4383,13/4/2024,MRT Blue Line,"276,092",
4384,4384,13/4/2024,MRT Purple Line,"32,956",
4385,4385,13/4/2024,MRT Yellow Line,"26,920",
4386,4386,13/4/2024,MRT Pink Line,"33,636",
4387,4387,13/4/2024,BTS Green Line,"562,384",
4388,4388,13/4/2024,BTS Gold Line,"10,961",
4389,4389,14/4/2024,SRT,"76,429",
4390,4390,14/4/2024,ARL,"54,632",
4391,4391,14/4/2024,Red Line,"18,965",
4392,4392,14/4/2024,MRT Blue Line,"263,503",
4393,4393,14/4/2024,MRT Purple Line,"31,889",
4394,4394,14/4/2024,MRT Yellow Line,"26,206",
4395,4395,14/4/2024,MRT Pink Line,"33,533",
4396,4396,14/4/2024,BTS Green Line,"553,548",
4397,4397,14/4/2024,BTS Gold Line,"11,546",
4398,4398,15/4/2024,SRT,"78,369",
4399,4399,15/4/2024,ARL,"52,516",
4400,4400,15/4/2024,Red Line,"19,657",
4401,4401,15/4/2024,MRT Blue Line,"249,733",
4402,4402,15/4/2024,MRT Purple Line,"31,146",
4403,4403,15/4/2024,MRT Yellow Line,"25,057",
4404,4404,15/4/2024,MRT Pink Line,"33,749",
4405,4405,15/4/2024,BTS Green Line,"537,607",
4406,4406,15/4/2024,BTS Gold Line,"15,458",
4407,4407,16/4/2024,SRT,"82,530",
4408,4408,16/4/2024,ARL,"42,037",
4409,4409,16/4/2024,Red Line,"18,267",
4410,4410,16/4/2024,MRT Blue Line,"189,893",
4411,4411,16/4/2024,MRT Purple Line,"27,806",
4412,4412,16/4/2024,MRT Yellow Line,"17,863",
4413,4413,16/4/2024,MRT Pink Line,"25,212",
4414,4414,16/4/2024,BTS Green Line,"379,749",
4415,4415,16/4/2024,BTS Gold Line,"9,661",
4416,4416,17/4/2024,SRT,"79,456",
4417,4417,17/4/2024,ARL,"59,738",
4418,4418,17/4/2024,Red Line,"26,750",
4419,4419,17/4/2024,MRT Blue Line,"370,323",
4420,4420,17/4/2024,MRT Purple Line,"59,252",
4421,4421,17/4/2024,MRT Yellow Line,"24,178",
4422,4422,17/4/2024,MRT Pink Line,"41,601",
4423,4423,17/4/2024,BTS Green Line,"606,021",
4424,4424,17/4/2024,BTS Gold Line,"6,099",
4425,4425,18/4/2024,SRT,"74,299",
4426,4426,18/4/2024,ARL,"60,521",
4427,4427,18/4/2024,Red Line,"28,618",
4428,4428,18/4/2024,MRT Blue Line,"398,343",
4429,4429,18/4/2024,MRT Purple Line,"64,361",
4430,4430,18/4/2024,MRT Yellow Line,"28,486",
4431,4431,18/4/2024,MRT Pink Line,"44,972",
4432,4432,18/4/2024,BTS Green Line,"649,871",
4433,4433,18/4/2024,BTS Gold Line,"5,942",
4434,4434,19/4/2024,SRT,"73,658",
4435,4435,19/4/2024,ARL,"64,273",
4436,4436,19/4/2024,Red Line,"29,703",
4437,4437,19/4/2024,MRT Blue Line,"414,728",
4438,4438,19/4/2024,MRT Purple Line,"66,394",
4439,4439,19/4/2024,MRT Yellow Line,"29,473",
4440,4440,19/4/2024,MRT Pink Line,"48,230",
4441,4441,19/4/2024,BTS Green Line,"685,806",
4442,4442,19/4/2024,BTS Gold Line,"6,699",
4443,4443,20/4/2024,SRT,"71,043",
4444,4444,20/4/2024,ARL,"47,872",
4445,4445,20/4/2024,Red Line,"21,098",
4446,4446,20/4/2024,MRT Blue Line,"269,962",
4447,4447,20/4/2024,MRT Purple Line,"39,516",
4448,4448,20/4/2024,MRT Yellow Line,"23,412",
4449,4449,20/4/2024,MRT Pink Line,"35,115",
4450,4450,20/4/2024,BTS Green Line,"511,349",
4451,4451,20/4/2024,BTS Gold Line,"7,882",
4452,4452,21/4/2024,SRT,"72,689",
4453,4453,21/4/2024,ARL,"44,911",
4454,4454,21/4/2024,Red Line,"21,537",
4455,4455,21/4/2024,MRT Blue Line,"238,533",
4456,4456,21/4/2024,MRT Purple Line,"33,844",
4457,4457,21/4/2024,MRT Yellow Line,"21,374",
4458,4458,21/4/2024,MRT Pink Line,"30,567",
4459,4459,21/4/2024,BTS Green Line,"453,151",
4460,4460,21/4/2024,BTS Gold Line,"6,632",
4461,4461,22/4/2024,SRT,"71,837",
4462,4462,22/4/2024,ARL,"68,698",
4463,4463,22/4/2024,Red Line,"30,963",
4464,4464,22/4/2024,MRT Blue Line,"437,789",
4465,4465,22/4/2024,MRT Purple Line,"71,225",
4466,4466,22/4/2024,MRT Yellow Line,"31,446",
4467,4467,22/4/2024,MRT Pink Line,"51,971",
4468,4468,22/4/2024,BTS Green Line,"710,532",
4469,4469,22/4/2024,BTS Gold Line,"5,487",
4470,4470,23/4/2024,SRT,"67,999",
4471,4471,23/4/2024,ARL,"68,273",
4472,4472,23/4/2024,Red Line,"30,634",
4473,4473,23/4/2024,MRT Blue Line,"454,194",
4474,4474,23/4/2024,MRT Purple Line,"72,230",
4475,4475,23/4/2024,MRT Yellow Line,"31,372",
4476,4476,23/4/2024,MRT Pink Line,"51,602",
4477,4477,23/4/2024,BTS Green Line,"732,756",
4478,4478,23/4/2024,BTS Gold Line,"5,302",
4479,4479,24/4/2024,SRT,"67,192",
4480,4480,24/4/2024,ARL,"69,343",
4481,4481,24/4/2024,Red Line,"30,375",
4482,4482,24/4/2024,MRT Blue Line,"454,650",
4483,4483,24/4/2024,MRT Purple Line,"72,346",
4484,4484,24/4/2024,MRT Yellow Line,"32,135",
4485,4485,24/4/2024,MRT Pink Line,"51,754",
4486,4486,24/4/2024,BTS Green Line,"744,581",
4487,4487,24/4/2024,BTS Gold Line,"5,678",
4488,4488,25/4/2024,SRT,"68,184",
4489,4489,25/4/2024,ARL,"70,338",
4490,4490,25/4/2024,Red Line,"30,513",
4491,4491,25/4/2024,MRT Blue Line,"456,062",
4492,4492,25/4/2024,MRT Purple Line,"72,903",
4493,4493,25/4/2024,MRT Yellow Line,"32,268",
4494,4494,25/4/2024,MRT Pink Line,"53,121",
4495,4495,25/4/2024,BTS Green Line,"765,042",
4496,4496,25/4/2024,BTS Gold Line,"6,301",
4497,4497,26/4/2024,SRT,"72,854",
4498,4498,26/4/2024,ARL,"73,786",
4499,4499,26/4/2024,Red Line,"33,755",
4500,4500,26/4/2024,MRT Blue Line,"468,696",
4501,4501,26/4/2024,MRT Purple Line,"73,525",
4502,4502,26/4/2024,MRT Yellow Line,"34,026",
4503,4503,26/4/2024,MRT Pink Line,"57,677",
4504,4504,26/4/2024,BTS Green Line,"792,351",
4505,4505,26/4/2024,BTS Gold Line,"7,198",
4506,4506,27/4/2024,SRT,"67,105",
4507,4507,27/4/2024,ARL,"52,672",
4508,4508,27/4/2024,Red Line,"22,980",
4509,4509,27/4/2024,MRT Blue Line,"300,788",
4510,4510,27/4/2024,MRT Purple Line,"44,308",
4511,4511,27/4/2024,MRT Yellow Line,"26,478",
4512,4512,27/4/2024,MRT Pink Line,"40,526",
4513,4513,27/4/2024,BTS Green Line,"574,097",
4514,4514,27/4/2024,BTS Gold Line,"6,993",
4515,4515,28/4/2024,SRT,"69,524",
4516,4516,28/4/2024,ARL,"47,038",
4517,4517,28/4/2024,Red Line,"20,268",
4518,4518,28/4/2024,MRT Blue Line,"245,018",
4519,4519,28/4/2024,MRT Purple Line,"36,139",
4520,4520,28/4/2024,MRT Yellow Line,"22,541",
4521,4521,28/4/2024,MRT Pink Line,"34,493",
4522,4522,28/4/2024,BTS Green Line,"491,638",
4523,4523,28/4/2024,BTS Gold Line,"6,777",
4524,4524,29/4/2024,SRT,"70,914",
4525,4525,29/4/2024,ARL,"70,046",
4526,4526,29/4/2024,Red Line,"30,740",
4527,4527,29/4/2024,MRT Blue Line,"445,024",
4528,4528,29/4/2024,MRT Purple Line,"71,908",
4529,4529,29/4/2024,MRT Yellow Line,"31,570",
4530,4530,29/4/2024,MRT Pink Line,"54,079",
4531,4531,29/4/2024,BTS Green Line,"752,642",
4532,4532,29/4/2024,BTS Gold Line,"6,683",
4533,4533,30/4/2024,SRT,"71,503",
4534,4534,30/4/2024,ARL,"74,751",
4535,4535,30/4/2024,Red Line,"32,641",
4536,4536,30/4/2024,MRT Blue Line,"481,633",
4537,4537,30/4/2024,MRT Purple Line,"76,003",
4538,4538,30/4/2024,MRT Yellow Line,"35,580",
4539,4539,30/4/2024,MRT Pink Line,"58,808",
4540,4540,30/4/2024,BTS Green Line,"819,782",
4541,4541,30/4/2024,BTS Gold Line,"7,255",
4542,4542,1/5/2024,SRT,"75,854",
4543,4543,1/5/2024,ARL,"55,537",
4544,4544,1/5/2024,Red Line,"25,328",
4545,4545,1/5/2024,MRT Blue Line,"304,920",
4546,4546,1/5/2024,MRT Purple Line,"46,134",
4547,4547,1/5/2024,MRT Yellow Line,"26,499",
4548,4548,1/5/2024,MRT Pink Line,"44,168",
4549,4549,1/5/2024,BTS Green Line,"571,379",
4550,4550,1/5/2024,BTS Gold Line,"8,352",
4551,4551,2/5/2024,SRT,"69,517",
4552,4552,2/5/2024,ARL,"72,906",
4553,4553,2/5/2024,Red Line,"31,062",
4554,4554,2/5/2024,MRT Blue Line,"460,601",
4555,4555,2/5/2024,MRT Purple Line,"72,640",
4556,4556,2/5/2024,MRT Yellow Line,"34,006",
4557,4557,2/5/2024,MRT Pink Line,"54,444",
4558,4558,2/5/2024,BTS Green Line,"780,224",
4559,4559,2/5/2024,BTS Gold Line,"8,851",
4560,4560,3/5/2024,SRT,"77,153",
4561,4561,3/5/2024,ARL,"76,187",
4562,4562,3/5/2024,Red Line,"32,829",
4563,4563,3/5/2024,MRT Blue Line,"474,418",
4564,4564,3/5/2024,MRT Purple Line,"73,771",
4565,4565,3/5/2024,MRT Yellow Line,"36,010",
4566,4566,3/5/2024,MRT Pink Line,"58,228",
4567,4567,3/5/2024,BTS Green Line,"811,531",
4568,4568,3/5/2024,BTS Gold Line,"8,261",
4569,4569,4/5/2024,SRT,"70,366",
4570,4570,4/5/2024,ARL,"58,096",
4571,4571,4/5/2024,Red Line,"21,629",
4572,4572,4/5/2024,MRT Blue Line,"288,295",
4573,4573,4/5/2024,MRT Purple Line,"40,398",
4574,4574,4/5/2024,MRT Yellow Line,"31,202",
4575,4575,4/5/2024,MRT Pink Line,"37,239",
4576,4576,4/5/2024,BTS Green Line,"542,500",
4577,4577,4/5/2024,BTS Gold Line,"8,478",
4578,4578,5/5/2024,SRT,"70,335",
4579,4579,5/5/2024,ARL,"47,342",
4580,4580,5/5/2024,Red Line,"19,292",
4581,4581,5/5/2024,MRT Blue Line,"248,398",
4582,4582,5/5/2024,MRT Purple Line,"39,984",
4583,4583,5/5/2024,MRT Yellow Line,"23,984",
4584,4584,5/5/2024,MRT Pink Line,"34,060",
4585,4585,5/5/2024,BTS Green Line,"474,791",
4586,4586,5/5/2024,BTS Gold Line,"6,930",
4587,4587,6/5/2024,SRT,"69,540",
4588,4588,6/5/2024,ARL,"48,133",
4589,4589,6/5/2024,Red Line,"19,881",
4590,4590,6/5/2024,MRT Blue Line,"242,613",
4591,4591,6/5/2024,MRT Purple Line,"37,091",
4592,4592,6/5/2024,MRT Yellow Line,"21,849",
4593,4593,6/5/2024,MRT Pink Line,"32,209",
4594,4594,6/5/2024,BTS Green Line,"451,786",
4595,4595,6/5/2024,BTS Gold Line,"5,188",
4596,4596,7/5/2024,SRT,"66,701",
4597,4597,7/5/2024,ARL,"67,977",
4598,4598,7/5/2024,Red Line,"30,169",
4599,4599,7/5/2024,MRT Blue Line,"440,606",
4600,4600,7/5/2024,MRT Purple Line,"71,642",
4601,4601,7/5/2024,MRT Yellow Line,"32,627",
4602,4602,7/5/2024,MRT Pink Line,"53,039",
4603,4603,7/5/2024,BTS Green Line,"732,134",
4604,4604,7/5/2024,BTS Gold Line,"5,138",
4605,4605,8/5/2024,SRT,"66,902",
4606,4606,8/5/2024,ARL,"68,409",
4607,4607,8/5/2024,Red Line,"30,810",
4608,4608,8/5/2024,MRT Blue Line,"452,915",
4609,4609,8/5/2024,MRT Purple Line,"73,619",
4610,4610,8/5/2024,MRT Yellow Line,"32,375",
4611,4611,8/5/2024,MRT Pink Line,"53,221",
4612,4612,8/5/2024,BTS Green Line,"743,404",
4613,4613,8/5/2024,BTS Gold Line,"5,667",
4614,4614,9/5/2024,SRT,"70,760",
4615,4615,9/5/2024,ARL,"69,047",
4616,4616,9/5/2024,Red Line,"31,673",
4617,4617,9/5/2024,MRT Blue Line,"454,461",
4618,4618,9/5/2024,MRT Purple Line,"72,201",
4619,4619,9/5/2024,MRT Yellow Line,"32,694",
4620,4620,9/5/2024,MRT Pink Line,"54,062",
4621,4621,9/5/2024,BTS Green Line,"741,252",
4622,4622,9/5/2024,BTS Gold Line,"5,708",
4623,4623,10/5/2024,SRT,"69,728",
4624,4624,10/5/2024,ARL,"63,828",
4625,4625,10/5/2024,Red Line,"26,868",
4626,4626,10/5/2024,MRT Blue Line,"418,100",
4627,4627,10/5/2024,MRT Purple Line,"62,075",
4628,4628,10/5/2024,MRT Yellow Line,"32,040",
4629,4629,10/5/2024,MRT Pink Line,"44,844",
4630,4630,10/5/2024,BTS Green Line,"701,541",
4631,4631,10/5/2024,BTS Gold Line,"6,246",
4632,4632,11/5/2024,SRT,"66,868",
4633,4633,11/5/2024,ARL,"49,303",
4634,4634,11/5/2024,Red Line,"21,482",
4635,4635,11/5/2024,MRT Blue Line,"298,320",
4636,4636,11/5/2024,MRT Purple Line,"42,055",
4637,4637,11/5/2024,MRT Yellow Line,"24,687",
4638,4638,11/5/2024,MRT Pink Line,"35,964",
4639,4639,11/5/2024,BTS Green Line,"530,935",
4640,4640,11/5/2024,BTS Gold Line,"6,320",
4641,4641,12/5/2024,SRT,"72,941",
4642,4642,12/5/2024,ARL,"45,691",
4643,4643,12/5/2024,Red Line,"20,120",
4644,4644,12/5/2024,MRT Blue Line,"260,155",
4645,4645,12/5/2024,MRT Purple Line,"35,906",
4646,4646,12/5/2024,MRT Yellow Line,"21,620",
4647,4647,12/5/2024,MRT Pink Line,"32,819",
4648,4648,12/5/2024,BTS Green Line,"451,316",
4649,4649,12/5/2024,BTS Gold Line,"5,992",
4650,4650,13/5/2024,SRT,"71,931",
4651,4651,13/5/2024,ARL,"65,973",
4652,4652,13/5/2024,Red Line,"30,493",
4653,4653,13/5/2024,MRT Blue Line,"430,958",
4654,4654,13/5/2024,MRT Purple Line,"72,853",
4655,4655,13/5/2024,MRT Yellow Line,"34,356",
4656,4656,13/5/2024,MRT Pink Line,"54,653",
4657,4657,13/5/2024,BTS Green Line,"715,104",
4658,4658,13/5/2024,BTS Gold Line,"7,321",
4659,4659,14/5/2024,SRT,"68,092",
4660,4660,14/5/2024,ARL,"67,470",
4661,4661,14/5/2024,Red Line,"29,205",
4662,4662,14/5/2024,MRT Blue Line,"444,797",
4663,4663,14/5/2024,MRT Purple Line,"74,872",
4664,4664,14/5/2024,MRT Yellow Line,"31,998",
4665,4665,14/5/2024,MRT Pink Line,"53,420",
4666,4666,14/5/2024,BTS Green Line,"746,373",
4667,4667,14/5/2024,BTS Gold Line,"5,237",
4668,4668,15/5/2024,SRT,"65,330",
4669,4669,15/5/2024,ARL,"68,180",
4670,4670,15/5/2024,Red Line,"30,280",
4671,4671,15/5/2024,MRT Blue Line,"450,774",
4672,4672,15/5/2024,MRT Purple Line,"74,459",
4673,4673,15/5/2024,MRT Yellow Line,"32,756",
4674,4674,15/5/2024,MRT Pink Line,"53,942",
4675,4675,15/5/2024,BTS Green Line,"744,430",
4676,4676,15/5/2024,BTS Gold Line,"5,023",
4677,4677,16/5/2024,SRT,"62,480",
4678,4678,16/5/2024,ARL,"66,753",
4679,4679,16/5/2024,Red Line,"30,401",
4680,4680,16/5/2024,MRT Blue Line,"449,600",
4681,4681,16/5/2024,MRT Purple Line,"73,413",
4682,4682,16/5/2024,MRT Yellow Line,"32,950",
4683,4683,16/5/2024,MRT Pink Line,"54,171",
4684,4684,16/5/2024,BTS Green Line,"750,686",
4685,4685,16/5/2024,BTS Gold Line,"5,577",
4686,4686,17/5/2024,SRT,"71,858",
4687,4687,17/5/2024,ARL,"71,152",
4688,4688,17/5/2024,Red Line,"32,596",
4689,4689,17/5/2024,MRT Blue Line,"468,362",
4690,4690,17/5/2024,MRT Purple Line,"76,122",
4691,4691,17/5/2024,MRT Yellow Line,"36,044",
4692,4692,17/5/2024,MRT Pink Line,"58,414",
4693,4693,17/5/2024,BTS Green Line,"808,791",
4694,4694,17/5/2024,BTS Gold Line,"6,235",
4695,4695,18/5/2024,SRT,"61,466",
4696,4696,18/5/2024,ARL,"50,265",
4697,4697,18/5/2024,Red Line,"21,353",
4698,4698,18/5/2024,MRT Blue Line,"285,165",
4699,4699,18/5/2024,MRT Purple Line,"41,278",
4700,4700,18/5/2024,MRT Yellow Line,"24,678",
4701,4701,18/5/2024,MRT Pink Line,"38,006",
4702,4702,18/5/2024,BTS Green Line,"546,720",
4703,4703,18/5/2024,BTS Gold Line,"6,175",
4704,4704,19/5/2024,SRT,"65,945",
4705,4705,19/5/2024,ARL,"42,743",
4706,4706,19/5/2024,Red Line,"18,479",
4707,4707,19/5/2024,MRT Blue Line,"232,328",
4708,4708,19/5/2024,MRT Purple Line,"33,468",
4709,4709,19/5/2024,MRT Yellow Line,"21,514",
4710,4710,19/5/2024,MRT Pink Line,"32,288",
4711,4711,19/5/2024,BTS Green Line,"456,380",
4712,4712,19/5/2024,BTS Gold Line,"6,180",
4713,4713,20/5/2024,SRT,"67,120",
4714,4714,20/5/2024,ARL,"66,814",
4715,4715,20/5/2024,Red Line,"29,592",
4716,4716,20/5/2024,MRT Blue Line,"437,833",
4717,4717,20/5/2024,MRT Purple Line,"74,946",
4718,4718,20/5/2024,MRT Yellow Line,"33,078",
4719,4719,20/5/2024,MRT Pink Line,"54,950",
4720,4720,20/5/2024,BTS Green Line,"731,945",
4721,4721,20/5/2024,BTS Gold Line,"7,748",
4722,4722,21/5/2024,SRT,"63,597",
4723,4723,21/5/2024,ARL,"70,272",
4724,4724,21/5/2024,Red Line,"32,379",
4725,4725,21/5/2024,MRT Blue Line,"466,108",
4726,4726,21/5/2024,MRT Purple Line,"80,551",
4727,4727,21/5/2024,MRT Yellow Line,"38,480",
4728,4728,21/5/2024,MRT Pink Line,"67,247",
4729,4729,21/5/2024,BTS Green Line,"789,309",
4730,4730,21/5/2024,BTS Gold Line,"6,652",
4731,4731,22/5/2024,SRT,"50,304",
4732,4732,22/5/2024,ARL,"43,457",
4733,4733,22/5/2024,Red Line,"17,800",
4734,4734,22/5/2024,MRT Blue Line,"241,217",
4735,4735,22/5/2024,MRT Purple Line,"34,088",
4736,4736,22/5/2024,MRT Yellow Line,"20,057",
4737,4737,22/5/2024,MRT Pink Line,"30,557",
4738,4738,22/5/2024,BTS Green Line,"443,307",
4739,4739,22/5/2024,BTS Gold Line,"5,552",
4740,4740,23/5/2024,SRT,"61,892",
4741,4741,23/5/2024,ARL,"67,049",
4742,4742,23/5/2024,Red Line,"30,268",
4743,4743,23/5/2024,MRT Blue Line,"442,928",
4744,4744,23/5/2024,MRT Purple Line,"75,093",
4745,4745,23/5/2024,MRT Yellow Line,"36,673",
4746,4746,23/5/2024,MRT Pink Line,"58,650",
4747,4747,23/5/2024,BTS Green Line,"755,579",
4748,4748,23/5/2024,BTS Gold Line,"5,694",
4749,4749,24/5/2024,SRT,"69,501",
4750,4750,24/5/2024,ARL,"68,811",
4751,4751,24/5/2024,Red Line,"32,115",
4752,4752,24/5/2024,MRT Blue Line,"455,082",
4753,4753,24/5/2024,MRT Purple Line,"76,201",
4754,4754,24/5/2024,MRT Yellow Line,"37,391",
4755,4755,24/5/2024,MRT Pink Line,"62,652",
4756,4756,24/5/2024,BTS Green Line,"786,912",
4757,4757,24/5/2024,BTS Gold Line,"6,434",
4758,4758,25/5/2024,SRT,"60,923",
4759,4759,25/5/2024,ARL,"49,511",
4760,4760,25/5/2024,Red Line,"21,033",
4761,4761,25/5/2024,MRT Blue Line,"284,800",
4762,4762,25/5/2024,MRT Purple Line,"42,674",
4763,4763,25/5/2024,MRT Yellow Line,"25,050",
4764,4764,25/5/2024,MRT Pink Line,"40,557",
4765,4765,25/5/2024,BTS Green Line,"537,819",
4766,4766,25/5/2024,BTS Gold Line,"6,263",
4767,4767,26/5/2024,SRT,"64,726",
4768,4768,26/5/2024,ARL,"44,848",
4769,4769,26/5/2024,Red Line,"19,813",
4770,4770,26/5/2024,MRT Blue Line,"235,692",
4771,4771,26/5/2024,MRT Purple Line,"34,874",
4772,4772,26/5/2024,MRT Yellow Line,"21,379",
4773,4773,26/5/2024,MRT Pink Line,"35,030",
4774,4774,26/5/2024,BTS Green Line,"459,615",
4775,4775,26/5/2024,BTS Gold Line,"5,662",
4776,4776,27/5/2024,SRT,"66,185",
4777,4777,27/5/2024,ARL,"68,047",
4778,4778,27/5/2024,Red Line,"30,804",
4779,4779,27/5/2024,MRT Blue Line,"442,314",
4780,4780,27/5/2024,MRT Purple Line,"75,855",
4781,4781,27/5/2024,MRT Yellow Line,"35,102",
4782,4782,27/5/2024,MRT Pink Line,"57,238",
4783,4783,27/5/2024,BTS Green Line,"743,048",
4784,4784,27/5/2024,BTS Gold Line,"5,488",
4785,4785,28/5/2024,SRT,"60,708",
4786,4786,28/5/2024,ARL,"68,926",
4787,4787,28/5/2024,Red Line,"30,042",
4788,4788,28/5/2024,MRT Blue Line,"458,778",
4789,4789,28/5/2024,MRT Purple Line,"77,666",
4790,4790,28/5/2024,MRT Yellow Line,"35,070",
4791,4791,28/5/2024,MRT Pink Line,"62,225",
4792,4792,28/5/2024,BTS Green Line,"768,336",
4793,4793,28/5/2024,BTS Gold Line,"7,220",
4794,4794,29/5/2024,SRT,"60,711",
4795,4795,29/5/2024,ARL,"69,043",
4796,4796,29/5/2024,Red Line,"30,884",
4797,4797,29/5/2024,MRT Blue Line,"460,255",
4798,4798,29/5/2024,MRT Purple Line,"77,860",
4799,4799,29/5/2024,MRT Yellow Line,"35,012",
4800,4800,29/5/2024,MRT Pink Line,"63,769",
4801,4801,29/5/2024,BTS Green Line,"772,745",
4802,4802,29/5/2024,BTS Gold Line,"5,178",
4803,4803,30/5/2024,SRT,"63,451",
4804,4804,30/5/2024,ARL,"70,564",
4805,4805,30/5/2024,Red Line,"31,931",
4806,4806,30/5/2024,MRT Blue Line,"471,123",
4807,4807,30/5/2024,MRT Purple Line,"78,895",
4808,4808,30/5/2024,MRT Yellow Line,"38,029",
4809,4809,30/5/2024,MRT Pink Line,"66,956",
4810,4810,30/5/2024,BTS Green Line,"795,780",
4811,4811,30/5/2024,BTS Gold Line,"6,352",
4812,4812,31/5/2024,SRT,"78,011",
4813,4813,31/5/2024,ARL,"74,157",
4814,4814,31/5/2024,Red Line,"35,941",
4815,4815,31/5/2024,MRT Blue Line,"484,451",
4816,4816,31/5/2024,MRT Purple Line,"81,741",
4817,4817,31/5/2024,MRT Yellow Line,"40,139",
4818,4818,31/5/2024,MRT Pink Line,"73,938",
4819,4819,31/5/2024,BTS Green Line,"835,962",
4820,4820,31/5/2024,BTS Gold Line,"6,914",
4821,4821,1/6/2024,SRT,"74,853",
4822,4822,1/6/2024,ARL,"54,183",
4823,4823,1/6/2024,Red Line,"24,311",
4824,4824,1/6/2024,MRT Blue Line,"306,668",
4825,4825,1/6/2024,MRT Purple Line,"46,555",
4826,4826,1/6/2024,MRT Yellow Line,"27,951",
4827,4827,1/6/2024,MRT Pink Line,"35,104",
4828,4828,1/6/2024,BTS Green Line,"622,717",
4829,4829,1/6/2024,BTS Gold Line,"6,307",
4830,4830,2/6/2024,SRT,"76,016",
4831,4831,2/6/2024,ARL,"49,381",
4832,4832,2/6/2024,Red Line,"21,160",
4833,4833,2/6/2024,MRT Blue Line,"269,335",
4834,4834,2/6/2024,MRT Purple Line,"39,322",
4835,4835,2/6/2024,MRT Yellow Line,"28,033",
4836,4836,2/6/2024,MRT Pink Line,"37,935",
4837,4837,2/6/2024,BTS Green Line,"530,195",
4838,4838,2/6/2024,BTS Gold Line,"5,894",
4839,4839,3/6/2024,SRT,"83,046",
4840,4840,3/6/2024,ARL,"44,035",
4841,4841,3/6/2024,Red Line,"20,411",
4842,4842,3/6/2024,MRT Blue Line,"232,166",
4843,4843,3/6/2024,MRT Purple Line,"34,633",
4844,4844,3/6/2024,MRT Yellow Line,"20,835",
4845,4845,3/6/2024,MRT Pink Line,"32,377",
4846,4846,3/6/2024,BTS Green Line,"435,410",
4847,4847,3/6/2024,BTS Gold Line,"5,189",
4848,4848,4/6/2024,SRT,"69,917",
4849,4849,4/6/2024,ARL,"69,881",
4850,4850,4/6/2024,Red Line,"32,984",
4851,4851,4/6/2024,MRT Blue Line,"472,683",
4852,4852,4/6/2024,MRT Purple Line,"81,231",
4853,4853,4/6/2024,MRT Yellow Line,"37,194",
4854,4854,4/6/2024,MRT Pink Line,"63,031",
4855,4855,4/6/2024,BTS Green Line,"736,088",
4856,4856,4/6/2024,BTS Gold Line,"4,931",
4857,4857,5/6/2024,SRT,"64,699",
4858,4858,5/6/2024,ARL,"70,089",
4859,4859,5/6/2024,Red Line,"33,282",
4860,4860,5/6/2024,MRT Blue Line,"472,299",
4861,4861,5/6/2024,MRT Purple Line,"79,943",
4862,4862,5/6/2024,MRT Yellow Line,"36,737",
4863,4863,5/6/2024,MRT Pink Line,"63,012",
4864,4864,5/6/2024,BTS Green Line,"789,134",
4865,4865,5/6/2024,BTS Gold Line,"5,372",
4866,4866,6/6/2024,SRT,"66,252",
4867,4867,6/6/2024,ARL,"69,678",
4868,4868,6/6/2024,Red Line,"31,879",
4869,4869,6/6/2024,MRT Blue Line,"471,393",
4870,4870,6/6/2024,MRT Purple Line,"78,966",
4871,4871,6/6/2024,MRT Yellow Line,"35,485",
4872,4872,6/6/2024,MRT Pink Line,"61,072",
4873,4873,6/6/2024,BTS Green Line,"785,363",
4874,4874,6/6/2024,BTS Gold Line,"5,731",
4875,4875,7/6/2024,SRT,"74,829",
4876,4876,7/6/2024,ARL,"72,871",
4877,4877,7/6/2024,Red Line,"34,002",
4878,4878,7/6/2024,MRT Blue Line,"478,230",
4879,4879,7/6/2024,MRT Purple Line,"79,786",
4880,4880,7/6/2024,MRT Yellow Line,"37,354",
4881,4881,7/6/2024,MRT Pink Line,"64,663",
4882,4882,7/6/2024,BTS Green Line,"820,355",
4883,4883,7/6/2024,BTS Gold Line,"6,493",
4884,4884,8/6/2024,SRT,"65,270",
4885,4885,8/6/2024,ARL,"53,390",
4886,4886,8/6/2024,Red Line,"24,349",
4887,4887,8/6/2024,MRT Blue Line,"318,618",
4888,4888,8/6/2024,MRT Purple Line,"45,689",
4889,4889,8/6/2024,MRT Yellow Line,"26,688",
4890,4890,8/6/2024,MRT Pink Line,"42,955",
4891,4891,8/6/2024,BTS Green Line,"593,480",
4892,4892,8/6/2024,BTS Gold Line,"7,109",
4893,4893,9/6/2024,SRT,"70,954",
4894,4894,9/6/2024,ARL,"48,002",
4895,4895,9/6/2024,Red Line,"22,581",
4896,4896,9/6/2024,MRT Blue Line,"271,177",
4897,4897,9/6/2024,MRT Purple Line,"37,909",
4898,4898,9/6/2024,MRT Yellow Line,"23,375",
4899,4899,9/6/2024,MRT Pink Line,"37,136",
4900,4900,9/6/2024,BTS Green Line,"522,157",
4901,4901,9/6/2024,BTS Gold Line,"5,764",
4902,4902,10/6/2024,SRT,"71,925",
4903,4903,10/6/2024,ARL,"72,086",
4904,4904,10/6/2024,Red Line,"34,065",
4905,4905,10/6/2024,MRT Blue Line,"456,986",
4906,4906,10/6/2024,MRT Purple Line,"78,568",
4907,4907,10/6/2024,MRT Yellow Line,"35,875",
4908,4908,10/6/2024,MRT Pink Line,"62,162",
4909,4909,10/6/2024,BTS Green Line,"773,806",
4910,4910,10/6/2024,BTS Gold Line,"6,015",
4911,4911,11/6/2024,SRT,"65,970",
4912,4912,11/6/2024,ARL,"75,510",
4913,4913,11/6/2024,Red Line,"33,207",
4914,4914,11/6/2024,MRT Blue Line,"474,934",
4915,4915,11/6/2024,MRT Purple Line,"80,412",
4916,4916,11/6/2024,MRT Yellow Line,"39,487",
4917,4917,11/6/2024,MRT Pink Line,"62,567",
4918,4918,11/6/2024,BTS Green Line,"791,685",
4919,4919,11/6/2024,BTS Gold Line,"5,961",
4920,4920,12/6/2024,SRT,"64,823",
4921,4921,12/6/2024,ARL,"69,435",
4922,4922,12/6/2024,Red Line,"32,899",
4923,4923,12/6/2024,MRT Blue Line,"470,067",
4924,4924,12/6/2024,MRT Purple Line,"80,563",
4925,4925,12/6/2024,MRT Yellow Line,"35,618",
4926,4926,12/6/2024,MRT Pink Line,"63,087",
4927,4927,12/6/2024,BTS Green Line,"804,753",
4928,4928,12/6/2024,BTS Gold Line,"7,089",
4929,4929,13/6/2024,SRT,"67,478",
4930,4930,13/6/2024,ARL,"70,201",
4931,4931,13/6/2024,Red Line,"33,171",
4932,4932,13/6/2024,MRT Blue Line,"473,635",
4933,4933,13/6/2024,MRT Purple Line,"80,668",
4934,4934,13/6/2024,MRT Yellow Line,"36,401",
4935,4935,13/6/2024,MRT Pink Line,"63,801",
4936,4936,13/6/2024,BTS Green Line,"812,852",
4937,4937,13/6/2024,BTS Gold Line,"7,939",
4938,4938,14/6/2024,SRT,"80,611",
4939,4939,14/6/2024,ARL,"72,922",
4940,4940,14/6/2024,Red Line,"35,868",
4941,4941,14/6/2024,MRT Blue Line,"488,099",
4942,4942,14/6/2024,MRT Purple Line,"81,856",
4943,4943,14/6/2024,MRT Yellow Line,"37,849",
4944,4944,14/6/2024,MRT Pink Line,"66,451",
4945,4945,14/6/2024,BTS Green Line,"851,924",
4946,4946,14/6/2024,BTS Gold Line,"7,919",
4947,4947,15/6/2024,SRT,"74,298",
4948,4948,15/6/2024,ARL,"54,091",
4949,4949,15/6/2024,Red Line,"23,981",
4950,4950,15/6/2024,MRT Blue Line,"325,103",
4951,4951,15/6/2024,MRT Purple Line,"47,891",
4952,4952,15/6/2024,MRT Yellow Line,"26,825",
4953,4953,15/6/2024,MRT Pink Line,"45,164",
4954,4954,15/6/2024,BTS Green Line,"612,595",
4955,4955,15/6/2024,BTS Gold Line,"7,085",
4956,4956,16/6/2024,SRT,"75,191",
4957,4957,16/6/2024,ARL,"45,841",
4958,4958,16/6/2024,Red Line,"21,432",
4959,4959,16/6/2024,MRT Blue Line,"254,354",
4960,4960,16/6/2024,MRT Purple Line,"38,632",
4961,4961,16/6/2024,MRT Yellow Line,"23,621",
4962,4962,16/6/2024,MRT Pink Line,"37,135",
4963,4963,16/6/2024,BTS Green Line,"500,489",
4964,4964,16/6/2024,BTS Gold Line,"6,238",
4965,4965,17/6/2024,SRT,"68,744",
4966,4966,17/6/2024,ARL,"67,840",
4967,4967,17/6/2024,Red Line,"32,156",
4968,4968,17/6/2024,MRT Blue Line,"452,169",
4969,4969,17/6/2024,MRT Purple Line,"79,772",
4970,4970,17/6/2024,MRT Yellow Line,"37,505",
4971,4971,17/6/2024,MRT Pink Line,"61,698",
4972,4972,17/6/2024,BTS Green Line,"775,821",
4973,4973,17/6/2024,BTS Gold Line,"6,567",
4974,4974,18/6/2024,SRT,"69,960",
4975,4975,18/6/2024,ARL,"68,311",
4976,4976,18/6/2024,Red Line,"32,766",
4977,4977,18/6/2024,MRT Blue Line,"473,907",
4978,4978,18/6/2024,MRT Purple Line,"81,856",
4979,4979,18/6/2024,MRT Yellow Line,"37,936",
4980,4980,18/6/2024,MRT Pink Line,"62,537",
4981,4981,18/6/2024,BTS Green Line,"800,540",
4982,4982,18/6/2024,BTS Gold Line,"5,783",
4983,4983,19/6/2024,SRT,"69,176",
4984,4984,19/6/2024,ARL,"69,435",
4985,4985,19/6/2024,Red Line,"32,898",
4986,4986,19/6/2024,MRT Blue Line,"477,820",
4987,4987,19/6/2024,MRT Purple Line,"80,654",
4988,4988,19/6/2024,MRT Yellow Line,"40,429",
4989,4989,19/6/2024,MRT Pink Line,"64,152",
4990,4990,19/6/2024,BTS Green Line,"809,614",
4991,4991,19/6/2024,BTS Gold Line,"6,213",
4992,4992,20/6/2024,SRT,"71,156",
4993,4993,20/6/2024,ARL,"70,831",
4994,4994,20/6/2024,Red Line,"33,203",
4995,4995,20/6/2024,MRT Blue Line,"480,611",
4996,4996,20/6/2024,MRT Purple Line,"80,394",
4997,4997,20/6/2024,MRT Yellow Line,"40,411",
4998,4998,20/6/2024,MRT Pink Line,"63,930",
4999,4999,20/6/2024,BTS Green Line,"802,532",
5000,5000,20/6/2024,BTS Gold Line,"6,687",
5001,5001,21/6/2024,SRT,"80,643",
5002,5002,21/6/2024,ARL,"75,691",
5003,5003,21/6/2024,Red Line,"36,238",
5004,5004,21/6/2024,MRT Blue Line,"494,005",
5005,5005,21/6/2024,MRT Purple Line,"81,544",
5006,5006,21/6/2024,MRT Yellow Line,"43,576",
5007,5007,21/6/2024,MRT Pink Line,"68,811",
5008,5008,21/6/2024,BTS Green Line,"842,603",
5009,5009,21/6/2024,BTS Gold Line,"7,098",
5010,5010,22/6/2024,SRT,"70,430",
5011,5011,22/6/2024,ARL,"64,450",
5012,5012,22/6/2024,Red Line,"23,774",
5013,5013,22/6/2024,MRT Blue Line,"325,301",
5014,5014,22/6/2024,MRT Purple Line,"47,428",
5015,5015,22/6/2024,MRT Yellow Line,"38,370",
5016,5016,22/6/2024,MRT Pink Line,"45,169",
5017,5017,22/6/2024,BTS Green Line,"599,304",
5018,5018,22/6/2024,BTS Gold Line,"7,149",
5019,5019,23/6/2024,SRT,"75,273",
5020,5020,23/6/2024,ARL,"56,329",
5021,5021,23/6/2024,Red Line,"21,601",
5022,5022,23/6/2024,MRT Blue Line,"260,631",
5023,5023,23/6/2024,MRT Purple Line,"38,213",
5024,5024,23/6/2024,MRT Yellow Line,"32,339",
5025,5025,23/6/2024,MRT Pink Line,"28,073",
5026,5026,23/6/2024,BTS Green Line,"517,614",
5027,5027,23/6/2024,BTS Gold Line,"6,184",
5028,5028,24/6/2024,SRT,"71,060",
5029,5029,24/6/2024,ARL,"71,495",
5030,5030,24/6/2024,Red Line,"34,768",
5031,5031,24/6/2024,MRT Blue Line,"454,685",
5032,5032,24/6/2024,MRT Purple Line,"79,022",
5033,5033,24/6/2024,MRT Yellow Line,"40,119",
5034,5034,24/6/2024,MRT Pink Line,"56,956",
5035,5035,24/6/2024,BTS Green Line,"760,845",
5036,5036,24/6/2024,BTS Gold Line,"7,139",
5037,5037,25/6/2024,SRT,"66,651",
5038,5038,25/6/2024,ARL,"71,319",
5039,5039,25/6/2024,Red Line,"34,714",
5040,5040,25/6/2024,MRT Blue Line,"483,334",
5041,5041,25/6/2024,MRT Purple Line,"82,466",
5042,5042,25/6/2024,MRT Yellow Line,"42,129",
5043,5043,25/6/2024,MRT Pink Line,"63,190",
5044,5044,25/6/2024,BTS Green Line,"794,560",
5045,5045,25/6/2024,BTS Gold Line,"5,970",
5046,5046,26/6/2024,SRT,"64,390",
5047,5047,26/6/2024,ARL,"70,271",
5048,5048,26/6/2024,Red Line,"33,236",
5049,5049,26/6/2024,MRT Blue Line,"472,797",
5050,5050,26/6/2024,MRT Purple Line,"82,381",
5051,5051,26/6/2024,MRT Yellow Line,"40,796",
5052,5052,26/6/2024,MRT Pink Line,"66,104",
5053,5053,26/6/2024,BTS Green Line,"812,335",
5054,5054,26/6/2024,BTS Gold Line,"6,678",
5055,5055,27/6/2024,SRT,"65,863",
5056,5056,27/6/2024,ARL,"72,258",
5057,5057,27/6/2024,Red Line,"35,135",
5058,5058,27/6/2024,MRT Blue Line,"479,285",
5059,5059,27/6/2024,MRT Purple Line,"81,738",
5060,5060,27/6/2024,MRT Yellow Line,"40,611",
5061,5061,27/6/2024,MRT Pink Line,"64,127",
5062,5062,27/6/2024,BTS Green Line,"825,729",
5063,5063,27/6/2024,BTS Gold Line,"6,757",
5064,5064,28/6/2024,SRT,"78,414",
5065,5065,28/6/2024,ARL,"77,996",
5066,5066,28/6/2024,Red Line,"39,474",
5067,5067,28/6/2024,MRT Blue Line,"532,552",
5068,5068,28/6/2024,MRT Purple Line,"86,639",
5069,5069,28/6/2024,MRT Yellow Line,"46,270",
5070,5070,28/6/2024,MRT Pink Line,"71,823",
5071,5071,28/6/2024,BTS Green Line,"904,244",
5072,5072,28/6/2024,BTS Gold Line,"7,986",
5073,5073,29/6/2024,SRT,"69,069",
5074,5074,29/6/2024,ARL,"57,806",
5075,5075,29/6/2024,Red Line,"26,091",
5076,5076,29/6/2024,MRT Blue Line,"369,555",
5077,5077,29/6/2024,MRT Purple Line,"53,513",
5078,5078,29/6/2024,MRT Yellow Line,"34,767",
5079,5079,29/6/2024,MRT Pink Line,"51,431",
5080,5080,29/6/2024,BTS Green Line,"654,246",
5081,5081,29/6/2024,BTS Gold Line,"8,497",
5082,5082,30/6/2024,SRT,"77,651",
5083,5083,30/6/2024,ARL,"53,462",
5084,5084,30/6/2024,Red Line,"23,753",
5085,5085,30/6/2024,MRT Blue Line,"311,978",
5086,5086,30/6/2024,MRT Purple Line,"46,229",
5087,5087,30/6/2024,MRT Yellow Line,"31,024",
5088,5088,30/6/2024,MRT Pink Line,"43,970",
5089,5089,30/6/2024,BTS Green Line,"591,266",
5090,5090,30/6/2024,BTS Gold Line,"7,849",
5091,5091,1/7/2024,SRT,"72,817",
5092,5092,1/7/2024,ARL,"68,969",
5093,5093,1/7/2024,Red Line,"35,899",
5094,5094,1/7/2024,MRT Blue Line,"475,912",
5095,5095,1/7/2024,MRT Purple Line,"84,882",
5096,5096,1/7/2024,MRT Yellow Line,"43,530",
5097,5097,1/7/2024,MRT Pink Line,"67,835",
5098,5098,1/7/2024,BTS Green Line,"811,783",
5099,5099,1/7/2024,BTS Gold Line,"6,627",
5100,5100,2/7/2024,SRT,"68,125",
5101,5101,2/7/2024,ARL,"71,044",
5102,5102,2/7/2024,Red Line,"34,792",
5103,5103,2/7/2024,MRT Blue Line,"493,567",
5104,5104,2/7/2024,MRT Purple Line,"85,760",
5105,5105,2/7/2024,MRT Yellow Line,"43,783",
5106,5106,2/7/2024,MRT Pink Line,"67,621",
5107,5107,2/7/2024,BTS Green Line,"836,324",
5108,5108,2/7/2024,BTS Gold Line,"6,182",
5109,5109,3/7/2024,SRT,"65,532",
5110,5110,3/7/2024,ARL,"71,399",
5111,5111,3/7/2024,Red Line,"33,899",
5112,5112,3/7/2024,MRT Blue Line,"494,029",
5113,5113,3/7/2024,MRT Purple Line,"84,516",
5114,5114,3/7/2024,MRT Yellow Line,"44,020",
5115,5115,3/7/2024,MRT Pink Line,"67,322",
5116,5116,3/7/2024,BTS Green Line,"835,845",
5117,5117,3/7/2024,BTS Gold Line,"6,409",
5118,5118,4/7/2024,SRT,"67,019",
5119,5119,4/7/2024,ARL,"71,190",
5120,5120,4/7/2024,Red Line,"34,064",
5121,5121,4/7/2024,MRT Blue Line,"487,085",
5122,5122,4/7/2024,MRT Purple Line,"84,074",
5123,5123,4/7/2024,MRT Yellow Line,"43,344",
5124,5124,4/7/2024,MRT Pink Line,"65,201",
5125,5125,4/7/2024,BTS Green Line,"823,097",
5126,5126,4/7/2024,BTS Gold Line,"7,263",
5127,5127,5/7/2024,SRT,"83,603",
5128,5128,5/7/2024,ARL,"75,047",
5129,5129,5/7/2024,Red Line,"36,765",
5130,5130,5/7/2024,MRT Blue Line,"505,606",
5131,5131,5/7/2024,MRT Purple Line,"85,737",
5132,5132,5/7/2024,MRT Yellow Line,"45,855",
5133,5133,5/7/2024,MRT Pink Line,"72,372",
5134,5134,5/7/2024,BTS Green Line,"873,654",
5135,5135,5/7/2024,BTS Gold Line,"7,721",
5136,5136,6/7/2024,SRT,"71,867",
5137,5137,6/7/2024,ARL,"54,817",
5138,5138,6/7/2024,Red Line,"24,187",
5139,5139,6/7/2024,MRT Blue Line,"337,137",
5140,5140,6/7/2024,MRT Purple Line,"50,274",
5141,5141,6/7/2024,MRT Yellow Line,"32,864",
5142,5142,6/7/2024,MRT Pink Line,"47,279",
5143,5143,6/7/2024,BTS Green Line,"638,296",
5144,5144,6/7/2024,BTS Gold Line,"8,165",
5145,5145,7/7/2024,SRT,"78,385",
5146,5146,7/7/2024,ARL,"49,703",
5147,5147,7/7/2024,Red Line,"22,878",
5148,5148,7/7/2024,MRT Blue Line,"271,148",
5149,5149,7/7/2024,MRT Purple Line,"40,157",
5150,5150,7/7/2024,MRT Yellow Line,"28,430",
5151,5151,7/7/2024,MRT Pink Line,"38,690",
5152,5152,7/7/2024,BTS Green Line,"543,649",
5153,5153,7/7/2024,BTS Gold Line,"6,924",
5154,5154,8/7/2024,SRT,"71,552",
5155,5155,8/7/2024,ARL,"69,973",
5156,5156,8/7/2024,Red Line,"35,438",
5157,5157,8/7/2024,MRT Blue Line,"467,161",
5158,5158,8/7/2024,MRT Purple Line,"81,928",
5159,5159,8/7/2024,MRT Yellow Line,"40,906",
5160,5160,8/7/2024,MRT Pink Line,"65,218",
5161,5161,8/7/2024,BTS Green Line,"799,027",
5162,5162,8/7/2024,BTS Gold Line,"6,514",
5163,5163,9/7/2024,SRT,"64,611",
5164,5164,9/7/2024,ARL,"70,467",
5165,5165,9/7/2024,Red Line,"34,534",
5166,5166,9/7/2024,MRT Blue Line,"485,043",
5167,5167,9/7/2024,MRT Purple Line,"84,008",
5168,5168,9/7/2024,MRT Yellow Line,"41,809",
5169,5169,9/7/2024,MRT Pink Line,"64,368",
5170,5170,9/7/2024,BTS Green Line,"821,209",
5171,5171,9/7/2024,BTS Gold Line,"6,368",
5172,5172,10/7/2024,SRT,"63,862",
5173,5173,10/7/2024,ARL,"71,395",
5174,5174,10/7/2024,Red Line,"34,252",
5175,5175,10/7/2024,MRT Blue Line,"489,460",
5176,5176,10/7/2024,MRT Purple Line,"82,869",
5177,5177,10/7/2024,MRT Yellow Line,"43,499",
5178,5178,10/7/2024,MRT Pink Line,"64,009",
5179,5179,10/7/2024,BTS Green Line,"819,533",
5180,5180,10/7/2024,BTS Gold Line,"6,542",
5181,5181,11/7/2024,SRT,"66,518",
5182,5182,11/7/2024,ARL,"71,568",
5183,5183,11/7/2024,Red Line,"34,975",
5184,5184,11/7/2024,MRT Blue Line,"492,108",
5185,5185,11/7/2024,MRT Purple Line,"84,385",
5186,5186,11/7/2024,MRT Yellow Line,"43,219",
5187,5187,11/7/2024,MRT Pink Line,"67,197",
5188,5188,11/7/2024,BTS Green Line,"829,314",
5189,5189,11/7/2024,BTS Gold Line,"6,863",
5190,5190,12/7/2024,SRT,"79,044",
5191,5191,12/7/2024,ARL,"74,307",
5192,5192,12/7/2024,Red Line,"37,837",
5193,5193,12/7/2024,MRT Blue Line,"504,737",
5194,5194,12/7/2024,MRT Purple Line,"84,803",
5195,5195,12/7/2024,MRT Yellow Line,"46,163",
5196,5196,12/7/2024,MRT Pink Line,"72,295",
5197,5197,12/7/2024,BTS Green Line,"869,137",
5198,5198,12/7/2024,BTS Gold Line,"8,506",
5199,5199,13/7/2024,SRT,"68,849",
5200,5200,13/7/2024,ARL,"53,903",
5201,5201,13/7/2024,Red Line,"24,168",
5202,5202,13/7/2024,MRT Blue Line,"321,604",
5203,5203,13/7/2024,MRT Purple Line,"47,062",
5204,5204,13/7/2024,MRT Yellow Line,"31,603",
5205,5205,13/7/2024,MRT Pink Line,"44,727",
5206,5206,13/7/2024,BTS Green Line,"616,952",
5207,5207,13/7/2024,BTS Gold Line,"8,123",
5208,5208,14/7/2024,SRT,"76,226",
5209,5209,14/7/2024,ARL,"47,761",
5210,5210,14/7/2024,Red Line,"21,572",
5211,5211,14/7/2024,MRT Blue Line,"264,151",
5212,5212,14/7/2024,MRT Purple Line,"38,982",
5213,5213,14/7/2024,MRT Yellow Line,"27,221",
5214,5214,14/7/2024,MRT Pink Line,"37,505",
5215,5215,14/7/2024,BTS Green Line,"521,037",
5216,5216,14/7/2024,BTS Gold Line,"6,774",
5217,5217,15/7/2024,SRT,"70,863",
5218,5218,15/7/2024,ARL,"70,235",
5219,5219,15/7/2024,Red Line,"35,141",
5220,5220,15/7/2024,MRT Blue Line,"464,388",
5221,5221,15/7/2024,MRT Purple Line,"81,324",
5222,5222,15/7/2024,MRT Yellow Line,"40,691",
5223,5223,15/7/2024,MRT Pink Line,"64,559",
5224,5224,15/7/2024,BTS Green Line,"792,999",
5225,5225,15/7/2024,BTS Gold Line,"6,976",
5226,5226,16/7/2024,SRT,"65,140",
5227,5227,16/7/2024,ARL,"70,525",
5228,5228,16/7/2024,Red Line,"34,715",
5229,5229,16/7/2024,MRT Blue Line,"477,932",
5230,5230,16/7/2024,MRT Purple Line,"82,637",
5231,5231,16/7/2024,MRT Yellow Line,"40,991",
5232,5232,16/7/2024,MRT Pink Line,"63,765",
5233,5233,16/7/2024,BTS Green Line,"804,422",
5234,5234,16/7/2024,BTS Gold Line,"6,143",
5235,5235,17/7/2024,SRT,"64,966",
5236,5236,17/7/2024,ARL,"70,088",
5237,5237,17/7/2024,Red Line,"34,864",
5238,5238,17/7/2024,MRT Blue Line,"485,611",
5239,5239,17/7/2024,MRT Purple Line,"81,479",
5240,5240,17/7/2024,MRT Yellow Line,"41,785",
5241,5241,17/7/2024,MRT Pink Line,"64,156",
5242,5242,17/7/2024,BTS Green Line,"814,128",
5243,5243,17/7/2024,BTS Gold Line,"6,475",
5244,5244,18/7/2024,SRT,"71,695",
5245,5245,18/7/2024,ARL,"71,698",
5246,5246,18/7/2024,Red Line,"35,253",
5247,5247,18/7/2024,MRT Blue Line,"485,123",
5248,5248,18/7/2024,MRT Purple Line,"82,580",
5249,5249,18/7/2024,MRT Yellow Line,"41,262",
5250,5250,18/7/2024,MRT Pink Line,"67,197",
5251,5251,18/7/2024,BTS Green Line,"818,426",
5252,5252,18/7/2024,BTS Gold Line,"6,724",
5253,5253,19/7/2024,SRT,"97,114",
5254,5254,19/7/2024,ARL,"76,138",
5255,5255,19/7/2024,Red Line,"39,310",
5256,5256,19/7/2024,MRT Blue Line,"498,315",
5257,5257,19/7/2024,MRT Purple Line,"84,736",
5258,5258,19/7/2024,MRT Yellow Line,"44,887",
5259,5259,19/7/2024,MRT Pink Line,"68,722",
5260,5260,19/7/2024,BTS Green Line,"858,116",
5261,5261,19/7/2024,BTS Gold Line,"9,197",
5262,5262,20/7/2024,SRT,"86,496",
5263,5263,20/7/2024,ARL,"50,757",
5264,5264,20/7/2024,Red Line,"24,418",
5265,5265,20/7/2024,MRT Blue Line,"305,878",
5266,5266,20/7/2024,MRT Purple Line,"41,873",
5267,5267,20/7/2024,MRT Yellow Line,"28,523",
5268,5268,20/7/2024,MRT Pink Line,"38,023",
5269,5269,20/7/2024,BTS Green Line,"569,609",
5270,5270,20/7/2024,BTS Gold Line,"10,621",
5271,5271,21/7/2024,SRT,"77,678",
5272,5272,21/7/2024,ARL,"44,800",
5273,5273,21/7/2024,Red Line,"19,515",
5274,5274,21/7/2024,MRT Blue Line,"255,844",
5275,5275,21/7/2024,MRT Purple Line,"35,046",
5276,5276,21/7/2024,MRT Yellow Line,"25,763",
5277,5277,21/7/2024,MRT Pink Line,"32,812",
5278,5278,21/7/2024,BTS Green Line,"490,957",
5279,5279,21/7/2024,BTS Gold Line,"11,710",
5280,5280,22/7/2024,SRT,"89,441",
5281,5281,22/7/2024,ARL,"47,770",
5282,5282,22/7/2024,Red Line,"21,719",
5283,5283,22/7/2024,MRT Blue Line,"253,216",
5284,5284,22/7/2024,MRT Purple Line,"37,568",
5285,5285,22/7/2024,MRT Yellow Line,"24,312",
5286,5286,22/7/2024,MRT Pink Line,"32,372",
5287,5287,22/7/2024,BTS Green Line,"462,707",
5288,5288,22/7/2024,BTS Gold Line,"6,947",
5289,5289,23/7/2024,SRT,"73,845",
5290,5290,23/7/2024,ARL,"70,648",
5291,5291,23/7/2024,Red Line,"36,178",
5292,5292,23/7/2024,MRT Blue Line,"486,045",
5293,5293,23/7/2024,MRT Purple Line,"83,141",
5294,5294,23/7/2024,MRT Yellow Line,"40,705",
5295,5295,23/7/2024,MRT Pink Line,"64,782",
5296,5296,23/7/2024,BTS Green Line,"807,252",
5297,5297,23/7/2024,BTS Gold Line,"6,672",
5298,5298,24/7/2024,SRT,"67,296",
5299,5299,24/7/2024,ARL,"71,696",
5300,5300,24/7/2024,Red Line,"35,942",
5301,5301,24/7/2024,MRT Blue Line,"495,379",
5302,5302,24/7/2024,MRT Purple Line,"83,774",
5303,5303,24/7/2024,MRT Yellow Line,"40,721",
5304,5304,24/7/2024,MRT Pink Line,"64,655",
5305,5305,24/7/2024,BTS Green Line,"827,785",
5306,5306,24/7/2024,BTS Gold Line,"6,949",
5307,5307,25/7/2024,SRT,"69,534",
5308,5308,25/7/2024,ARL,"73,604",
5309,5309,25/7/2024,Red Line,"37,197",
5310,5310,25/7/2024,MRT Blue Line,"504,210",
5311,5311,25/7/2024,MRT Purple Line,"83,305",
5312,5312,25/7/2024,MRT Yellow Line,"42,313",
5313,5313,25/7/2024,MRT Pink Line,"65,666",
5314,5314,25/7/2024,BTS Green Line,"841,137",
5315,5315,25/7/2024,BTS Gold Line,"7,911",
5316,5316,26/7/2024,SRT,"89,585",
5317,5317,26/7/2024,ARL,"76,313",
5318,5318,26/7/2024,Red Line,"41,319",
5319,5319,26/7/2024,MRT Blue Line,"519,612",
5320,5320,26/7/2024,MRT Purple Line,"84,042",
5321,5321,26/7/2024,MRT Yellow Line,"44,550",
5322,5322,26/7/2024,MRT Pink Line,"70,425",
5323,5323,26/7/2024,BTS Green Line,"876,491",
5324,5324,26/7/2024,BTS Gold Line,"8,666",
5325,5325,27/7/2024,SRT,"84,021",
5326,5326,27/7/2024,ARL,"54,008",
5327,5327,27/7/2024,Red Line,"25,430",
5328,5328,27/7/2024,MRT Blue Line,"326,718",
5329,5329,27/7/2024,MRT Purple Line,"46,852",
5330,5330,27/7/2024,MRT Yellow Line,"29,675",
5331,5331,27/7/2024,MRT Pink Line,"43,769",
5332,5332,27/7/2024,BTS Green Line,"610,374",
5333,5333,27/7/2024,BTS Gold Line,"10,431",
5334,5334,28/7/2024,SRT,"80,515",
5335,5335,28/7/2024,ARL,"49,099",
5336,5336,28/7/2024,Red Line,"21,214",
5337,5337,28/7/2024,MRT Blue Line,"284,689",
5338,5338,28/7/2024,MRT Purple Line,"36,588",
5339,5339,28/7/2024,MRT Yellow Line,"28,562",
5340,5340,28/7/2024,MRT Pink Line,"35,800",
5341,5341,28/7/2024,BTS Green Line,"523,227",
5342,5342,28/7/2024,BTS Gold Line,"9,036",
5343,5343,29/7/2024,SRT,"88,930",
5344,5344,29/7/2024,ARL,"46,289",
5345,5345,29/7/2024,Red Line,"21,437",
5346,5346,29/7/2024,MRT Blue Line,"231,972",
5347,5347,29/7/2024,MRT Purple Line,"34,474",
5348,5348,29/7/2024,MRT Yellow Line,"24,026",
5349,5349,29/7/2024,MRT Pink Line,"32,696",
5350,5350,29/7/2024,BTS Green Line,"456,344",
5351,5351,29/7/2024,BTS Gold Line,"9,264",
5352,5352,30/7/2024,SRT,"73,126",
5353,5353,30/7/2024,ARL,"72,813",
5354,5354,30/7/2024,Red Line,"37,423",
5355,5355,30/7/2024,MRT Blue Line,"487,233",
5356,5356,30/7/2024,MRT Purple Line,"83,893",
5357,5357,30/7/2024,MRT Yellow Line,"41,233",
5358,5358,30/7/2024,MRT Pink Line,"68,097",
5359,5359,30/7/2024,BTS Green Line,"825,121",
5360,5360,30/7/2024,BTS Gold Line,"7,000",
5361,5361,31/7/2024,SRT,"67,649",
5362,5362,31/7/2024,ARL,"73,981",
5363,5363,31/7/2024,Red Line,"36,490",
5364,5364,31/7/2024,MRT Blue Line,"496,793",
5365,5365,31/7/2024,MRT Purple Line,"83,350",
5366,5366,31/7/2024,MRT Yellow Line,"43,839",
5367,5367,31/7/2024,MRT Pink Line,"67,654",
5368,5368,31/7/2024,BTS Green Line,"842,438",
5369,5369,31/7/2024,BTS Gold Line,"7,209",
5370,5370,1/8/2024,SRT,"69,268",
5371,5371,1/8/2024,ARL,"73,687",
5372,5372,1/8/2024,Red Line,"36,870",
5373,5373,1/8/2024,MRT Blue Line,"503,425",
5374,5374,1/8/2024,MRT Purple Line,"85,203",
5375,5375,1/8/2024,MRT Yellow Line,"43,662",
5376,5376,1/8/2024,MRT Pink Line,"66,925",
5377,5377,1/8/2024,BTS Green Line,"845,737",
5378,5378,1/8/2024,BTS Gold Line,"7,868",
5379,5379,2/8/2024,SRT,"65,464",
5380,5380,2/8/2024,ARL,"75,041",
5381,5381,2/8/2024,Red Line,"38,900",
5382,5382,2/8/2024,MRT Blue Line,"509,422",
5383,5383,2/8/2024,MRT Purple Line,"85,591",
5384,5384,2/8/2024,MRT Yellow Line,"45,999",
5385,5385,2/8/2024,MRT Pink Line,"70,133",
5386,5386,2/8/2024,BTS Green Line,"881,518",
5387,5387,2/8/2024,BTS Gold Line,"10,692",
5388,5388,3/8/2024,SRT,"70,789",
5389,5389,3/8/2024,ARL,"58,234",
5390,5390,3/8/2024,Red Line,"26,349",
5391,5391,3/8/2024,MRT Blue Line,"328,019",
5392,5392,3/8/2024,MRT Purple Line,"49,458",
5393,5393,3/8/2024,MRT Yellow Line,"35,477",
5394,5394,3/8/2024,MRT Pink Line,"46,873",
5395,5395,3/8/2024,BTS Green Line,"659,706",
5396,5396,3/8/2024,BTS Gold Line,"9,855",
5397,5397,4/8/2024,SRT,"77,219",
5398,5398,4/8/2024,ARL,"50,617",
5399,5399,4/8/2024,Red Line,"23,179",
5400,5400,4/8/2024,MRT Blue Line,"285,639",
5401,5401,4/8/2024,MRT Purple Line,"40,737",
5402,5402,4/8/2024,MRT Yellow Line,"32,427",
5403,5403,4/8/2024,MRT Pink Line,"39,029",
5404,5404,4/8/2024,BTS Green Line,"559,518",
5405,5405,4/8/2024,BTS Gold Line,"10,051",
5406,5406,5/8/2024,SRT,"73,558",
5407,5407,5/8/2024,ARL,"74,423",
5408,5408,5/8/2024,Red Line,"36,713",
5409,5409,5/8/2024,MRT Blue Line,"501,022",
5410,5410,5/8/2024,MRT Purple Line,"84,098",
5411,5411,5/8/2024,MRT Yellow Line,"46,727",
5412,5412,5/8/2024,MRT Pink Line,"68,056",
5413,5413,5/8/2024,BTS Green Line,"843,022",
5414,5414,5/8/2024,BTS Gold Line,"8,254",
5415,5415,6/8/2024,SRT,"69,512",
5416,5416,6/8/2024,ARL,"74,189",
5417,5417,6/8/2024,Red Line,"36,104",
5418,5418,6/8/2024,MRT Blue Line,"514,916",
5419,5419,6/8/2024,MRT Purple Line,"85,314",
5420,5420,6/8/2024,MRT Yellow Line,"45,019",
5421,5421,6/8/2024,MRT Pink Line,"66,304",
5422,5422,6/8/2024,BTS Green Line,"860,395",
5423,5423,6/8/2024,BTS Gold Line,"7,548",
5424,5424,7/8/2024,SRT,"68,207",
5425,5425,7/8/2024,ARL,"74,712",
5426,5426,7/8/2024,Red Line,"35,858",
5427,5427,7/8/2024,MRT Blue Line,"513,348",
5428,5428,7/8/2024,MRT Purple Line,"84,238",
5429,5429,7/8/2024,MRT Yellow Line,"45,905",
5430,5430,7/8/2024,MRT Pink Line,"65,789",
5431,5431,7/8/2024,BTS Green Line,"848,281",
5432,5432,7/8/2024,BTS Gold Line,"7,216",
5433,5433,8/8/2024,SRT,"73,536",
5434,5434,8/8/2024,ARL,"76,502",
5435,5435,8/8/2024,Red Line,"36,513",
5436,5436,8/8/2024,MRT Blue Line,"517,352",
5437,5437,8/8/2024,MRT Purple Line,"85,964",
5438,5438,8/8/2024,MRT Yellow Line,"44,453",
5439,5439,8/8/2024,MRT Pink Line,"66,914",
5440,5440,8/8/2024,BTS Green Line,"857,237",
5441,5441,8/8/2024,BTS Gold Line,"8,358",
5442,5442,9/8/2024,SRT,"98,694",
5443,5443,9/8/2024,ARL,"81,554",
5444,5444,9/8/2024,Red Line,"40,763",
5445,5445,9/8/2024,MRT Blue Line,"527,474",
5446,5446,9/8/2024,MRT Purple Line,"87,352",
5447,5447,9/8/2024,MRT Yellow Line,"47,305",
5448,5448,9/8/2024,MRT Pink Line,"71,390",
5449,5449,9/8/2024,BTS Green Line,"895,951",
5450,5450,9/8/2024,BTS Gold Line,"9,334",
5451,5451,10/8/2024,SRT,"90,929",
5452,5452,10/8/2024,ARL,"56,971",
5453,5453,10/8/2024,Red Line,"25,254",
5454,5454,10/8/2024,MRT Blue Line,"328,527",
5455,5455,10/8/2024,MRT Purple Line,"50,507",
5456,5456,10/8/2024,MRT Yellow Line,"34,373",
5457,5457,10/8/2024,MRT Pink Line,"45,439",
5458,5458,10/8/2024,BTS Green Line,"628,754",
5459,5459,10/8/2024,BTS Gold Line,"9,736",
5460,5460,11/8/2024,SRT,"83,217",
5461,5461,11/8/2024,ARL,"49,625",
5462,5462,11/8/2024,Red Line,"21,139",
5463,5463,11/8/2024,MRT Blue Line,"277,332",
5464,5464,11/8/2024,MRT Purple Line,"38,560",
5465,5465,11/8/2024,MRT Yellow Line,"30,420",
5466,5466,11/8/2024,MRT Pink Line,"37,618",
5467,5467,11/8/2024,BTS Green Line,"554,885",
5468,5468,11/8/2024,BTS Gold Line,"9,036",
5469,5469,12/8/2024,SRT,"96,341",
5470,5470,12/8/2024,ARL,"47,946",
5471,5471,12/8/2024,Red Line,"21,160",
5472,5472,12/8/2024,MRT Blue Line,"229,916",
5473,5473,12/8/2024,MRT Purple Line,"33,803",
5474,5474,12/8/2024,MRT Yellow Line,"26,824",
5475,5475,12/8/2024,MRT Pink Line,"34,530",
5476,5476,12/8/2024,BTS Green Line,"471,226",
5477,5477,12/8/2024,BTS Gold Line,"8,704",
5478,5478,13/8/2024,SRT,"78,081",
5479,5479,13/8/2024,ARL,"76,290",
5480,5480,13/8/2024,Red Line,"37,376",
5481,5481,13/8/2024,MRT Blue Line,"503,204",
5482,5482,13/8/2024,MRT Purple Line,"85,420",
5483,5483,13/8/2024,MRT Yellow Line,"43,597",
5484,5484,13/8/2024,MRT Pink Line,"66,223",
5485,5485,13/8/2024,BTS Green Line,"830,468",
5486,5486,13/8/2024,BTS Gold Line,"7,663",
5487,5487,14/8/2024,SRT,"68,760",
5488,5488,14/8/2024,ARL,"76,161",
5489,5489,14/8/2024,Red Line,"36,227",
5490,5490,14/8/2024,MRT Blue Line,"507,564",
5491,5491,14/8/2024,MRT Purple Line,"84,821",
5492,5492,14/8/2024,MRT Yellow Line,"42,773",
5493,5493,14/8/2024,MRT Pink Line,"65,185",
5494,5494,14/8/2024,BTS Green Line,"829,560",
5495,5495,14/8/2024,BTS Gold Line,"7,212",
5496,5496,15/8/2024,SRT,"69,628",
5497,5497,15/8/2024,ARL,"77,439",
5498,5498,15/8/2024,Red Line,"36,367",
5499,5499,15/8/2024,MRT Blue Line,"526,157",
5500,5500,15/8/2024,MRT Purple Line,"86,308",
5501,5501,15/8/2024,MRT Yellow Line,"44,127",
5502,5502,15/8/2024,MRT Pink Line,"66,979",
5503,5503,15/8/2024,BTS Green Line,"858,280",
5504,5504,15/8/2024,BTS Gold Line,"7,938",
5505,5505,16/8/2024,SRT,"80,340",
5506,5506,16/8/2024,ARL,"81,142",
5507,5507,16/8/2024,Red Line,"39,689",
5508,5508,16/8/2024,MRT Blue Line,"540,117",
5509,5509,16/8/2024,MRT Purple Line,"86,868",
5510,5510,16/8/2024,MRT Yellow Line,"46,362",
5511,5511,16/8/2024,MRT Pink Line,"70,297",
5512,5512,16/8/2024,BTS Green Line,"903,966",
5513,5513,16/8/2024,BTS Gold Line,"10,900",
5514,5514,17/8/2024,SRT,"68,675",
5515,5515,17/8/2024,ARL,"58,076",
5516,5516,17/8/2024,Red Line,"26,625",
5517,5517,17/8/2024,MRT Blue Line,"347,175",
5518,5518,17/8/2024,MRT Purple Line,"49,260",
5519,5519,17/8/2024,MRT Yellow Line,"32,912",
5520,5520,17/8/2024,MRT Pink Line,"46,942",
5521,5521,17/8/2024,BTS Green Line,"646,253",
5522,5522,17/8/2024,BTS Gold Line,"11,075",
5523,5523,18/8/2024,SRT,"76,509",
5524,5524,18/8/2024,ARL,"50,568",
5525,5525,18/8/2024,Red Line,"24,564",
5526,5526,18/8/2024,MRT Blue Line,"284,779",
5527,5527,18/8/2024,MRT Purple Line,"40,385",
5528,5528,18/8/2024,MRT Yellow Line,"28,313",
5529,5529,18/8/2024,MRT Pink Line,"41,775",
5530,5530,18/8/2024,BTS Green Line,"534,567",
5531,5531,18/8/2024,BTS Gold Line,"7,669",
5532,5532,19/8/2024,SRT,"72,547",
5533,5533,19/8/2024,ARL,"75,580",
5534,5534,19/8/2024,Red Line,"37,910",
5535,5535,19/8/2024,MRT Blue Line,"495,019",
5536,5536,19/8/2024,MRT Purple Line,"84,142",
5537,5537,19/8/2024,MRT Yellow Line,"43,575",
5538,5538,19/8/2024,MRT Pink Line,"64,893",
5539,5539,19/8/2024,BTS Green Line,"800,743",
5540,5540,19/8/2024,BTS Gold Line,"7,402",
5541,5541,20/8/2024,SRT,"67,343",
5542,5542,20/8/2024,ARL,"74,677",
5543,5543,20/8/2024,Red Line,"37,636",
5544,5544,20/8/2024,MRT Blue Line,"515,616",
5545,5545,20/8/2024,MRT Purple Line,"86,110",
5546,5546,20/8/2024,MRT Yellow Line,"44,460",
5547,5547,20/8/2024,MRT Pink Line,"66,587",
5548,5548,20/8/2024,BTS Green Line,"825,624",
5549,5549,20/8/2024,BTS Gold Line,"6,733",
5550,5550,21/8/2024,SRT,"66,785",
5551,5551,21/8/2024,ARL,"74,486",
5552,5552,21/8/2024,Red Line,"36,687",
5553,5553,21/8/2024,MRT Blue Line,"515,040",
5554,5554,21/8/2024,MRT Purple Line,"85,955",
5555,5555,21/8/2024,MRT Yellow Line,"43,700",
5556,5556,21/8/2024,MRT Pink Line,"65,003",
5557,5557,21/8/2024,BTS Green Line,"824,527",
5558,5558,21/8/2024,BTS Gold Line,"7,383",
5559,5559,22/8/2024,SRT,"67,360",
5560,5560,22/8/2024,ARL,"76,192",
5561,5561,22/8/2024,Red Line,"37,018",
5562,5562,22/8/2024,MRT Blue Line,"518,950",
5563,5563,22/8/2024,MRT Purple Line,"85,540",
5564,5564,22/8/2024,MRT Yellow Line,"44,994",
5565,5565,22/8/2024,MRT Pink Line,"63,236",
5566,5566,22/8/2024,BTS Green Line,"830,544",
5567,5567,22/8/2024,BTS Gold Line,"8,042",
5568,5568,23/8/2024,SRT,"81,921",
5569,5569,23/8/2024,ARL,"80,284",
5570,5570,23/8/2024,Red Line,"40,457",
5571,5571,23/8/2024,MRT Blue Line,"534,342",
5572,5572,23/8/2024,MRT Purple Line,"87,259",
5573,5573,23/8/2024,MRT Yellow Line,"47,242",
5574,5574,23/8/2024,MRT Pink Line,"67,570",
5575,5575,23/8/2024,BTS Green Line,"888,300",
5576,5576,23/8/2024,BTS Gold Line,"8,265",
5577,5577,24/8/2024,SRT,"70,458",
5578,5578,24/8/2024,ARL,"56,465",
5579,5579,24/8/2024,Red Line,"24,770",
5580,5580,24/8/2024,MRT Blue Line,"324,692",
5581,5581,24/8/2024,MRT Purple Line,"48,203",
5582,5582,24/8/2024,MRT Yellow Line,"32,505",
5583,5583,24/8/2024,MRT Pink Line,"43,382",
5584,5584,24/8/2024,BTS Green Line,"622,388",
5585,5585,24/8/2024,BTS Gold Line,"11,503",
5586,5586,25/8/2024,SRT,"79,016",
5587,5587,25/8/2024,ARL,"52,394",
5588,5588,25/8/2024,Red Line,"26,054",
5589,5589,25/8/2024,MRT Blue Line,"294,551",
5590,5590,25/8/2024,MRT Purple Line,"45,621",
5591,5591,25/8/2024,MRT Yellow Line,"27,850",
5592,5592,25/8/2024,MRT Pink Line,"42,696",
5593,5593,25/8/2024,BTS Green Line,"553,476",
5594,5594,25/8/2024,BTS Gold Line,"8,125",
5595,5595,26/8/2024,SRT,"71,390",
5596,5596,26/8/2024,ARL,"74,451",
5597,5597,26/8/2024,Red Line,"38,022",
5598,5598,26/8/2024,MRT Blue Line,"490,472",
5599,5599,26/8/2024,MRT Purple Line,"83,640",
5600,5600,26/8/2024,MRT Yellow Line,"43,047",
5601,5601,26/8/2024,MRT Pink Line,"64,330",
5602,5602,26/8/2024,BTS Green Line,"819,020",
5603,5603,26/8/2024,BTS Gold Line,"6,998",
5604,5604,27/8/2024,SRT,"65,198",
5605,5605,27/8/2024,ARL,"75,698",
5606,5606,27/8/2024,Red Line,"36,910",
5607,5607,27/8/2024,MRT Blue Line,"504,792",
5608,5608,27/8/2024,MRT Purple Line,"85,364",
5609,5609,27/8/2024,MRT Yellow Line,"42,767",
5610,5610,27/8/2024,MRT Pink Line,"64,970",
5611,5611,27/8/2024,BTS Green Line,"845,691",
5612,5612,27/8/2024,BTS Gold Line,"6,529",
5613,5613,28/8/2024,SRT,"62,745",
5614,5614,28/8/2024,ARL,"73,626",
5615,5615,28/8/2024,Red Line,"36,699",
5616,5616,28/8/2024,MRT Blue Line,"502,200",
5617,5617,28/8/2024,MRT Purple Line,"84,549",
5618,5618,28/8/2024,MRT Yellow Line,"44,723",
5619,5619,28/8/2024,MRT Pink Line,"65,859",
5620,5620,28/8/2024,BTS Green Line,"840,998",
5621,5621,28/8/2024,BTS Gold Line,"6,391",
5622,5622,29/8/2024,SRT,"66,405",
5623,5623,29/8/2024,ARL,"73,855",
5624,5624,29/8/2024,Red Line,"37,065",
5625,5625,29/8/2024,MRT Blue Line,"496,695",
5626,5626,29/8/2024,MRT Purple Line,"84,514",
5627,5627,29/8/2024,MRT Yellow Line,"44,100",
5628,5628,29/8/2024,MRT Pink Line,"64,589",
5629,5629,29/8/2024,BTS Green Line,"837,165",
5630,5630,29/8/2024,BTS Gold Line,"6,358",
5631,5631,30/8/2024,SRT,"85,970",
5632,5632,30/8/2024,ARL,"79,018",
5633,5633,30/8/2024,Red Line,"42,678",
5634,5634,30/8/2024,MRT Blue Line,"523,504",
5635,5635,30/8/2024,MRT Purple Line,"87,633",
5636,5636,30/8/2024,MRT Yellow Line,"48,035",
5637,5637,30/8/2024,MRT Pink Line,"71,669",
5638,5638,30/8/2024,BTS Green Line,"918,113",
5639,5639,30/8/2024,BTS Gold Line,"8,181",
5640,5640,31/8/2024,SRT,"74,128",
5641,5641,31/8/2024,ARL,"58,756",
5642,5642,31/8/2024,Red Line,"29,884",
5643,5643,31/8/2024,MRT Blue Line,"354,788",
5644,5644,31/8/2024,MRT Purple Line,"52,053",
5645,5645,31/8/2024,MRT Yellow Line,"35,802",
5646,5646,31/8/2024,MRT Pink Line,"52,578",
5647,5647,31/8/2024,BTS Green Line,"677,559",
5648,5648,31/8/2024,BTS Gold Line,"8,963",
5649,5649,1/9/2024,SRT,"81,339",
5650,5650,1/9/2024,ARL,"53,077",
5651,5651,1/9/2024,Red Line,"25,256",
5652,5652,1/9/2024,MRT Blue Line,"297,641",
5653,5653,1/9/2024,MRT Purple Line,"42,284",
5654,5654,1/9/2024,MRT Yellow Line,"32,418",
5655,5655,1/9/2024,MRT Pink Line,"42,823",
5656,5656,1/9/2024,BTS Green Line,"571,958",
5657,5657,1/9/2024,BTS Gold Line,"9,507",
5658,5658,2/9/2024,SRT,"73,552",
5659,5659,2/9/2024,ARL,"75,521",
5660,5660,2/9/2024,Red Line,"38,618",
5661,5661,2/9/2024,MRT Blue Line,"495,700",
5662,5662,2/9/2024,MRT Purple Line,"85,518",
5663,5663,2/9/2024,MRT Yellow Line,"46,656",
5664,5664,2/9/2024,MRT Pink Line,"67,627",
5665,5665,2/9/2024,BTS Green Line,"829,672",
5666,5666,2/9/2024,BTS Gold Line,"7,399",
5667,5667,3/9/2024,SRT,"64,466",
5668,5668,3/9/2024,ARL,"75,236",
5669,5669,3/9/2024,Red Line,"37,328",
5670,5670,3/9/2024,MRT Blue Line,"507,545",
5671,5671,3/9/2024,MRT Purple Line,"87,630",
5672,5672,3/9/2024,MRT Yellow Line,"48,979",
5673,5673,3/9/2024,MRT Pink Line,"68,100",
5674,5674,3/9/2024,BTS Green Line,"840,860",
5675,5675,3/9/2024,BTS Gold Line,"6,475",
5676,5676,4/9/2024,SRT,"61,459",
5677,5677,4/9/2024,ARL,"74,777",
5678,5678,4/9/2024,Red Line,"37,027",
5679,5679,4/9/2024,MRT Blue Line,"508,147",
5680,5680,4/9/2024,MRT Purple Line,"87,104",
5681,5681,4/9/2024,MRT Yellow Line,"48,317",
5682,5682,4/9/2024,MRT Pink Line,"68,434",
5683,5683,4/9/2024,BTS Green Line,"846,351",
5684,5684,4/9/2024,BTS Gold Line,"5,988",
5685,5685,5/9/2024,SRT,"67,400",
5686,5686,5/9/2024,ARL,"74,098",
5687,5687,5/9/2024,Red Line,"37,601",
5688,5688,5/9/2024,MRT Blue Line,"507,633",
5689,5689,5/9/2024,MRT Purple Line,"87,229",
5690,5690,5/9/2024,MRT Yellow Line,"46,488",
5691,5691,5/9/2024,MRT Pink Line,"67,560",
5692,5692,5/9/2024,BTS Green Line,"838,771",
5693,5693,5/9/2024,BTS Gold Line,"6,313",
5694,5694,6/9/2024,SRT,"84,346",
5695,5695,6/9/2024,ARL,"78,111",
5696,5696,6/9/2024,Red Line,"42,084",
5697,5697,6/9/2024,MRT Blue Line,"523,348",
5698,5698,6/9/2024,MRT Purple Line,"87,856",
5699,5699,6/9/2024,MRT Yellow Line,"49,230",
5700,5700,6/9/2024,MRT Pink Line,"70,626",
5701,5701,6/9/2024,BTS Green Line,"885,000",
5702,5702,6/9/2024,BTS Gold Line,"7,533",
5703,5703,7/9/2024,SRT,"75,914",
5704,5704,7/9/2024,ARL,"55,336",
5705,5705,7/9/2024,Red Line,"26,822",
5706,5706,7/9/2024,MRT Blue Line,"339,729",
5707,5707,7/9/2024,MRT Purple Line,"50,566",
5708,5708,7/9/2024,MRT Yellow Line,"34,899",
5709,5709,7/9/2024,MRT Pink Line,"45,570",
5710,5710,7/9/2024,BTS Green Line,"628,404",
5711,5711,7/9/2024,BTS Gold Line,"12,798",
5712,5712,8/9/2024,SRT,"81,595",
5713,5713,8/9/2024,ARL,"49,673",
5714,5714,8/9/2024,Red Line,"23,998",
5715,5715,8/9/2024,MRT Blue Line,"270,968",
5716,5716,8/9/2024,MRT Purple Line,"40,636",
5717,5717,8/9/2024,MRT Yellow Line,"29,540",
5718,5718,8/9/2024,MRT Pink Line,"37,900",
5719,5719,8/9/2024,BTS Green Line,"515,109",
5720,5720,8/9/2024,BTS Gold Line,"6,364",
5721,5721,9/9/2024,SRT,"69,048",
5722,5722,9/9/2024,ARL,"72,282",
5723,5723,9/9/2024,Red Line,"38,063",
5724,5724,9/9/2024,MRT Blue Line,"486,152",
5725,5725,9/9/2024,MRT Purple Line,"83,587",
5726,5726,9/9/2024,MRT Yellow Line,"45,014",
5727,5727,9/9/2024,MRT Pink Line,"64,932",
5728,5728,9/9/2024,BTS Green Line,"796,095",
5729,5729,9/9/2024,BTS Gold Line,"5,578",
5730,5730,10/9/2024,SRT,"63,207",
5731,5731,10/9/2024,ARL,"72,201",
5732,5732,10/9/2024,Red Line,"37,627",
5733,5733,10/9/2024,MRT Blue Line,"501,321",
5734,5734,10/9/2024,MRT Purple Line,"85,669",
5735,5735,10/9/2024,MRT Yellow Line,"46,119",
5736,5736,10/9/2024,MRT Pink Line,"62,784",
5737,5737,10/9/2024,BTS Green Line,"824,077",
5738,5738,10/9/2024,BTS Gold Line,"5,532",
5739,5739,11/9/2024,SRT,"63,461",
5740,5740,11/9/2024,ARL,"71,463",
5741,5741,11/9/2024,Red Line,"36,385",
5742,5742,11/9/2024,MRT Blue Line,"505,492",
5743,5743,11/9/2024,MRT Purple Line,"86,034",
5744,5744,11/9/2024,MRT Yellow Line,"45,367",
5745,5745,11/9/2024,MRT Pink Line,"59,924",
5746,5746,11/9/2024,BTS Green Line,"815,467",
5747,5747,11/9/2024,BTS Gold Line,"6,274",
5748,5748,12/9/2024,SRT,"66,366",
5749,5749,12/9/2024,ARL,"73,007",
5750,5750,12/9/2024,Red Line,"37,092",
5751,5751,12/9/2024,MRT Blue Line,"499,754",
5752,5752,12/9/2024,MRT Purple Line,"84,394",
5753,5753,12/9/2024,MRT Yellow Line,"45,366",
5754,5754,12/9/2024,MRT Pink Line,"63,515",
5755,5755,12/9/2024,BTS Green Line,"815,673",
5756,5756,12/9/2024,BTS Gold Line,"5,917",
5757,5757,13/9/2024,SRT,"81,677",
5758,5758,13/9/2024,ARL,"75,000",
5759,5759,13/9/2024,Red Line,"39,892",
5760,5760,13/9/2024,MRT Blue Line,"513,241",
5761,5761,13/9/2024,MRT Purple Line,"86,387",
5762,5762,13/9/2024,MRT Yellow Line,"47,411",
5763,5763,13/9/2024,MRT Pink Line,"68,635",
5764,5764,13/9/2024,BTS Green Line,"849,005",
5765,5765,13/9/2024,BTS Gold Line,"7,687",
5766,5766,14/9/2024,SRT,"69,031",
5767,5767,14/9/2024,ARL,"56,015",
5768,5768,14/9/2024,Red Line,"25,681",
5769,5769,14/9/2024,MRT Blue Line,"323,647",
5770,5770,14/9/2024,MRT Purple Line,"48,171",
5771,5771,14/9/2024,MRT Yellow Line,"32,664",
5772,5772,14/9/2024,MRT Pink Line,"43,801",
5773,5773,14/9/2024,BTS Green Line,"611,671",
5774,5774,14/9/2024,BTS Gold Line,"9,103",
5775,5775,15/9/2024,SRT,"75,577",
5776,5776,15/9/2024,ARL,"49,007",
5777,5777,15/9/2024,Red Line,"22,679",
5778,5778,15/9/2024,MRT Blue Line,"263,721",
5779,5779,15/9/2024,MRT Purple Line,"38,811",
5780,5780,15/9/2024,MRT Yellow Line,"27,543",
5781,5781,15/9/2024,MRT Pink Line,"38,167",
5782,5782,15/9/2024,BTS Green Line,"510,860",
5783,5783,15/9/2024,BTS Gold Line,"7,330",
5784,5784,16/9/2024,SRT,"70,809",
5785,5785,16/9/2024,ARL,"77,045",
5786,5786,16/9/2024,Red Line,"37,126",
5787,5787,16/9/2024,MRT Blue Line,"480,960",
5788,5788,16/9/2024,MRT Purple Line,"82,714",
5789,5789,16/9/2024,MRT Yellow Line,"44,643",
5790,5790,16/9/2024,MRT Pink Line,"65,412",
5791,5791,16/9/2024,BTS Green Line,"812,343",
5792,5792,16/9/2024,BTS Gold Line,"7,660",
5793,5793,17/9/2024,SRT,"64,129",
5794,5794,17/9/2024,ARL,"76,014",
5795,5795,17/9/2024,Red Line,"36,468",
5796,5796,17/9/2024,MRT Blue Line,"496,859",
5797,5797,17/9/2024,MRT Purple Line,"84,446",
5798,5798,17/9/2024,MRT Yellow Line,"44,387",
5799,5799,17/9/2024,MRT Pink Line,"65,610",
5800,5800,17/9/2024,BTS Green Line,"833,487",
5801,5801,17/9/2024,BTS Gold Line,"6,235",
5802,5802,18/9/2024,SRT,"64,955",
5803,5803,18/9/2024,ARL,"73,412",
5804,5804,18/9/2024,Red Line,"36,466",
5805,5805,18/9/2024,MRT Blue Line,"494,994",
5806,5806,18/9/2024,MRT Purple Line,"85,130",
5807,5807,18/9/2024,MRT Yellow Line,"47,063",
5808,5808,18/9/2024,MRT Pink Line,"67,957",
5809,5809,18/9/2024,BTS Green Line,"824,876",
5810,5810,18/9/2024,BTS Gold Line,"6,743",
5811,5811,19/9/2024,SRT,"66,291",
5812,5812,19/9/2024,ARL,"73,226",
5813,5813,19/9/2024,Red Line,"36,777",
5814,5814,19/9/2024,MRT Blue Line,"498,345",
5815,5815,19/9/2024,MRT Purple Line,"83,731",
5816,5816,19/9/2024,MRT Yellow Line,"45,409",
5817,5817,19/9/2024,MRT Pink Line,"64,792",
5818,5818,19/9/2024,BTS Green Line,"820,587",
5819,5819,19/9/2024,BTS Gold Line,"7,325",
5820,5820,20/9/2024,SRT,"80,804",
5821,5821,20/9/2024,ARL,"76,144",
5822,5822,20/9/2024,Red Line,"40,993",
5823,5823,20/9/2024,MRT Blue Line,"513,561",
5824,5824,20/9/2024,MRT Purple Line,"87,175",
5825,5825,20/9/2024,MRT Yellow Line,"47,615",
5826,5826,20/9/2024,MRT Pink Line,"71,902",
5827,5827,20/9/2024,BTS Green Line,"863,586",
5828,5828,20/9/2024,BTS Gold Line,"8,567",
5829,5829,21/9/2024,SRT,"67,414",
5830,5830,21/9/2024,ARL,"54,252",
5831,5831,21/9/2024,Red Line,"24,075",
5832,5832,21/9/2024,MRT Blue Line,"307,394",
5833,5833,21/9/2024,MRT Purple Line,"45,202",
5834,5834,21/9/2024,MRT Yellow Line,"31,373",
5835,5835,21/9/2024,MRT Pink Line,"41,831",
5836,5836,21/9/2024,BTS Green Line,"584,272",
5837,5837,21/9/2024,BTS Gold Line,"11,565",
5838,5838,22/9/2024,SRT,"73,894",
5839,5839,22/9/2024,ARL,"47,699",
5840,5840,22/9/2024,Red Line,"22,809",
5841,5841,22/9/2024,MRT Blue Line,"261,130",
5842,5842,22/9/2024,MRT Purple Line,"38,488",
5843,5843,22/9/2024,MRT Yellow Line,"29,968",
5844,5844,22/9/2024,MRT Pink Line,"38,335",
5845,5845,22/9/2024,BTS Green Line,"480,750",
5846,5846,22/9/2024,BTS Gold Line,"6,749",
5847,5847,23/9/2024,SRT,"67,536",
5848,5848,23/9/2024,ARL,"69,547",
5849,5849,23/9/2024,Red Line,"36,628",
5850,5850,23/9/2024,MRT Blue Line,"459,436",
5851,5851,23/9/2024,MRT Purple Line,"79,715",
5852,5852,23/9/2024,MRT Yellow Line,"42,832",
5853,5853,23/9/2024,MRT Pink Line,"62,369",
5854,5854,23/9/2024,BTS Green Line,"760,255",
5855,5855,23/9/2024,BTS Gold Line,"6,176",
5856,5856,24/9/2024,SRT,"58,846",
5857,5857,24/9/2024,ARL,"69,575",
5858,5858,24/9/2024,Red Line,"36,127",
5859,5859,24/9/2024,MRT Blue Line,"469,250",
5860,5860,24/9/2024,MRT Purple Line,"80,846",
5861,5861,24/9/2024,MRT Yellow Line,"43,068",
5862,5862,24/9/2024,MRT Pink Line,"62,323",
5863,5863,24/9/2024,BTS Green Line,"777,674",
5864,5864,24/9/2024,BTS Gold Line,"5,915",
5865,5865,25/9/2024,SRT,"58,613",
5866,5866,25/9/2024,ARL,"71,280",
5867,5867,25/9/2024,Red Line,"36,029",
5868,5868,25/9/2024,MRT Blue Line,"482,442",
5869,5869,25/9/2024,MRT Purple Line,"82,220",
5870,5870,25/9/2024,MRT Yellow Line,"44,160",
5871,5871,25/9/2024,MRT Pink Line,"65,019",
5872,5872,25/9/2024,BTS Green Line,"801,221",
5873,5873,25/9/2024,BTS Gold Line,"6,097",
5874,5874,26/9/2024,SRT,"64,505",
5875,5875,26/9/2024,ARL,"71,768",
5876,5876,26/9/2024,Red Line,"36,826",
5877,5877,26/9/2024,MRT Blue Line,"479,961",
5878,5878,26/9/2024,MRT Purple Line,"82,030",
5879,5879,26/9/2024,MRT Yellow Line,"45,904",
5880,5880,26/9/2024,MRT Pink Line,"64,062",
5881,5881,26/9/2024,BTS Green Line,"798,451",
5882,5882,26/9/2024,BTS Gold Line,"6,610",
5883,5883,27/9/2024,SRT,"79,947",
5884,5884,27/9/2024,ARL,"75,250",
5885,5885,27/9/2024,Red Line,"40,753",
5886,5886,27/9/2024,MRT Blue Line,"499,414",
5887,5887,27/9/2024,MRT Purple Line,"82,603",
5888,5888,27/9/2024,MRT Yellow Line,"49,270",
5889,5889,27/9/2024,MRT Pink Line,"70,376",
5890,5890,27/9/2024,BTS Green Line,"839,468",
5891,5891,27/9/2024,BTS Gold Line,"7,600",
5892,5892,28/9/2024,SRT,"74,427",
5893,5893,28/9/2024,ARL,"56,714",
5894,5894,28/9/2024,Red Line,"26,398",
5895,5895,28/9/2024,MRT Blue Line,"332,178",
5896,5896,28/9/2024,MRT Purple Line,"48,780",
5897,5897,28/9/2024,MRT Yellow Line,"32,411",
5898,5898,28/9/2024,MRT Pink Line,"45,053",
5899,5899,28/9/2024,BTS Green Line,"627,145",
5900,5900,28/9/2024,BTS Gold Line,"8,997",
5901,5901,29/9/2024,SRT,"81,257",
5902,5902,29/9/2024,ARL,"50,042",
5903,5903,29/9/2024,Red Line,"23,526",
5904,5904,29/9/2024,MRT Blue Line,"262,078",
5905,5905,29/9/2024,MRT Purple Line,"39,124",
5906,5906,29/9/2024,MRT Yellow Line,"29,255",
5907,5907,29/9/2024,MRT Pink Line,"38,076",
5908,5908,29/9/2024,BTS Green Line,"514,426",
5909,5909,29/9/2024,BTS Gold Line,"7,903",
5910,5910,30/9/2024,SRT,"76,667",
5911,5911,30/9/2024,ARL,"72,602",
5912,5912,30/9/2024,Red Line,"37,759",
5913,5913,30/9/2024,MRT Blue Line,"469,227",
5914,5914,30/9/2024,MRT Purple Line,"81,218",
5915,5915,30/9/2024,MRT Yellow Line,"46,295",
5916,5916,30/9/2024,MRT Pink Line,"65,135",
5917,5917,30/9/2024,BTS Green Line,"810,973",
5918,5918,30/9/2024,BTS Gold Line,"7,554",
5919,5919,1/10/2024,SRT,"72,276",
5920,5920,1/10/2024,ARL,"72,756",
5921,5921,1/10/2024,Red Line,"37,864",
5922,5922,1/10/2024,MRT Blue Line,"482,440",
5923,5923,1/10/2024,MRT Purple Line,"81,849",
5924,5924,1/10/2024,MRT Yellow Line,"46,524",
5925,5925,1/10/2024,MRT Pink Line,"65,249",
5926,5926,1/10/2024,BTS Green Line,"810,638",
5927,5927,1/10/2024,BTS Gold Line,"6,988",
5928,5928,2/10/2024,SRT,"68,089",
5929,5929,2/10/2024,ARL,"72,361",
5930,5930,2/10/2024,Red Line,"36,587",
5931,5931,2/10/2024,MRT Blue Line,"499,717",
5932,5932,2/10/2024,MRT Purple Line,"80,904",
5933,5933,2/10/2024,MRT Yellow Line,"45,539",
5934,5934,2/10/2024,MRT Pink Line,"64,555",
5935,5935,2/10/2024,BTS Green Line,"812,541",
5936,5936,2/10/2024,BTS Gold Line,"8,056",
5937,5937,3/10/2024,SRT,"71,951",
5938,5938,3/10/2024,ARL,"75,175",
5939,5939,3/10/2024,Red Line,"37,218",
5940,5940,3/10/2024,MRT Blue Line,"495,752",
5941,5941,3/10/2024,MRT Purple Line,"83,020",
5942,5942,3/10/2024,MRT Yellow Line,"48,690",
5943,5943,3/10/2024,MRT Pink Line,"67,410",
5944,5944,3/10/2024,BTS Green Line,"862,105",
5945,5945,3/10/2024,BTS Gold Line,"8,659",
5946,5946,4/10/2024,SRT,"80,127",
5947,5947,4/10/2024,ARL,"78,197",
5948,5948,4/10/2024,Red Line,"40,579",
5949,5949,4/10/2024,MRT Blue Line,"509,210",
5950,5950,4/10/2024,MRT Purple Line,"83,939",
5951,5951,4/10/2024,MRT Yellow Line,"49,543",
5952,5952,4/10/2024,MRT Pink Line,"69,642",
5953,5953,4/10/2024,BTS Green Line,"903,061",
5954,5954,4/10/2024,BTS Gold Line,"10,043",
5955,5955,5/10/2024,SRT,"76,248",
5956,5956,5/10/2024,ARL,"57,494",
5957,5957,5/10/2024,Red Line,"28,867",
5958,5958,5/10/2024,MRT Blue Line,"354,739",
5959,5959,5/10/2024,MRT Purple Line,"52,832",
5960,5960,5/10/2024,MRT Yellow Line,"35,916",
5961,5961,5/10/2024,MRT Pink Line,"49,607",
5962,5962,5/10/2024,BTS Green Line,"657,737",
5963,5963,5/10/2024,BTS Gold Line,"11,326",
5964,5964,6/10/2024,SRT,"83,745",
5965,5965,6/10/2024,ARL,"49,609",
5966,5966,6/10/2024,Red Line,"25,524",
5967,5967,6/10/2024,MRT Blue Line,"294,142",
5968,5968,6/10/2024,MRT Purple Line,"41,756",
5969,5969,6/10/2024,MRT Yellow Line,"31,283",
5970,5970,6/10/2024,MRT Pink Line,"42,278",
5971,5971,6/10/2024,BTS Green Line,"547,960",
5972,5972,6/10/2024,BTS Gold Line,"8,523",
5973,5973,7/10/2024,SRT,"75,741",
5974,5974,7/10/2024,ARL,"73,392",
5975,5975,7/10/2024,Red Line,"37,625",
5976,5976,7/10/2024,MRT Blue Line,"479,067",
5977,5977,7/10/2024,MRT Purple Line,"80,299",
5978,5978,7/10/2024,MRT Yellow Line,"45,152",
5979,5979,7/10/2024,MRT Pink Line,"64,671",
5980,5980,7/10/2024,BTS Green Line,"802,786",
5981,5981,7/10/2024,BTS Gold Line,"7,004",
5982,5982,8/10/2024,SRT,"69,623",
5983,5983,8/10/2024,ARL,"73,887",
5984,5984,8/10/2024,Red Line,"36,564",
5985,5985,8/10/2024,MRT Blue Line,"491,896",
5986,5986,8/10/2024,MRT Purple Line,"81,864",
5987,5987,8/10/2024,MRT Yellow Line,"45,368",
5988,5988,8/10/2024,MRT Pink Line,"65,385",
5989,5989,8/10/2024,BTS Green Line,"825,015",
5990,5990,8/10/2024,BTS Gold Line,"7,954",
5991,5991,9/10/2024,SRT,"69,783",
5992,5992,9/10/2024,ARL,"72,977",
5993,5993,9/10/2024,Red Line,"37,198",
5994,5994,9/10/2024,MRT Blue Line,"491,259",
5995,5995,9/10/2024,MRT Purple Line,"81,992",
5996,5996,9/10/2024,MRT Yellow Line,"45,008",
5997,5997,9/10/2024,MRT Pink Line,"64,509",
5998,5998,9/10/2024,BTS Green Line,"804,677",
5999,5999,9/10/2024,BTS Gold Line,"7,067",
6000,6000,10/10/2024,SRT,"80,283",
6001,6001,10/10/2024,ARL,"75,726",
6002,6002,10/10/2024,Red Line,"38,833",
6003,6003,10/10/2024,MRT Blue Line,"523,872",
6004,6004,10/10/2024,MRT Purple Line,"84,431",
6005,6005,10/10/2024,MRT Yellow Line,"47,033",
6006,6006,10/10/2024,MRT Pink Line,"67,315",
6007,6007,10/10/2024,BTS Green Line,"831,894",
6008,6008,10/10/2024,BTS Gold Line,"8,268",
6009,6009,11/10/2024,SRT,"93,586",
6010,6010,11/10/2024,ARL,"77,986",
6011,6011,11/10/2024,Red Line,"41,023",
6012,6012,11/10/2024,MRT Blue Line,"532,315",
6013,6013,11/10/2024,MRT Purple Line,"82,459",
6014,6014,11/10/2024,MRT Yellow Line,"48,450",
6015,6015,11/10/2024,MRT Pink Line,"67,639",
6016,6016,11/10/2024,BTS Green Line,"837,103",
6017,6017,11/10/2024,BTS Gold Line,"9,512",
6018,6018,12/10/2024,SRT,"92,350",
6019,6019,12/10/2024,ARL,"57,648",
6020,6020,12/10/2024,Red Line,"26,125",
6021,6021,12/10/2024,MRT Blue Line,"372,564",
6022,6022,12/10/2024,MRT Purple Line,"49,473",
6023,6023,12/10/2024,MRT Yellow Line,"34,433",
6024,6024,12/10/2024,MRT Pink Line,"44,279",
6025,6025,12/10/2024,BTS Green Line,"650,264",
6026,6026,12/10/2024,BTS Gold Line,"10,863",
6027,6027,13/10/2024,SRT,"86,226",
6028,6028,13/10/2024,ARL,"48,488",
6029,6029,13/10/2024,Red Line,"24,307",
6030,6030,13/10/2024,MRT Blue Line,"306,484",
6031,6031,13/10/2024,MRT Purple Line,"38,461",
6032,6032,13/10/2024,MRT Yellow Line,"29,375",
6033,6033,13/10/2024,MRT Pink Line,"35,950",
6034,6034,13/10/2024,BTS Green Line,"513,636",
6035,6035,13/10/2024,BTS Gold Line,"8,704",
6036,6036,14/10/2024,SRT,"88,395",
6037,6037,14/10/2024,ARL,"50,074",
6038,6038,14/10/2024,Red Line,"24,875",
6039,6039,14/10/2024,MRT Blue Line,"271,099",
6040,6040,14/10/2024,MRT Purple Line,"37,351",
6041,6041,14/10/2024,MRT Yellow Line,"25,586",
6042,6042,14/10/2024,MRT Pink Line,"33,237",
6043,6043,14/10/2024,BTS Green Line,"449,801",
6044,6044,14/10/2024,BTS Gold Line,"6,748",
6045,6045,15/10/2024,SRT,"83,109",
6046,6046,15/10/2024,ARL,"74,446",
6047,6047,15/10/2024,Red Line,"39,575",
6048,6048,15/10/2024,MRT Blue Line,"513,025",
6049,6049,15/10/2024,MRT Purple Line,"82,912",
6050,6050,15/10/2024,MRT Yellow Line,"44,460",
6051,6051,15/10/2024,MRT Pink Line,"63,276",
6052,6052,15/10/2024,BTS Green Line,"779,577",
6053,6053,15/10/2024,BTS Gold Line,"6,009",
6054,6054,16/10/2024,SRT,"79,424",
6055,6055,16/10/2024,ARL,"72,967",
6056,6056,16/10/2024,Red Line,"38,110",
6057,6057,16/10/2024,MRT Blue Line,"502,914",
6058,6058,16/10/2024,MRT Purple Line,"80,633",
6059,6059,16/10/2024,MRT Yellow Line,"44,926",
6060,6060,16/10/2024,MRT Pink Line,"60,741",
6061,6061,16/10/2024,BTS Green Line,"756,444",
6062,6062,16/10/2024,BTS Gold Line,"6,281",
6063,6063,17/10/2024,SRT,"75,414",
6064,6064,17/10/2024,ARL,"73,844",
6065,6065,17/10/2024,Red Line,"37,829",
6066,6066,17/10/2024,MRT Blue Line,"505,576",
6067,6067,17/10/2024,MRT Purple Line,"80,277",
6068,6068,17/10/2024,MRT Yellow Line,"46,449",
6069,6069,17/10/2024,MRT Pink Line,"61,421",
6070,6070,17/10/2024,BTS Green Line,"750,204",
6071,6071,17/10/2024,BTS Gold Line,"6,227",
6072,6072,18/10/2024,SRT,"82,360",
6073,6073,18/10/2024,ARL,"78,344",
6074,6074,18/10/2024,Red Line,"41,175",
6075,6075,18/10/2024,MRT Blue Line,"536,327",
6076,6076,18/10/2024,MRT Purple Line,"81,832",
6077,6077,18/10/2024,MRT Yellow Line,"52,759",
6078,6078,18/10/2024,MRT Pink Line,"66,360",
6079,6079,18/10/2024,BTS Green Line,"793,273",
6080,6080,18/10/2024,BTS Gold Line,"9,528",
6081,6081,19/10/2024,SRT,"79,317",
6082,6082,19/10/2024,ARL,"57,118",
6083,6083,19/10/2024,Red Line,"29,100",
6084,6084,19/10/2024,MRT Blue Line,"383,362",
6085,6085,19/10/2024,MRT Purple Line,"48,428",
6086,6086,19/10/2024,MRT Yellow Line,"35,933",
6087,6087,19/10/2024,MRT Pink Line,"44,034",
6088,6088,19/10/2024,BTS Green Line,"600,581",
6089,6089,19/10/2024,BTS Gold Line,"9,336",
6090,6090,20/10/2024,SRT,"82,055",
6091,6091,20/10/2024,ARL,"50,192",
6092,6092,20/10/2024,Red Line,"26,109",
6093,6093,20/10/2024,MRT Blue Line,"309,982",
6094,6094,20/10/2024,MRT Purple Line,"39,232",
6095,6095,20/10/2024,MRT Yellow Line,"29,659",
6096,6096,20/10/2024,MRT Pink Line,"35,349",
6097,6097,20/10/2024,BTS Green Line,"492,526",
6098,6098,20/10/2024,BTS Gold Line,"7,137",
6099,6099,21/10/2024,SRT,"81,356",
6100,6100,21/10/2024,ARL,"70,530",
6101,6101,21/10/2024,Red Line,"36,566",
6102,6102,21/10/2024,MRT Blue Line,"456,330",
6103,6103,21/10/2024,MRT Purple Line,"76,202",
6104,6104,21/10/2024,MRT Yellow Line,"46,187",
6105,6105,21/10/2024,MRT Pink Line,"59,568",
6106,6106,21/10/2024,BTS Green Line,"697,025",
6107,6107,21/10/2024,BTS Gold Line,"6,339",
6108,6108,22/10/2024,SRT,"78,706",
6109,6109,22/10/2024,ARL,"74,007",
6110,6110,22/10/2024,Red Line,"37,452",
6111,6111,22/10/2024,MRT Blue Line,"483,992",
6112,6112,22/10/2024,MRT Purple Line,"78,566",
6113,6113,22/10/2024,MRT Yellow Line,"46,274",
6114,6114,22/10/2024,MRT Pink Line,"62,060",
6115,6115,22/10/2024,BTS Green Line,"757,435",
6116,6116,22/10/2024,BTS Gold Line,"6,480",
6117,6117,23/10/2024,SRT,"70,980",
6118,6118,23/10/2024,ARL,"45,081",
6119,6119,23/10/2024,Red Line,"21,842",
6120,6120,23/10/2024,MRT Blue Line,"245,159",
6121,6121,23/10/2024,MRT Purple Line,"36,332",
6122,6122,23/10/2024,MRT Yellow Line,"27,740",
6123,6123,23/10/2024,MRT Pink Line,"33,363",
6124,6124,23/10/2024,BTS Green Line,"484,529",
6125,6125,23/10/2024,BTS Gold Line,"7,248",
6126,6126,24/10/2024,SRT,"76,654",
6127,6127,24/10/2024,ARL,"72,245",
6128,6128,24/10/2024,Red Line,"36,341",
6129,6129,24/10/2024,MRT Blue Line,"458,484",
6130,6130,24/10/2024,MRT Purple Line,"76,989",
6131,6131,24/10/2024,MRT Yellow Line,"45,233",
6132,6132,24/10/2024,MRT Pink Line,"58,137",
6133,6133,24/10/2024,BTS Green Line,"728,700",
6134,6134,24/10/2024,BTS Gold Line,"6,010",
6135,6135,25/10/2024,SRT,"84,575",
6136,6136,25/10/2024,ARL,"75,030",
6137,6137,25/10/2024,Red Line,"39,250",
6138,6138,25/10/2024,MRT Blue Line,"494,481",
6139,6139,25/10/2024,MRT Purple Line,"78,751",
6140,6140,25/10/2024,MRT Yellow Line,"48,368",
6141,6141,25/10/2024,MRT Pink Line,"61,631",
6142,6142,25/10/2024,BTS Green Line,"793,475",
6143,6143,25/10/2024,BTS Gold Line,"6,628",
6144,6144,26/10/2024,SRT,"81,025",
6145,6145,26/10/2024,ARL,"53,998",
6146,6146,26/10/2024,Red Line,"26,245",
6147,6147,26/10/2024,MRT Blue Line,"324,822",
6148,6148,26/10/2024,MRT Purple Line,"45,132",
6149,6149,26/10/2024,MRT Yellow Line,"35,746",
6150,6150,26/10/2024,MRT Pink Line,"42,153",
6151,6151,26/10/2024,BTS Green Line,"625,621",
6152,6152,26/10/2024,BTS Gold Line,"6,900",
6153,6153,27/10/2024,SRT,"83,012",
6154,6154,27/10/2024,ARL,"50,480",
6155,6155,27/10/2024,Red Line,"25,010",
6156,6156,27/10/2024,MRT Blue Line,"281,185",
6157,6157,27/10/2024,MRT Purple Line,"38,312",
6158,6158,27/10/2024,MRT Yellow Line,"31,173",
6159,6159,27/10/2024,MRT Pink Line,"34,415",
6160,6160,27/10/2024,BTS Green Line,"527,044",
6161,6161,27/10/2024,BTS Gold Line,"6,118",
6162,6162,28/10/2024,SRT,"79,702",
6163,6163,28/10/2024,ARL,"73,370",
6164,6164,28/10/2024,Red Line,"36,948",
6165,6165,28/10/2024,MRT Blue Line,"468,087",
6166,6166,28/10/2024,MRT Purple Line,"80,192",
6167,6167,28/10/2024,MRT Yellow Line,"45,354",
6168,6168,28/10/2024,MRT Pink Line,"61,508",
6169,6169,28/10/2024,BTS Green Line,"794,159",
6170,6170,28/10/2024,BTS Gold Line,"6,038",
6171,6171,29/10/2024,SRT,"76,381",
6172,6172,29/10/2024,ARL,"75,140",
6173,6173,29/10/2024,Red Line,"37,473",
6174,6174,29/10/2024,MRT Blue Line,"495,201",
6175,6175,29/10/2024,MRT Purple Line,"82,026",
6176,6176,29/10/2024,MRT Yellow Line,"45,904",
6177,6177,29/10/2024,MRT Pink Line,"62,839",
6178,6178,29/10/2024,BTS Green Line,"825,717",
6179,6179,29/10/2024,BTS Gold Line,"5,266",
6180,6180,30/10/2024,SRT,"77,253",
6181,6181,30/10/2024,ARL,"75,101",
6182,6182,30/10/2024,Red Line,"37,547",
6183,6183,30/10/2024,MRT Blue Line,"504,122",
6184,6184,30/10/2024,MRT Purple Line,"82,724",
6185,6185,30/10/2024,MRT Yellow Line,"47,705",
6186,6186,30/10/2024,MRT Pink Line,"65,731",
6187,6187,30/10/2024,BTS Green Line,"840,712",
6188,6188,30/10/2024,BTS Gold Line,"5,688",
6189,6189,31/10/2024,SRT,"77,203",
6190,6190,31/10/2024,ARL,"79,267",
6191,6191,31/10/2024,Red Line,"38,399",
6192,6192,31/10/2024,MRT Blue Line,"527,935",
6193,6193,31/10/2024,MRT Purple Line,"84,043",
6194,6194,31/10/2024,MRT Yellow Line,"48,759",
6195,6195,31/10/2024,MRT Pink Line,"67,115",
6196,6196,31/10/2024,BTS Green Line,"888,124",
6197,6197,31/10/2024,BTS Gold Line,"6,562",
6198,6198,1/11/2024,SRT,"86,101",
6199,6199,1/11/2024,ARL,"78,396",
6200,6200,1/11/2024,Red Line,"41,964",
6201,6201,1/11/2024,MRT Blue Line,"536,946",
6202,6202,1/11/2024,MRT Purple Line,"85,489",
6203,6203,1/11/2024,MRT Yellow Line,"52,587",
6204,6204,1/11/2024,MRT Pink Line,"70,519",
6205,6205,1/11/2024,BTS Green Line,"990,914",
6206,6206,1/11/2024,BTS Gold Line,"7,220",
6207,6207,2/11/2024,SRT,"82,617",
6208,6208,2/11/2024,ARL,"60,512",
6209,6209,2/11/2024,Red Line,"29,433",
6210,6210,2/11/2024,MRT Blue Line,"390,142",
6211,6211,2/11/2024,MRT Purple Line,"56,441",
6212,6212,2/11/2024,MRT Yellow Line,"40,843",
6213,6213,2/11/2024,MRT Pink Line,"48,019",
6214,6214,2/11/2024,BTS Green Line,"705,167",
6215,6215,2/11/2024,BTS Gold Line,"8,867",
6216,6216,3/11/2024,SRT,"84,889",
6217,6217,3/11/2024,ARL,"53,692",
6218,6218,3/11/2024,Red Line,"25,620",
6219,6219,3/11/2024,MRT Blue Line,"318,728",
6220,6220,3/11/2024,MRT Purple Line,"41,355",
6221,6221,3/11/2024,MRT Yellow Line,"33,044",
6222,6222,3/11/2024,MRT Pink Line,"39,326",
6223,6223,3/11/2024,BTS Green Line,"543,391",
6224,6224,3/11/2024,BTS Gold Line,"6,284",
6225,6225,4/11/2024,SRT,"78,730",
6226,6226,4/11/2024,ARL,"74,134",
6227,6227,4/11/2024,Red Line,"38,389",
6228,6228,4/11/2024,MRT Blue Line,"491,710",
6229,6229,4/11/2024,MRT Purple Line,"81,448",
6230,6230,4/11/2024,MRT Yellow Line,"47,045",
6231,6231,4/11/2024,MRT Pink Line,"64,961",
6232,6232,4/11/2024,BTS Green Line,"808,311",
6233,6233,4/11/2024,BTS Gold Line,"6,292",
6234,6234,5/11/2024,SRT,"73,447",
6235,6235,5/11/2024,ARL,"74,824",
6236,6236,5/11/2024,Red Line,"37,761",
6237,6237,5/11/2024,MRT Blue Line,"511,381",
6238,6238,5/11/2024,MRT Purple Line,"83,888",
6239,6239,5/11/2024,MRT Yellow Line,"47,078",
6240,6240,5/11/2024,MRT Pink Line,"65,995",
6241,6241,5/11/2024,BTS Green Line,"836,713",
6242,6242,5/11/2024,BTS Gold Line,"5,989",
6243,6243,6/11/2024,SRT,"72,118",
6244,6244,6/11/2024,ARL,"74,122",
6245,6245,6/11/2024,Red Line,"37,163",
6246,6246,6/11/2024,MRT Blue Line,"515,018",
6247,6247,6/11/2024,MRT Purple Line,"83,821",
6248,6248,6/11/2024,MRT Yellow Line,"47,955",
6249,6249,6/11/2024,MRT Pink Line,"64,664",
6250,6250,6/11/2024,BTS Green Line,"829,733",
6251,6251,6/11/2024,BTS Gold Line,"5,930",
6252,6252,7/11/2024,SRT,"74,800",
6253,6253,7/11/2024,ARL,"75,107",
6254,6254,7/11/2024,Red Line,"38,970",
6255,6255,7/11/2024,MRT Blue Line,"514,608",
6256,6256,7/11/2024,MRT Purple Line,"82,579",
6257,6257,7/11/2024,MRT Yellow Line,"47,301",
6258,6258,7/11/2024,MRT Pink Line,"65,475",
6259,6259,7/11/2024,BTS Green Line,"840,737",
6260,6260,7/11/2024,BTS Gold Line,"6,373",
6261,6261,8/11/2024,SRT,"85,575",
6262,6262,8/11/2024,ARL,"78,487",
6263,6263,8/11/2024,Red Line,"46,309",
6264,6264,8/11/2024,MRT Blue Line,"537,940",
6265,6265,8/11/2024,MRT Purple Line,"84,565",
6266,6266,8/11/2024,MRT Yellow Line,"49,495",
6267,6267,8/11/2024,MRT Pink Line,"70,418",
6268,6268,8/11/2024,BTS Green Line,"885,855",
6269,6269,8/11/2024,BTS Gold Line,"8,170",
6270,6270,9/11/2024,SRT,"79,730",
6271,6271,9/11/2024,ARL,"62,349",
6272,6272,9/11/2024,Red Line,"35,920",
6273,6273,9/11/2024,MRT Blue Line,"399,652",
6274,6274,9/11/2024,MRT Purple Line,"50,953",
6275,6275,9/11/2024,MRT Yellow Line,"36,827",
6276,6276,9/11/2024,MRT Pink Line,"48,250",
6277,6277,9/11/2024,BTS Green Line,"672,505",
6278,6278,9/11/2024,BTS Gold Line,"7,992",
6279,6279,10/11/2024,SRT,"83,446",
6280,6280,10/11/2024,ARL,"54,846",
6281,6281,10/11/2024,Red Line,"26,299",
6282,6282,10/11/2024,MRT Blue Line,"321,571",
6283,6283,10/11/2024,MRT Purple Line,"41,744",
6284,6284,10/11/2024,MRT Yellow Line,"32,043",
6285,6285,10/11/2024,MRT Pink Line,"39,703",
6286,6286,10/11/2024,BTS Green Line,"548,494",
6287,6287,10/11/2024,BTS Gold Line,"6,850",
6288,6288,11/11/2024,SRT,"77,336",
6289,6289,11/11/2024,ARL,"73,381",
6290,6290,11/11/2024,Red Line,"37,915",
6291,6291,11/11/2024,MRT Blue Line,"491,063",
6292,6292,11/11/2024,MRT Purple Line,"79,389",
6293,6293,11/11/2024,MRT Yellow Line,"45,503",
6294,6294,11/11/2024,MRT Pink Line,"64,583",
6295,6295,11/11/2024,BTS Green Line,"803,613",
6296,6296,11/11/2024,BTS Gold Line,"6,566",
6297,6297,12/11/2024,SRT,"70,839",
6298,6298,12/11/2024,ARL,"75,539",
6299,6299,12/11/2024,Red Line,"36,657",
6300,6300,12/11/2024,MRT Blue Line,"514,811",
6301,6301,12/11/2024,MRT Purple Line,"82,386",
6302,6302,12/11/2024,MRT Yellow Line,"46,375",
6303,6303,12/11/2024,MRT Pink Line,"64,605",
6304,6304,12/11/2024,BTS Green Line,"831,693",
6305,6305,12/11/2024,BTS Gold Line,"6,177",
6306,6306,13/11/2024,SRT,"69,457",
6307,6307,13/11/2024,ARL,"74,439",
6308,6308,13/11/2024,Red Line,"36,828",
6309,6309,13/11/2024,MRT Blue Line,"516,922",
6310,6310,13/11/2024,MRT Purple Line,"81,256",
6311,6311,13/11/2024,MRT Yellow Line,"46,080",
6312,6312,13/11/2024,MRT Pink Line,"67,149",
6313,6313,13/11/2024,BTS Green Line,"831,566",
6314,6314,13/11/2024,BTS Gold Line,"6,495",
6315,6315,14/11/2024,SRT,"72,765",
6316,6316,14/11/2024,ARL,"76,008",
6317,6317,14/11/2024,Red Line,"37,909",
6318,6318,14/11/2024,MRT Blue Line,"521,064",
6319,6319,14/11/2024,MRT Purple Line,"81,532",
6320,6320,14/11/2024,MRT Yellow Line,"46,644",
6321,6321,14/11/2024,MRT Pink Line,"66,075",
6322,6322,14/11/2024,BTS Green Line,"849,940",
6323,6323,14/11/2024,BTS Gold Line,"8,352",
6324,6324,15/11/2024,SRT,"81,946",
6325,6325,15/11/2024,ARL,"81,748",
6326,6326,15/11/2024,Red Line,"45,067",
6327,6327,15/11/2024,MRT Blue Line,"558,165",
6328,6328,15/11/2024,MRT Purple Line,"86,279",
6329,6329,15/11/2024,MRT Yellow Line,"54,050",
6330,6330,15/11/2024,MRT Pink Line,"79,125",
6331,6331,15/11/2024,BTS Green Line,"971,068",
6332,6332,15/11/2024,BTS Gold Line,"22,153",
6333,6333,16/11/2024,SRT,"79,324",
6334,6334,16/11/2024,ARL,"55,310",
6335,6335,16/11/2024,Red Line,"27,837",
6336,6336,16/11/2024,MRT Blue Line,"339,927",
6337,6337,16/11/2024,MRT Purple Line,"45,861",
6338,6338,16/11/2024,MRT Yellow Line,"33,950",
6339,6339,16/11/2024,MRT Pink Line,"45,545",
6340,6340,16/11/2024,BTS Green Line,"590,084",
6341,6341,16/11/2024,BTS Gold Line,"9,034",
6342,6342,17/11/2024,SRT,"88,252",
6343,6343,17/11/2024,ARL,"48,838",
6344,6344,17/11/2024,Red Line,"24,452",
6345,6345,17/11/2024,MRT Blue Line,"268,725",
6346,6346,17/11/2024,MRT Purple Line,"37,701",
6347,6347,17/11/2024,MRT Yellow Line,"27,931",
6348,6348,17/11/2024,MRT Pink Line,"36,963",
6349,6349,17/11/2024,BTS Green Line,"494,009",
6350,6350,17/11/2024,BTS Gold Line,"7,415",
6351,6351,18/11/2024,SRT,"75,072",
6352,6352,18/11/2024,ARL,"73,449",
6353,6353,18/11/2024,Red Line,"36,625",
6354,6354,18/11/2024,MRT Blue Line,"483,582",
6355,6355,18/11/2024,MRT Purple Line,"81,134",
6356,6356,18/11/2024,MRT Yellow Line,"45,092",
6357,6357,18/11/2024,MRT Pink Line,"64,058",
6358,6358,18/11/2024,BTS Green Line,"794,423",
6359,6359,18/11/2024,BTS Gold Line,"6,804",
6360,6360,19/11/2024,SRT,"69,363",
6361,6361,19/11/2024,ARL,"76,073",
6362,6362,19/11/2024,Red Line,"36,162",
6363,6363,19/11/2024,MRT Blue Line,"506,261",
6364,6364,19/11/2024,MRT Purple Line,"83,943",
6365,6365,19/11/2024,MRT Yellow Line,"45,157",
6366,6366,19/11/2024,MRT Pink Line,"65,119",
6367,6367,19/11/2024,BTS Green Line,"832,865",
6368,6368,19/11/2024,BTS Gold Line,"6,436",
6369,6369,20/11/2024,SRT,"69,557",
6370,6370,20/11/2024,ARL,"74,202",
6371,6371,20/11/2024,Red Line,"36,845",
6372,6372,20/11/2024,MRT Blue Line,"503,479",
6373,6373,20/11/2024,MRT Purple Line,"81,780",
6374,6374,20/11/2024,MRT Yellow Line,"46,506",
6375,6375,20/11/2024,MRT Pink Line,"65,836",
6376,6376,20/11/2024,BTS Green Line,"832,189",
6377,6377,20/11/2024,BTS Gold Line,"6,617",
6378,6378,21/11/2024,SRT,"69,830",
6379,6379,21/11/2024,ARL,"75,073",
6380,6380,21/11/2024,Red Line,"37,169",
6381,6381,21/11/2024,MRT Blue Line,"502,638",
6382,6382,21/11/2024,MRT Purple Line,"81,428",
6383,6383,21/11/2024,MRT Yellow Line,"45,883",
6384,6384,21/11/2024,MRT Pink Line,"64,807",
6385,6385,21/11/2024,BTS Green Line,"836,704",
6386,6386,21/11/2024,BTS Gold Line,"6,766",
6387,6387,22/11/2024,SRT,"82,420",
6388,6388,22/11/2024,ARL,"77,375",
6389,6389,22/11/2024,Red Line,"40,307",
6390,6390,22/11/2024,MRT Blue Line,"514,819",
6391,6391,22/11/2024,MRT Purple Line,"82,249",
6392,6392,22/11/2024,MRT Yellow Line,"47,877",
6393,6393,22/11/2024,MRT Pink Line,"68,749",
6394,6394,22/11/2024,BTS Green Line,"862,783",
6395,6395,22/11/2024,BTS Gold Line,"9,494",
6396,6396,23/11/2024,SRT,"73,835",
6397,6397,23/11/2024,ARL,"63,921",
6398,6398,23/11/2024,Red Line,"28,902",
6399,6399,23/11/2024,MRT Blue Line,"382,761",
6400,6400,23/11/2024,MRT Purple Line,"49,217",
6401,6401,23/11/2024,MRT Yellow Line,"33,732",
6402,6402,23/11/2024,MRT Pink Line,"43,104",
6403,6403,23/11/2024,BTS Green Line,"640,522",
6404,6404,23/11/2024,BTS Gold Line,"8,267",
6405,6405,24/11/2024,SRT,"81,846",
6406,6406,24/11/2024,ARL,"50,372",
6407,6407,24/11/2024,Red Line,"23,819",
6408,6408,24/11/2024,MRT Blue Line,"264,245",
6409,6409,24/11/2024,MRT Purple Line,"37,069",
6410,6410,24/11/2024,MRT Yellow Line,"27,559",
6411,6411,24/11/2024,MRT Pink Line,"34,569",
6412,6412,24/11/2024,BTS Green Line,"510,029",
6413,6413,24/11/2024,BTS Gold Line,"6,610",
6414,6414,25/11/2024,SRT,"74,041",
6415,6415,25/11/2024,ARL,"74,802",
6416,6416,25/11/2024,Red Line,"38,775",
6417,6417,25/11/2024,MRT Blue Line,"473,853",
6418,6418,25/11/2024,MRT Purple Line,"82,077",
6419,6419,25/11/2024,MRT Yellow Line,"45,673",
6420,6420,25/11/2024,MRT Pink Line,"66,530",
6421,6421,25/11/2024,BTS Green Line,"818,103",
6422,6422,25/11/2024,BTS Gold Line,"7,142",
6423,6423,26/11/2024,SRT,"67,478",
6424,6424,26/11/2024,ARL,"75,333",
6425,6425,26/11/2024,Red Line,"37,895",
6426,6426,26/11/2024,MRT Blue Line,"493,210",
6427,6427,26/11/2024,MRT Purple Line,"82,833",
6428,6428,26/11/2024,MRT Yellow Line,"48,441",
6429,6429,26/11/2024,MRT Pink Line,"66,248",
6430,6430,26/11/2024,BTS Green Line,"841,328",
6431,6431,26/11/2024,BTS Gold Line,"6,544",
6432,6432,27/11/2024,SRT,"65,817",
6433,6433,27/11/2024,ARL,"74,875",
6434,6434,27/11/2024,Red Line,"37,874",
6435,6435,27/11/2024,MRT Blue Line,"506,934",
6436,6436,27/11/2024,MRT Purple Line,"82,873",
6437,6437,27/11/2024,MRT Yellow Line,"46,482",
6438,6438,27/11/2024,MRT Pink Line,"68,420",
6439,6439,27/11/2024,BTS Green Line,"838,935",
6440,6440,27/11/2024,BTS Gold Line,"7,110",
6441,6441,28/11/2024,SRT,"64,836",
6442,6442,28/11/2024,ARL,"75,273",
6443,6443,28/11/2024,Red Line,"37,991",
6444,6444,28/11/2024,MRT Blue Line,"502,802",
6445,6445,28/11/2024,MRT Purple Line,"82,446",
6446,6446,28/11/2024,MRT Yellow Line,"46,968",
6447,6447,28/11/2024,MRT Pink Line,"66,790",
6448,6448,28/11/2024,BTS Green Line,"851,623",
6449,6449,28/11/2024,BTS Gold Line,"6,493",
6450,6450,29/11/2024,SRT,"74,624",
6451,6451,29/11/2024,ARL,"78,823",
6452,6452,29/11/2024,Red Line,"42,298",
6453,6453,29/11/2024,MRT Blue Line,"528,397",
6454,6454,29/11/2024,MRT Purple Line,"85,565",
6455,6455,29/11/2024,MRT Yellow Line,"49,573",
6456,6456,29/11/2024,MRT Pink Line,"73,896",
6457,6457,29/11/2024,BTS Green Line,"924,010",
6458,6458,29/11/2024,BTS Gold Line,"9,555",
6459,6459,30/11/2024,SRT,"66,874",
6460,6460,30/11/2024,ARL,"61,322",
6461,6461,30/11/2024,Red Line,"29,313",
6462,6462,30/11/2024,MRT Blue Line,"374,371",
6463,6463,30/11/2024,MRT Purple Line,"52,602",
6464,6464,30/11/2024,MRT Yellow Line,"43,729",
6465,6465,30/11/2024,MRT Pink Line,"50,126",
6466,6466,30/11/2024,BTS Green Line,"712,523",
6467,6467,30/11/2024,BTS Gold Line,"8,587",
6468,6468,1/12/2024,SRT,"74,188",
6469,6469,1/12/2024,ARL,"54,672",
6470,6470,1/12/2024,Red Line,"26,264",
6471,6471,1/12/2024,MRT Blue Line,"318,650",
6472,6472,1/12/2024,MRT Purple Line,"43,880",
6473,6473,1/12/2024,MRT Yellow Line,"43,187",
6474,6474,1/12/2024,MRT Pink Line,"43,566",
6475,6475,1/12/2024,BTS Green Line,"607,261",
6476,6476,1/12/2024,BTS Gold Line,"9,699",
6477,6477,2/12/2024,SRT,"68,936",
6478,6478,2/12/2024,ARL,"74,831",
6479,6479,2/12/2024,Red Line,"38,935",
6480,6480,2/12/2024,MRT Blue Line,"484,333",
6481,6481,2/12/2024,MRT Purple Line,"84,759",
6482,6482,2/12/2024,MRT Yellow Line,"50,235",
6483,6483,2/12/2024,MRT Pink Line,"68,906",
6484,6484,2/12/2024,BTS Green Line,"822,691",
6485,6485,2/12/2024,BTS Gold Line,"6,465",
6486,6486,3/12/2024,SRT,"64,231",
6487,6487,3/12/2024,ARL,"75,775",
6488,6488,3/12/2024,Red Line,"38,111",
6489,6489,3/12/2024,MRT Blue Line,"501,412",
6490,6490,3/12/2024,MRT Purple Line,"87,240",
6491,6491,3/12/2024,MRT Yellow Line,"48,842",
6492,6492,3/12/2024,MRT Pink Line,"68,972",
6493,6493,3/12/2024,BTS Green Line,"849,877",
6494,6494,3/12/2024,BTS Gold Line,"6,275",
6495,6495,4/12/2024,SRT,"73,333",
6496,6496,4/12/2024,ARL,"78,134",
6497,6497,4/12/2024,Red Line,"40,771",
6498,6498,4/12/2024,MRT Blue Line,"515,951",
6499,6499,4/12/2024,MRT Purple Line,"84,952",
6500,6500,4/12/2024,MRT Yellow Line,"52,092",
6501,6501,4/12/2024,MRT Pink Line,"71,046",
6502,6502,4/12/2024,BTS Green Line,"869,968",
6503,6503,4/12/2024,BTS Gold Line,"7,856",
6504,6504,5/12/2024,SRT,"71,087",
6505,6505,5/12/2024,ARL,"49,973",
6506,6506,5/12/2024,Red Line,"22,086",
6507,6507,5/12/2024,MRT Blue Line,"269,987",
6508,6508,5/12/2024,MRT Purple Line,"36,640",
6509,6509,5/12/2024,MRT Yellow Line,"41,049",
6510,6510,5/12/2024,MRT Pink Line,"37,118",
6511,6511,5/12/2024,BTS Green Line,"499,919",
6512,6512,5/12/2024,BTS Gold Line,"7,845",
6513,6513,6/12/2024,SRT,"81,699",
6514,6514,6/12/2024,ARL,"73,412",
6515,6515,6/12/2024,Red Line,"39,625",
6516,6516,6/12/2024,MRT Blue Line,"476,373",
6517,6517,6/12/2024,MRT Purple Line,"78,400",
6518,6518,6/12/2024,MRT Yellow Line,"49,809",
6519,6519,6/12/2024,MRT Pink Line,"67,202",
6520,6520,6/12/2024,BTS Green Line,"812,796",
6521,6521,6/12/2024,BTS Gold Line,"9,430",
6522,6522,7/12/2024,SRT,"73,505",
6523,6523,7/12/2024,ARL,"56,208",
6524,6524,7/12/2024,Red Line,"29,525",
6525,6525,7/12/2024,MRT Blue Line,"346,630",
6526,6526,7/12/2024,MRT Purple Line,"46,780",
6527,6527,7/12/2024,MRT Yellow Line,"40,737",
6528,6528,7/12/2024,MRT Pink Line,"43,815",
6529,6529,7/12/2024,BTS Green Line,"601,904",
6530,6530,7/12/2024,BTS Gold Line,"8,175",
6531,6531,8/12/2024,SRT,"81,458",
6532,6532,8/12/2024,ARL,"49,751",
6533,6533,8/12/2024,Red Line,"28,723",
6534,6534,8/12/2024,MRT Blue Line,"281,097",
6535,6535,8/12/2024,MRT Purple Line,"39,288",
6536,6536,8/12/2024,MRT Yellow Line,"38,910",
6537,6537,8/12/2024,MRT Pink Line,"38,680",
6538,6538,8/12/2024,BTS Green Line,"522,748",
6539,6539,8/12/2024,BTS Gold Line,"6,172",
6540,6540,9/12/2024,SRT,"73,349",
6541,6541,9/12/2024,ARL,"70,478",
6542,6542,9/12/2024,Red Line,"36,514",
6543,6543,9/12/2024,MRT Blue Line,"446,573",
6544,6544,9/12/2024,MRT Purple Line,"74,566",
6545,6545,9/12/2024,MRT Yellow Line,"47,553",
6546,6546,9/12/2024,MRT Pink Line,"62,826",
6547,6547,9/12/2024,BTS Green Line,"765,144",
6548,6548,9/12/2024,BTS Gold Line,"7,427",
6549,6549,10/12/2024,SRT,"63,525",
6550,6550,10/12/2024,ARL,"53,733",
6551,6551,10/12/2024,Red Line,"25,474",
6552,6552,10/12/2024,MRT Blue Line,"294,620",
6553,6553,10/12/2024,MRT Purple Line,"44,973",
6554,6554,10/12/2024,MRT Yellow Line,"45,354",
6555,6555,10/12/2024,MRT Pink Line,"39,343",
6556,6556,10/12/2024,BTS Green Line,"543,257",
6557,6557,10/12/2024,BTS Gold Line,"6,357",
6558,6558,11/12/2024,SRT,"69,621",
6559,6559,11/12/2024,ARL,"74,863",
6560,6560,11/12/2024,Red Line,"38,482",
6561,6561,11/12/2024,MRT Blue Line,"512,295",
6562,6562,11/12/2024,MRT Purple Line,"83,283",
6563,6563,11/12/2024,MRT Yellow Line,"46,884",
6564,6564,11/12/2024,MRT Pink Line,"66,541",
6565,6565,11/12/2024,BTS Green Line,"849,978",
6566,6566,11/12/2024,BTS Gold Line,"6,621",
6567,6567,12/12/2024,SRT,"69,526",
6568,6568,12/12/2024,ARL,"76,129",
6569,6569,12/12/2024,Red Line,"38,523",
6570,6570,12/12/2024,MRT Blue Line,"522,471",
6571,6571,12/12/2024,MRT Purple Line,"83,189",
6572,6572,12/12/2024,MRT Yellow Line,"47,117",
6573,6573,12/12/2024,MRT Pink Line,"65,987",
6574,6574,12/12/2024,BTS Green Line,"865,875",
6575,6575,12/12/2024,BTS Gold Line,"7,196",
6576,6576,13/12/2024,SRT,"80,373",
6577,6577,13/12/2024,ARL,"80,375",
6578,6578,13/12/2024,Red Line,"41,968",
6579,6579,13/12/2024,MRT Blue Line,"558,340",
6580,6580,13/12/2024,MRT Purple Line,"85,924",
6581,6581,13/12/2024,MRT Yellow Line,"50,768",
6582,6582,13/12/2024,MRT Pink Line,"71,845",
6583,6583,13/12/2024,BTS Green Line,"917,863",
6584,6584,13/12/2024,BTS Gold Line,"10,226",
6585,6585,14/12/2024,SRT,"65,934",
6586,6586,14/12/2024,ARL,"66,071",
6587,6587,14/12/2024,Red Line,"29,888",
6588,6588,14/12/2024,MRT Blue Line,"430,905",
6589,6589,14/12/2024,MRT Purple Line,"53,026",
6590,6590,14/12/2024,MRT Yellow Line,"37,318",
6591,6591,14/12/2024,MRT Pink Line,"45,699",
6592,6592,14/12/2024,BTS Green Line,"717,820",
6593,6593,14/12/2024,BTS Gold Line,"9,225",
6594,6594,15/12/2024,SRT,"72,221",
6595,6595,15/12/2024,ARL,"55,170",
6596,6596,15/12/2024,Red Line,"26,542",
6597,6597,15/12/2024,MRT Blue Line,"346,883",
6598,6598,15/12/2024,MRT Purple Line,"42,193",
6599,6599,15/12/2024,MRT Yellow Line,"30,244",
6600,6600,15/12/2024,MRT Pink Line,"36,663",
6601,6601,15/12/2024,BTS Green Line,"579,407",
6602,6602,15/12/2024,BTS Gold Line,"8,604",
6603,6603,16/12/2024,SRT,"69,298",
6604,6604,16/12/2024,ARL,"74,448",
6605,6605,16/12/2024,Red Line,"37,927",
6606,6606,16/12/2024,MRT Blue Line,"497,304",
6607,6607,16/12/2024,MRT Purple Line,"81,057",
6608,6608,16/12/2024,MRT Yellow Line,"45,630",
6609,6609,16/12/2024,MRT Pink Line,"63,241",
6610,6610,16/12/2024,BTS Green Line,"793,313",
6611,6611,16/12/2024,BTS Gold Line,"7,507",
6612,6612,17/12/2024,SRT,"67,075",
6613,6613,17/12/2024,ARL,"74,251",
6614,6614,17/12/2024,Red Line,"37,901",
6615,6615,17/12/2024,MRT Blue Line,"514,342",
6616,6616,17/12/2024,MRT Purple Line,"82,592",
6617,6617,17/12/2024,MRT Yellow Line,"46,338",
6618,6618,17/12/2024,MRT Pink Line,"64,548",
6619,6619,17/12/2024,BTS Green Line,"837,230",
6620,6620,17/12/2024,BTS Gold Line,"7,438",
6621,6621,18/12/2024,SRT,"65,941",
6622,6622,18/12/2024,ARL,"74,862",
6623,6623,18/12/2024,Red Line,"38,307",
6624,6624,18/12/2024,MRT Blue Line,"523,177",
6625,6625,18/12/2024,MRT Purple Line,"83,162",
6626,6626,18/12/2024,MRT Yellow Line,"47,158",
6627,6627,18/12/2024,MRT Pink Line,"64,409",
6628,6628,18/12/2024,BTS Green Line,"839,858",
6629,6629,18/12/2024,BTS Gold Line,"7,568",
6630,6630,19/12/2024,SRT,"70,454",
6631,6631,19/12/2024,ARL,"75,770",
6632,6632,19/12/2024,Red Line,"39,993",
6633,6633,19/12/2024,MRT Blue Line,"521,274",
6634,6634,19/12/2024,MRT Purple Line,"83,764",
6635,6635,19/12/2024,MRT Yellow Line,"47,230",
6636,6636,19/12/2024,MRT Pink Line,"67,217",
6637,6637,19/12/2024,BTS Green Line,"869,356",
6638,6638,19/12/2024,BTS Gold Line,"8,991",
6639,6639,20/12/2024,SRT,"82,221",
6640,6640,20/12/2024,ARL,"79,527",
6641,6641,20/12/2024,Red Line,"44,265",
6642,6642,20/12/2024,MRT Blue Line,"547,225",
6643,6643,20/12/2024,MRT Purple Line,"85,868",
6644,6644,20/12/2024,MRT Yellow Line,"51,829",
6645,6645,20/12/2024,MRT Pink Line,"73,909",
6646,6646,20/12/2024,BTS Green Line,"924,234",
6647,6647,20/12/2024,BTS Gold Line,"9,664",
6648,6648,21/12/2024,SRT,"74,235",
6649,6649,21/12/2024,ARL,"61,225",
6650,6650,21/12/2024,Red Line,"29,899",
6651,6651,21/12/2024,MRT Blue Line,"413,549",
6652,6652,21/12/2024,MRT Purple Line,"52,230",
6653,6653,21/12/2024,MRT Yellow Line,"37,039",
6654,6654,21/12/2024,MRT Pink Line,"48,520",
6655,6655,21/12/2024,BTS Green Line,"680,499",
6656,6656,21/12/2024,BTS Gold Line,"10,889",
6657,6657,22/12/2024,SRT,"79,481",
6658,6658,22/12/2024,ARL,"55,776",
6659,6659,22/12/2024,Red Line,"24,896",
6660,6660,22/12/2024,MRT Blue Line,"341,170",
6661,6661,22/12/2024,MRT Purple Line,"43,313",
6662,6662,22/12/2024,MRT Yellow Line,"30,268",
6663,6663,22/12/2024,MRT Pink Line,"39,445",
6664,6664,22/12/2024,BTS Green Line,"606,344",
6665,6665,22/12/2024,BTS Gold Line,"11,714",
6666,6666,23/12/2024,SRT,"73,924",
6667,6667,23/12/2024,ARL,"72,448",
6668,6668,23/12/2024,Red Line,"35,834",
6669,6669,23/12/2024,MRT Blue Line,"460,455",
6670,6670,23/12/2024,MRT Purple Line,"78,039",
6671,6671,23/12/2024,MRT Yellow Line,"43,665",
6672,6672,23/12/2024,MRT Pink Line,"64,060",
6673,6673,23/12/2024,BTS Green Line,"816,457",
6674,6674,23/12/2024,BTS Gold Line,"10,028",
6675,6675,24/12/2024,SRT,"70,793",
6676,6676,24/12/2024,ARL,"73,021",
6677,6677,24/12/2024,Red Line,"34,937",
6678,6678,24/12/2024,MRT Blue Line,"473,825",
6679,6679,24/12/2024,MRT Purple Line,"78,094",
6680,6680,24/12/2024,MRT Yellow Line,"44,762",
6681,6681,24/12/2024,MRT Pink Line,"63,599",
6682,6682,24/12/2024,BTS Green Line,"841,583",
6683,6683,24/12/2024,BTS Gold Line,"11,575",
6684,6684,25/12/2024,SRT,"73,018",
6685,6685,25/12/2024,ARL,"75,074",
6686,6686,25/12/2024,Red Line,"35,293",
6687,6687,25/12/2024,MRT Blue Line,"493,976",
6688,6688,25/12/2024,MRT Purple Line,"79,888",
6689,6689,25/12/2024,MRT Yellow Line,"45,988",
6690,6690,25/12/2024,MRT Pink Line,"64,655",
6691,6691,25/12/2024,BTS Green Line,"892,386",
6692,6692,25/12/2024,BTS Gold Line,"15,363",
6693,6693,26/12/2024,SRT,"80,594",
6694,6694,26/12/2024,ARL,"70,565",
6695,6695,26/12/2024,Red Line,"34,130",
6696,6696,26/12/2024,MRT Blue Line,"431,827",
6697,6697,26/12/2024,MRT Purple Line,"70,368",
6698,6698,26/12/2024,MRT Yellow Line,"42,397",
6699,6699,26/12/2024,MRT Pink Line,"59,133",
6700,6700,26/12/2024,BTS Green Line,"774,622",
6701,6701,26/12/2024,BTS Gold Line,"12,458",
6702,6702,27/12/2024,SRT,"99,515",
6703,6703,27/12/2024,ARL,"70,280",
6704,6704,27/12/2024,Red Line,"37,584",
6705,6705,27/12/2024,MRT Blue Line,"432,770",
6706,6706,27/12/2024,MRT Purple Line,"70,122",
6707,6707,27/12/2024,MRT Yellow Line,"43,560",
6708,6708,27/12/2024,MRT Pink Line,"64,805",
6709,6709,27/12/2024,BTS Green Line,"779,980",
6710,6710,27/12/2024,BTS Gold Line,"13,211",
6711,6711,28/12/2024,SRT,"101,763",
6712,6712,28/12/2024,ARL,"54,606",
6713,6713,28/12/2024,Red Line,"24,635",
6714,6714,28/12/2024,MRT Blue Line,"301,069",
6715,6715,28/12/2024,MRT Purple Line,"40,703",
6716,6716,28/12/2024,MRT Yellow Line,"29,841",
6717,6717,28/12/2024,MRT Pink Line,"36,122",
6718,6718,28/12/2024,BTS Green Line,"572,748",
6719,6719,28/12/2024,BTS Gold Line,"13,427",
6720,6720,29/12/2024,SRT,"93,744",
6721,6721,29/12/2024,ARL,"49,980",
6722,6722,29/12/2024,Red Line,"21,456",
6723,6723,29/12/2024,MRT Blue Line,"277,336",
6724,6724,29/12/2024,MRT Purple Line,"34,200",
6725,6725,29/12/2024,MRT Yellow Line,"28,121",
6726,6726,29/12/2024,MRT Pink Line,"30,687",
6727,6727,29/12/2024,BTS Green Line,"529,843",
6728,6728,29/12/2024,BTS Gold Line,"16,412",
6729,6729,30/12/2024,SRT,"96,529",
6730,6730,30/12/2024,ARL,"58,550",
6731,6731,30/12/2024,Red Line,"22,749",
6732,6732,30/12/2024,MRT Blue Line,"325,018",
6733,6733,30/12/2024,MRT Purple Line,"41,156",
6734,6734,30/12/2024,MRT Yellow Line,"34,667",
6735,6735,30/12/2024,MRT Pink Line,"34,649",
6736,6736,30/12/2024,BTS Green Line,"608,390",
6737,6737,30/12/2024,BTS Gold Line,"25,318",
6738,6738,31/12/2024,SRT,"89,334",
6739,6739,31/12/2024,ARL,"64,383",
6740,6740,31/12/2024,Red Line,"26,042",
6741,6741,31/12/2024,MRT Blue Line,"373,298",
6742,6742,31/12/2024,MRT Purple Line,"44,268",
6743,6743,31/12/2024,MRT Yellow Line,"40,515",
6744,6744,31/12/2024,MRT Pink Line,"41,435",
6745,6745,31/12/2024,BTS Green Line,"789,430",
6746,6746,31/12/2024,BTS Gold Line,"46,691",
6747,6747,1/1/2025,SRT,"106,219",
6748,6748,1/1/2025,ARL,"52,281",
6749,6749,1/1/2025,Red Line,"24,507",
6750,6750,1/1/2025,MRT Blue Line,"286,892",
6751,6751,1/1/2025,MRT Purple Line,"34,063",
6752,6752,1/1/2025,MRT Yellow Line,"29,490",
6753,6753,1/1/2025,MRT Pink Line,"33,320",
6754,6754,1/1/2025,BTS Green Line,"503,777",
6755,6755,1/1/2025,BTS Gold Line,"14,191",
6756,6756,2/1/2025,SRT,"94,978",
6757,6757,2/1/2025,ARL,"61,353",
6758,6758,2/1/2025,Red Line,"30,897",
6759,6759,2/1/2025,MRT Blue Line,"383,349",
6760,6760,2/1/2025,MRT Purple Line,"57,256",
6761,6761,2/1/2025,MRT Yellow Line,"35,138",
6762,6762,2/1/2025,MRT Pink Line,"47,248",
6763,6763,2/1/2025,BTS Green Line,"641,221",
6764,6764,2/1/2025,BTS Gold Line,"9,923",
6765,6765,3/1/2025,SRT,"88,773",
6766,6766,3/1/2025,ARL,"63,393",
6767,6767,3/1/2025,Red Line,"32,470",
6768,6768,3/1/2025,MRT Blue Line,"397,302",
6769,6769,3/1/2025,MRT Purple Line,"62,766",
6770,6770,3/1/2025,MRT Yellow Line,"36,856",
6771,6771,3/1/2025,MRT Pink Line,"51,312",
6772,6772,3/1/2025,BTS Green Line,"675,509",
6773,6773,3/1/2025,BTS Gold Line,"8,049",
6774,6774,4/1/2025,SRT,"85,632",
6775,6775,4/1/2025,ARL,"50,603",
6776,6776,4/1/2025,Red Line,"24,411",
6777,6777,4/1/2025,MRT Blue Line,"294,756",
6778,6778,4/1/2025,MRT Purple Line,"40,502",
6779,6779,4/1/2025,MRT Yellow Line,"29,004",
6780,6780,4/1/2025,MRT Pink Line,"35,089",
6781,6781,4/1/2025,BTS Green Line,"513,837",
6782,6782,4/1/2025,BTS Gold Line,"6,997",
6783,6783,5/1/2025,SRT,"91,823",
6784,6784,5/1/2025,ARL,"51,859",
6785,6785,5/1/2025,Red Line,"25,304",
6786,6786,5/1/2025,MRT Blue Line,"259,900",
6787,6787,5/1/2025,MRT Purple Line,"35,829",
6788,6788,5/1/2025,MRT Yellow Line,"31,899",
6789,6789,5/1/2025,MRT Pink Line,"31,910",
6790,6790,5/1/2025,BTS Green Line,"462,838",
6791,6791,5/1/2025,BTS Gold Line,"5,907",
6792,6792,6/1/2025,SRT,"83,323",
6793,6793,6/1/2025,ARL,"73,959",
6794,6794,6/1/2025,Red Line,"40,742",
6795,6795,6/1/2025,MRT Blue Line,"484,991",
6796,6796,6/1/2025,MRT Purple Line,"81,396",
6797,6797,6/1/2025,MRT Yellow Line,"47,195",
6798,6798,6/1/2025,MRT Pink Line,"65,342",
6799,6799,6/1/2025,BTS Green Line,"794,210",
6800,6800,6/1/2025,BTS Gold Line,"6,543",
6801,6801,7/1/2025,SRT,"74,098",
6802,6802,7/1/2025,ARL,"75,440",
6803,6803,7/1/2025,Red Line,"39,473",
6804,6804,7/1/2025,MRT Blue Line,"504,154",
6805,6805,7/1/2025,MRT Purple Line,"83,189",
6806,6806,7/1/2025,MRT Yellow Line,"47,030",
6807,6807,7/1/2025,MRT Pink Line,"65,773",
6808,6808,7/1/2025,BTS Green Line,"816,143",
6809,6809,7/1/2025,BTS Gold Line,"6,116",
6810,6810,8/1/2025,SRT,"72,042",
6811,6811,8/1/2025,ARL,"74,737",
6812,6812,8/1/2025,Red Line,"38,779",
6813,6813,8/1/2025,MRT Blue Line,"513,008",
6814,6814,8/1/2025,MRT Purple Line,"83,820",
6815,6815,8/1/2025,MRT Yellow Line,"46,248",
6816,6816,8/1/2025,MRT Pink Line,"65,951",
6817,6817,8/1/2025,BTS Green Line,"822,295",
6818,6818,8/1/2025,BTS Gold Line,"6,453",
6819,6819,9/1/2025,SRT,"70,670",
6820,6820,9/1/2025,ARL,"75,610",
6821,6821,9/1/2025,Red Line,"39,019",
6822,6822,9/1/2025,MRT Blue Line,"511,119",
6823,6823,9/1/2025,MRT Purple Line,"82,909",
6824,6824,9/1/2025,MRT Yellow Line,"47,266",
6825,6825,9/1/2025,MRT Pink Line,"66,573",
6826,6826,9/1/2025,BTS Green Line,"829,340",
6827,6827,9/1/2025,BTS Gold Line,"6,917",
6828,6828,10/1/2025,SRT,"86,605",
6829,6829,10/1/2025,ARL,"78,266",
6830,6830,10/1/2025,Red Line,"41,900",
6831,6831,10/1/2025,MRT Blue Line,"520,459",
6832,6832,10/1/2025,MRT Purple Line,"84,529",
6833,6833,10/1/2025,MRT Yellow Line,"49,909",
6834,6834,10/1/2025,MRT Pink Line,"71,578",
6835,6835,10/1/2025,BTS Green Line,"863,143",
6836,6836,10/1/2025,BTS Gold Line,"8,315",
6837,6837,11/1/2025,SRT,"75,148",
6838,6838,11/1/2025,ARL,"56,630",
6839,6839,11/1/2025,Red Line,"27,911",
6840,6840,11/1/2025,MRT Blue Line,"336,918",
6841,6841,11/1/2025,MRT Purple Line,"48,575",
6842,6842,11/1/2025,MRT Yellow Line,"36,567",
6843,6843,11/1/2025,MRT Pink Line,"49,963",
6844,6844,11/1/2025,BTS Green Line,"639,449",
6845,6845,11/1/2025,BTS Gold Line,"8,477",
6846,6846,12/1/2025,SRT,"80,540",
6847,6847,12/1/2025,ARL,"49,557",
6848,6848,12/1/2025,Red Line,"24,401",
6849,6849,12/1/2025,MRT Blue Line,"283,603",
6850,6850,12/1/2025,MRT Purple Line,"37,617",
6851,6851,12/1/2025,MRT Yellow Line,"29,395",
6852,6852,12/1/2025,MRT Pink Line,"36,932",
6853,6853,12/1/2025,BTS Green Line,"506,066",
6854,6854,12/1/2025,BTS Gold Line,"6,702",
6855,6855,13/1/2025,SRT,"75,775",
6856,6856,13/1/2025,ARL,"75,579",
6857,6857,13/1/2025,Red Line,"39,860",
6858,6858,13/1/2025,MRT Blue Line,"500,213",
6859,6859,13/1/2025,MRT Purple Line,"81,682",
6860,6860,13/1/2025,MRT Yellow Line,"46,595",
6861,6861,13/1/2025,MRT Pink Line,"66,571",
6862,6862,13/1/2025,BTS Green Line,"814,654",
6863,6863,13/1/2025,BTS Gold Line,"6,774",
6864,6864,14/1/2025,SRT,"69,233",
6865,6865,14/1/2025,ARL,"76,138",
6866,6866,14/1/2025,Red Line,"38,452",
6867,6867,14/1/2025,MRT Blue Line,"510,373",
6868,6868,14/1/2025,MRT Purple Line,"82,993",
6869,6869,14/1/2025,MRT Yellow Line,"46,750",
6870,6870,14/1/2025,MRT Pink Line,"66,668",
6871,6871,14/1/2025,BTS Green Line,"835,433",
6872,6872,14/1/2025,BTS Gold Line,"6,112",
6873,6873,15/1/2025,SRT,"70,326",
6874,6874,15/1/2025,ARL,"76,775",
6875,6875,15/1/2025,Red Line,"39,120",
6876,6876,15/1/2025,MRT Blue Line,"520,139",
6877,6877,15/1/2025,MRT Purple Line,"83,650",
6878,6878,15/1/2025,MRT Yellow Line,"47,500",
6879,6879,15/1/2025,MRT Pink Line,"67,106",
6880,6880,15/1/2025,BTS Green Line,"837,451",
6881,6881,15/1/2025,BTS Gold Line,"6,689",
6882,6882,16/1/2025,SRT,"67,875",
6883,6883,16/1/2025,ARL,"74,931",
6884,6884,16/1/2025,Red Line,"37,956",
6885,6885,16/1/2025,MRT Blue Line,"499,262",
6886,6886,16/1/2025,MRT Purple Line,"79,529",
6887,6887,16/1/2025,MRT Yellow Line,"46,220",
6888,6888,16/1/2025,MRT Pink Line,"64,006",
6889,6889,16/1/2025,BTS Green Line,"806,811",
6890,6890,16/1/2025,BTS Gold Line,"6,603",
6891,6891,17/1/2025,SRT,"84,630",
6892,6892,17/1/2025,ARL,"79,219",
6893,6893,17/1/2025,Red Line,"41,239",
6894,6894,17/1/2025,MRT Blue Line,"527,728",
6895,6895,17/1/2025,MRT Purple Line,"83,254",
6896,6896,17/1/2025,MRT Yellow Line,"48,951",
6897,6897,17/1/2025,MRT Pink Line,"69,903",
6898,6898,17/1/2025,BTS Green Line,"862,116",
6899,6899,17/1/2025,BTS Gold Line,"7,792",
6900,6900,18/1/2025,SRT,"74,477",
6901,6901,18/1/2025,ARL,"57,328",
6902,6902,18/1/2025,Red Line,"27,941",
6903,6903,18/1/2025,MRT Blue Line,"349,339",
6904,6904,18/1/2025,MRT Purple Line,"48,319",
6905,6905,18/1/2025,MRT Yellow Line,"33,757",
6906,6906,18/1/2025,MRT Pink Line,"42,276",
6907,6907,18/1/2025,BTS Green Line,"608,574",
6908,6908,18/1/2025,BTS Gold Line,"7,702",
6909,6909,19/1/2025,SRT,"81,838",
6910,6910,19/1/2025,ARL,"53,089",
6911,6911,19/1/2025,Red Line,"25,247",
6912,6912,19/1/2025,MRT Blue Line,"301,129",
6913,6913,19/1/2025,MRT Purple Line,"39,322",
6914,6914,19/1/2025,MRT Yellow Line,"29,156",
6915,6915,19/1/2025,MRT Pink Line,"36,004",
6916,6916,19/1/2025,BTS Green Line,"518,713",
6917,6917,19/1/2025,BTS Gold Line,"6,916",
6918,6918,20/1/2025,SRT,"75,915",
6919,6919,20/1/2025,ARL,"75,577",
6920,6920,20/1/2025,Red Line,"39,641",
6921,6921,20/1/2025,MRT Blue Line,"493,100",
6922,6922,20/1/2025,MRT Purple Line,"79,996",
6923,6923,20/1/2025,MRT Yellow Line,"45,768",
6924,6924,20/1/2025,MRT Pink Line,"65,766",
6925,6925,20/1/2025,BTS Green Line,"803,888",
6926,6926,20/1/2025,BTS Gold Line,"6,974",
6927,6927,21/1/2025,SRT,"68,489",
6928,6928,21/1/2025,ARL,"75,298",
6929,6929,21/1/2025,Red Line,"38,466",
6930,6930,21/1/2025,MRT Blue Line,"507,524",
6931,6931,21/1/2025,MRT Purple Line,"81,595",
6932,6932,21/1/2025,MRT Yellow Line,"45,854",
6933,6933,21/1/2025,MRT Pink Line,"66,272",
6934,6934,21/1/2025,BTS Green Line,"825,404",
6935,6935,21/1/2025,BTS Gold Line,"6,434",
6936,6936,22/1/2025,SRT,"67,435",
6937,6937,22/1/2025,ARL,"75,909",
6938,6938,22/1/2025,Red Line,"39,005",
6939,6939,22/1/2025,MRT Blue Line,"503,881",
6940,6940,22/1/2025,MRT Purple Line,"81,245",
6941,6941,22/1/2025,MRT Yellow Line,"45,994",
6942,6942,22/1/2025,MRT Pink Line,"65,100",
6943,6943,22/1/2025,BTS Green Line,"834,993",
6944,6944,22/1/2025,BTS Gold Line,"7,244",
6945,6945,23/1/2025,SRT,"69,978",
6946,6946,23/1/2025,ARL,"75,790",
6947,6947,23/1/2025,Red Line,"38,450",
6948,6948,23/1/2025,MRT Blue Line,"493,153",
6949,6949,23/1/2025,MRT Purple Line,"78,657",
6950,6950,23/1/2025,MRT Yellow Line,"46,027",
6951,6951,23/1/2025,MRT Pink Line,"64,061",
6952,6952,23/1/2025,BTS Green Line,"816,472",
6953,6953,23/1/2025,BTS Gold Line,"7,117",
6954,6954,24/1/2025,SRT,"82,473",
6955,6955,24/1/2025,ARL,"79,286",
6956,6956,24/1/2025,Red Line,"41,402",
6957,6957,24/1/2025,MRT Blue Line,"505,813",
6958,6958,24/1/2025,MRT Purple Line,"80,225",
6959,6959,24/1/2025,MRT Yellow Line,"47,386",
6960,6960,24/1/2025,MRT Pink Line,"68,812",
6961,6961,24/1/2025,BTS Green Line,"841,621",
6962,6962,24/1/2025,BTS Gold Line,"9,754",
6963,6963,25/1/2025,SRT,"75,303",
6964,6964,25/1/2025,ARL,"68,903",
6965,6965,25/1/2025,Red Line,"35,705",
6966,6966,25/1/2025,MRT Blue Line,"451,251",
6967,6967,25/1/2025,MRT Purple Line,"59,160",
6968,6968,25/1/2025,MRT Yellow Line,"63,796",
6969,6969,25/1/2025,MRT Pink Line,"79,062",
6970,6970,25/1/2025,BTS Green Line,"857,878",
6971,6971,25/1/2025,BTS Gold Line,"18,691",
6972,6972,26/1/2025,SRT,"80,964",
6973,6973,26/1/2025,ARL,"69,199",
6974,6974,26/1/2025,Red Line,"43,083",
6975,6975,26/1/2025,MRT Blue Line,"417,740",
6976,6976,26/1/2025,MRT Purple Line,"55,164",
6977,6977,26/1/2025,MRT Yellow Line,"64,662",
6978,6978,26/1/2025,MRT Pink Line,"77,713",
6979,6979,26/1/2025,BTS Green Line,"805,591",
6980,6980,26/1/2025,BTS Gold Line,"16,470",
6981,6981,27/1/2025,SRT,"73,754",
6982,6982,27/1/2025,ARL,"90,310",
6983,6983,27/1/2025,Red Line,"46,126",
6984,6984,27/1/2025,MRT Blue Line,"606,641",
6985,6985,27/1/2025,MRT Purple Line,"94,744",
6986,6986,27/1/2025,MRT Yellow Line,"78,010",
6987,6987,27/1/2025,MRT Pink Line,"107,080",
6988,6988,27/1/2025,BTS Green Line,"1,059,221",
6989,6989,27/1/2025,BTS Gold Line,"16,459",
6990,6990,28/1/2025,SRT,"67,605",
6991,6991,28/1/2025,ARL,"91,563",
6992,6992,28/1/2025,Red Line,"46,311",
6993,6993,28/1/2025,MRT Blue Line,"628,466",
6994,6994,28/1/2025,MRT Purple Line,"96,824",
6995,6995,28/1/2025,MRT Yellow Line,"80,914",
6996,6996,28/1/2025,MRT Pink Line,"110,272",
6997,6997,28/1/2025,BTS Green Line,"1,090,492",
6998,6998,28/1/2025,BTS Gold Line,"17,566",
6999,6999,29/1/2025,SRT,"74,252",
7000,7000,29/1/2025,ARL,"93,669",
7001,7001,29/1/2025,Red Line,"48,505",
7002,7002,29/1/2025,MRT Blue Line,"696,352",
7003,7003,29/1/2025,MRT Purple Line,"100,210",
7004,7004,29/1/2025,MRT Yellow Line,"85,525",
7005,7005,29/1/2025,MRT Pink Line,"114,987",
7006,7006,29/1/2025,BTS Green Line,"1,146,883",
7007,7007,29/1/2025,BTS Gold Line,"22,481",
7008,7008,30/1/2025,SRT,"75,525",
7009,7009,30/1/2025,ARL,"97,204",
7010,7010,30/1/2025,Red Line,"49,502",
7011,7011,30/1/2025,MRT Blue Line,"699,053",
7012,7012,30/1/2025,MRT Purple Line,"103,533",
7013,7013,30/1/2025,MRT Yellow Line,"87,045",
7014,7014,30/1/2025,MRT Pink Line,"116,341",
7015,7015,30/1/2025,BTS Green Line,"1,160,024",
7016,7016,30/1/2025,BTS Gold Line,"18,832",
7017,7017,31/1/2025,SRT,"97,421",
7018,7018,31/1/2025,ARL,"101,641",
7019,7019,31/1/2025,Red Line,"61,216",
7020,7020,31/1/2025,MRT Blue Line,"712,781",
7021,7021,31/1/2025,MRT Purple Line,"110,632",
7022,7022,31/1/2025,MRT Yellow Line,"96,432",
7023,7023,31/1/2025,MRT Pink Line,"131,854",
7024,7024,31/1/2025,BTS Green Line,"1,188,459",
7025,7025,31/1/2025,BTS Gold Line,"17,984",
7026,7026,1/2/2025,SRT,"86,884",
7027,7027,1/2/2025,ARL,"61,667",
7028,7028,1/2/2025,Red Line,"32,297",
7029,7029,1/2/2025,MRT Blue Line,"395,441",
7030,7030,1/2/2025,MRT Purple Line,"51,967",
7031,7031,1/2/2025,MRT Yellow Line,"39,664",
7032,7032,1/2/2025,MRT Pink Line,"48,676",
7033,7033,1/2/2025,BTS Green Line,"675,531",
7034,7034,1/2/2025,BTS Gold Line,"10,996",
7035,7035,2/2/2025,SRT,"96,722",
7036,7036,2/2/2025,ARL,"56,090",
7037,7037,2/2/2025,Red Line,"32,450",
7038,7038,2/2/2025,MRT Blue Line,"344,242",
7039,7039,2/2/2025,MRT Purple Line,"43,145",
7040,7040,2/2/2025,MRT Yellow Line,"34,779",
7041,7041,2/2/2025,MRT Pink Line,"43,686",
7042,7042,2/2/2025,BTS Green Line,"605,282",
7043,7043,2/2/2025,BTS Gold Line,"8,814",
7044,7044,3/2/2025,SRT,"82,579",
7045,7045,3/2/2025,ARL,"80,170",
7046,7046,3/2/2025,Red Line,"44,647",
7047,7047,3/2/2025,MRT Blue Line,"526,708",
7048,7048,3/2/2025,MRT Purple Line,"84,176",
7049,7049,3/2/2025,MRT Yellow Line,"50,639",
7050,7050,3/2/2025,MRT Pink Line,"73,170",
7051,7051,3/2/2025,BTS Green Line,"875,142",
7052,7052,3/2/2025,BTS Gold Line,"8,525",
7053,7053,4/2/2025,SRT,"71,813",
7054,7054,4/2/2025,ARL,"80,684",
7055,7055,4/2/2025,Red Line,"43,645",
7056,7056,4/2/2025,MRT Blue Line,"534,981",
7057,7057,4/2/2025,MRT Purple Line,"84,138",
7058,7058,4/2/2025,MRT Yellow Line,"51,128",
7059,7059,4/2/2025,MRT Pink Line,"71,739",
7060,7060,4/2/2025,BTS Green Line,"899,520",
7061,7061,4/2/2025,BTS Gold Line,"7,853",
7062,7062,5/2/2025,SRT,"71,614",
7063,7063,5/2/2025,ARL,"81,099",
7064,7064,5/2/2025,Red Line,"44,861",
7065,7065,5/2/2025,MRT Blue Line,"544,384",
7066,7066,5/2/2025,MRT Purple Line,"85,622",
7067,7067,5/2/2025,MRT Yellow Line,"51,791",
7068,7068,5/2/2025,MRT Pink Line,"72,286",
7069,7069,5/2/2025,BTS Green Line,"910,531",
7070,7070,5/2/2025,BTS Gold Line,"7,543",
7071,7071,6/2/2025,SRT,"74,937",
7072,7072,6/2/2025,ARL,"82,011",
7073,7073,6/2/2025,Red Line,"43,836",
7074,7074,6/2/2025,MRT Blue Line,"531,459",
7075,7075,6/2/2025,MRT Purple Line,"84,129",
7076,7076,6/2/2025,MRT Yellow Line,"52,137",
7077,7077,6/2/2025,MRT Pink Line,"70,924",
7078,7078,6/2/2025,BTS Green Line,"890,754",
7079,7079,6/2/2025,BTS Gold Line,"7,627",
7080,7080,7/2/2025,SRT,"89,072",
7081,7081,7/2/2025,ARL,"84,495",
7082,7082,7/2/2025,Red Line,"52,003",
7083,7083,7/2/2025,MRT Blue Line,"549,926",
7084,7084,7/2/2025,MRT Purple Line,"87,204",
7085,7085,7/2/2025,MRT Yellow Line,"54,601",
7086,7086,7/2/2025,MRT Pink Line,"80,718",
7087,7087,7/2/2025,BTS Green Line,"949,815",
7088,7088,7/2/2025,BTS Gold Line,"7,902",
7089,7089,8/2/2025,SRT,"80,408",
7090,7090,8/2/2025,ARL,"63,772",
7091,7091,8/2/2025,Red Line,"37,972",
7092,7092,8/2/2025,MRT Blue Line,"375,775",
7093,7093,8/2/2025,MRT Purple Line,"51,637",
7094,7094,8/2/2025,MRT Yellow Line,"38,300",
7095,7095,8/2/2025,MRT Pink Line,"54,770",
7096,7096,8/2/2025,BTS Green Line,"727,743",
7097,7097,8/2/2025,BTS Gold Line,"7,948",
7098,7098,9/2/2025,SRT,"84,286",
7099,7099,9/2/2025,ARL,"55,738",
7100,7100,9/2/2025,Red Line,"26,658",
7101,7101,9/2/2025,MRT Blue Line,"309,343",
7102,7102,9/2/2025,MRT Purple Line,"41,024",
7103,7103,9/2/2025,MRT Yellow Line,"31,996",
7104,7104,9/2/2025,MRT Pink Line,"40,674",
7105,7105,9/2/2025,BTS Green Line,"541,711",
7106,7106,9/2/2025,BTS Gold Line,"6,824",
7107,7107,10/2/2025,SRT,"81,215",
7108,7108,10/2/2025,ARL,"78,460",
7109,7109,10/2/2025,Red Line,"40,875",
7110,7110,10/2/2025,MRT Blue Line,"505,611",
7111,7111,10/2/2025,MRT Purple Line,"82,530",
7112,7112,10/2/2025,MRT Yellow Line,"49,298",
7113,7113,10/2/2025,MRT Pink Line,"68,273",
7114,7114,10/2/2025,BTS Green Line,"823,228",
7115,7115,10/2/2025,BTS Gold Line,"6,891",
7116,7116,11/2/2025,SRT,"77,064",
7117,7117,11/2/2025,ARL,"80,797",
7118,7118,11/2/2025,Red Line,"41,836",
7119,7119,11/2/2025,MRT Blue Line,"530,582",
7120,7120,11/2/2025,MRT Purple Line,"86,001",
7121,7121,11/2/2025,MRT Yellow Line,"51,121",
7122,7122,11/2/2025,MRT Pink Line,"70,983",
7123,7123,11/2/2025,BTS Green Line,"871,318",
7124,7124,11/2/2025,BTS Gold Line,"6,820",
7125,7125,12/2/2025,SRT,"69,885",
7126,7126,12/2/2025,ARL,"54,885",
7127,7127,12/2/2025,Red Line,"24,219",
7128,7128,12/2/2025,MRT Blue Line,"325,805",
7129,7129,12/2/2025,MRT Purple Line,"39,636",
7130,7130,12/2/2025,MRT Yellow Line,"31,042",
7131,7131,12/2/2025,MRT Pink Line,"38,626",
7132,7132,12/2/2025,BTS Green Line,"516,969",
7133,7133,12/2/2025,BTS Gold Line,"6,688",
7134,7134,13/2/2025,SRT,"75,900",
7135,7135,13/2/2025,ARL,"81,974",
7136,7136,13/2/2025,Red Line,"40,606",
7137,7137,13/2/2025,MRT Blue Line,"531,308",
7138,7138,13/2/2025,MRT Purple Line,"84,319",
7139,7139,13/2/2025,MRT Yellow Line,"51,064",
7140,7140,13/2/2025,MRT Pink Line,"68,110",
7141,7141,13/2/2025,BTS Green Line,"847,298",
7142,7142,13/2/2025,BTS Gold Line,"6,998",
7143,7143,14/2/2025,SRT,"88,953",
7144,7144,14/2/2025,ARL,"89,824",
7145,7145,14/2/2025,Red Line,"47,098",
7146,7146,14/2/2025,MRT Blue Line,"576,375",
7147,7147,14/2/2025,MRT Purple Line,"88,251",
7148,7148,14/2/2025,MRT Yellow Line,"57,127",
7149,7149,14/2/2025,MRT Pink Line,"78,652",
7150,7150,14/2/2025,BTS Green Line,"962,333",
7151,7151,14/2/2025,BTS Gold Line,"10,122",
7152,7152,15/2/2025,SRT,"76,848",
7153,7153,15/2/2025,ARL,"66,873",
7154,7154,15/2/2025,Red Line,"28,146",
7155,7155,15/2/2025,MRT Blue Line,"349,827",
7156,7156,15/2/2025,MRT Purple Line,"47,892",
7157,7157,15/2/2025,MRT Yellow Line,"39,069",
7158,7158,15/2/2025,MRT Pink Line,"44,092",
7159,7159,15/2/2025,BTS Green Line,"618,733",
7160,7160,15/2/2025,BTS Gold Line,"8,244",
7161,7161,16/2/2025,SRT,"82,460",
7162,7162,16/2/2025,ARL,"63,939",
7163,7163,16/2/2025,Red Line,"25,814",
7164,7164,16/2/2025,MRT Blue Line,"292,605",
7165,7165,16/2/2025,MRT Purple Line,"41,937",
7166,7166,16/2/2025,MRT Yellow Line,"33,698",
7167,7167,16/2/2025,MRT Pink Line,"36,827",
7168,7168,16/2/2025,BTS Green Line,"515,518",
7169,7169,16/2/2025,BTS Gold Line,"5,753",
7170,7170,17/2/2025,SRT,"76,748",
7171,7171,17/2/2025,ARL,"79,838",
7172,7172,17/2/2025,Red Line,"40,312",
7173,7173,17/2/2025,MRT Blue Line,"494,629",
7174,7174,17/2/2025,MRT Purple Line,"81,538",
7175,7175,17/2/2025,MRT Yellow Line,"47,781",
7176,7176,17/2/2025,MRT Pink Line,"66,313",
7177,7177,17/2/2025,BTS Green Line,"813,934",
7178,7178,17/2/2025,BTS Gold Line,"6,762",
7179,7179,18/2/2025,SRT,"70,164",
7180,7180,18/2/2025,ARL,"77,081",
7181,7181,18/2/2025,Red Line,"39,743",
7182,7182,18/2/2025,MRT Blue Line,"500,239",
7183,7183,18/2/2025,MRT Purple Line,"82,651",
7184,7184,18/2/2025,MRT Yellow Line,"47,892",
7185,7185,18/2/2025,MRT Pink Line,"66,097",
7186,7186,18/2/2025,BTS Green Line,"834,152",
7187,7187,18/2/2025,BTS Gold Line,"6,454",
7188,7188,19/2/2025,SRT,"69,831",
7189,7189,19/2/2025,ARL,"76,838",
7190,7190,19/2/2025,Red Line,"38,801",
7191,7191,19/2/2025,MRT Blue Line,"485,447",
7192,7192,19/2/2025,MRT Purple Line,"82,678",
7193,7193,19/2/2025,MRT Yellow Line,"47,851",
7194,7194,19/2/2025,MRT Pink Line,"65,136",
7195,7195,19/2/2025,BTS Green Line,"831,496",
7196,7196,19/2/2025,BTS Gold Line,"6,244",
7197,7197,20/2/2025,SRT,"71,830",
7198,7198,20/2/2025,ARL,"76,999",
7199,7199,20/2/2025,Red Line,"39,149",
7200,7200,20/2/2025,MRT Blue Line,"502,346",
7201,7201,20/2/2025,MRT Purple Line,"82,106",
7202,7202,20/2/2025,MRT Yellow Line,"48,442",
7203,7203,20/2/2025,MRT Pink Line,"66,467",
7204,7204,20/2/2025,BTS Green Line,"832,227",
7205,7205,20/2/2025,BTS Gold Line,"6,399",
7206,7206,21/2/2025,SRT,"83,439",
7207,7207,21/2/2025,ARL,"82,706",
7208,7208,21/2/2025,Red Line,"43,217",
7209,7209,21/2/2025,MRT Blue Line,"512,949",
7210,7210,21/2/2025,MRT Purple Line,"84,057",
7211,7211,21/2/2025,MRT Yellow Line,"50,493",
7212,7212,21/2/2025,MRT Pink Line,"72,953",
7213,7213,21/2/2025,BTS Green Line,"857,680",
7214,7214,21/2/2025,BTS Gold Line,"7,338",
7215,7215,22/2/2025,SRT,"74,023",
7216,7216,22/2/2025,ARL,"65,768",
7217,7217,22/2/2025,Red Line,"28,215",
7218,7218,22/2/2025,MRT Blue Line,"338,668",
7219,7219,22/2/2025,MRT Purple Line,"48,437",
7220,7220,22/2/2025,MRT Yellow Line,"39,615",
7221,7221,22/2/2025,MRT Pink Line,"52,409",
7222,7222,22/2/2025,BTS Green Line,"613,974",
7223,7223,22/2/2025,BTS Gold Line,"7,490",
7224,7224,23/2/2025,SRT,"78,644",
7225,7225,23/2/2025,ARL,"52,871",
7226,7226,23/2/2025,Red Line,"24,680",
7227,7227,23/2/2025,MRT Blue Line,"276,814",
7228,7228,23/2/2025,MRT Purple Line,"38,078",
7229,7229,23/2/2025,MRT Yellow Line,"29,895",
7230,7230,23/2/2025,MRT Pink Line,"39,943",
7231,7231,23/2/2025,BTS Green Line,"516,920",
7232,7232,23/2/2025,BTS Gold Line,"6,109",
7233,7233,24/2/2025,SRT,"71,834",
7234,7234,24/2/2025,ARL,"75,411",
7235,7235,24/2/2025,Red Line,"39,209",
7236,7236,24/2/2025,MRT Blue Line,"481,077",
7237,7237,24/2/2025,MRT Purple Line,"78,913",
7238,7238,24/2/2025,MRT Yellow Line,"45,111",
7239,7239,24/2/2025,MRT Pink Line,"66,282",
7240,7240,24/2/2025,BTS Green Line,"796,224",
7241,7241,24/2/2025,BTS Gold Line,"6,574",
7242,7242,25/2/2025,SRT,"66,685",
7243,7243,25/2/2025,ARL,"76,174",
7244,7244,25/2/2025,Red Line,"38,506",
7245,7245,25/2/2025,MRT Blue Line,"502,320",
7246,7246,25/2/2025,MRT Purple Line,"81,384",
7247,7247,25/2/2025,MRT Yellow Line,"47,099",
7248,7248,25/2/2025,MRT Pink Line,"66,223",
7249,7249,25/2/2025,BTS Green Line,"821,729",
7250,7250,25/2/2025,BTS Gold Line,"6,580",
7251,7251,26/2/2025,SRT,"66,561",
7252,7252,26/2/2025,ARL,"75,422",
7253,7253,26/2/2025,Red Line,"38,698",
7254,7254,26/2/2025,MRT Blue Line,"499,888",
7255,7255,26/2/2025,MRT Purple Line,"82,289",
7256,7256,26/2/2025,MRT Yellow Line,"47,755",
7257,7257,26/2/2025,MRT Pink Line,"67,991",
7258,7258,26/2/2025,BTS Green Line,"817,612",
7259,7259,26/2/2025,BTS Gold Line,"6,043",
7260,7260,27/2/2025,SRT,"69,371",
7261,7261,27/2/2025,ARL,"76,431",
7262,7262,27/2/2025,Red Line,"38,151",
7263,7263,27/2/2025,MRT Blue Line,"492,605",
7264,7264,27/2/2025,MRT Purple Line,"81,089",
7265,7265,27/2/2025,MRT Yellow Line,"47,907",
7266,7266,27/2/2025,MRT Pink Line,"65,599",
7267,7267,27/2/2025,BTS Green Line,"822,562",
7268,7268,27/2/2025,BTS Gold Line,"7,659",
7269,7269,28/2/2025,SRT,"83,589",
7270,7270,28/2/2025,ARL,"81,784",
7271,7271,28/2/2025,Red Line,"43,100",
7272,7272,28/2/2025,MRT Blue Line,"521,701",
7273,7273,28/2/2025,MRT Purple Line,"85,168",
7274,7274,28/2/2025,MRT Yellow Line,"52,884",
7275,7275,28/2/2025,MRT Pink Line,"73,311",
7276,7276,28/2/2025,BTS Green Line,"885,079",
7277,7277,28/2/2025,BTS Gold Line,"7,816",
7278,7278,1/3/2025,SRT,"73,542",
7279,7279,1/3/2025,ARL,"57,428",
7280,7280,1/3/2025,Red Line,"27,745",
7281,7281,1/3/2025,MRT Blue Line,"339,036",
7282,7282,1/3/2025,MRT Purple Line,"50,272",
7283,7283,1/3/2025,MRT Yellow Line,"38,984",
7284,7284,1/3/2025,MRT Pink Line,"45,921",
7285,7285,1/3/2025,BTS Green Line,"604,992",
7286,7286,1/3/2025,BTS Gold Line,"6,806",
7287,7287,2/3/2025,SRT,"77,688",
7288,7288,2/3/2025,ARL,"51,331",
7289,7289,2/3/2025,Red Line,"26,082",
7290,7290,2/3/2025,MRT Blue Line,"287,826",
7291,7291,2/3/2025,MRT Purple Line,"43,160",
7292,7292,2/3/2025,MRT Yellow Line,"33,179",
7293,7293,2/3/2025,MRT Pink Line,"39,065",
7294,7294,2/3/2025,BTS Green Line,"522,423",
7295,7295,2/3/2025,BTS Gold Line,"5,591",
7296,7296,3/3/2025,SRT,"71,635",
7297,7297,3/3/2025,ARL,"73,324",
7298,7298,3/3/2025,Red Line,"39,933",
7299,7299,3/3/2025,MRT Blue Line,"481,999",
7300,7300,3/3/2025,MRT Purple Line,"81,470",
7301,7301,3/3/2025,MRT Yellow Line,"47,684",
7302,7302,3/3/2025,MRT Pink Line,"66,622",
7303,7303,3/3/2025,BTS Green Line,"791,953",
7304,7304,3/3/2025,BTS Gold Line,"5,713",
7305,7305,4/3/2025,SRT,"66,450",
7306,7306,4/3/2025,ARL,"74,273",
7307,7307,4/3/2025,Red Line,"38,229",
7308,7308,4/3/2025,MRT Blue Line,"486,130",
7309,7309,4/3/2025,MRT Purple Line,"82,418",
7310,7310,4/3/2025,MRT Yellow Line,"47,022",
7311,7311,4/3/2025,MRT Pink Line,"66,211",
7312,7312,4/3/2025,BTS Green Line,"806,674",
7313,7313,4/3/2025,BTS Gold Line,"5,532",
7314,7314,5/3/2025,SRT,"65,322",
7315,7315,5/3/2025,ARL,"73,985",
7316,7316,5/3/2025,Red Line,"39,575",
7317,7317,5/3/2025,MRT Blue Line,"487,744",
7318,7318,5/3/2025,MRT Purple Line,"81,715",
7319,7319,5/3/2025,MRT Yellow Line,"47,724",
7320,7320,5/3/2025,MRT Pink Line,"68,577",
7321,7321,5/3/2025,BTS Green Line,"810,064",
7322,7322,5/3/2025,BTS Gold Line,"5,596",
7323,7323,6/3/2025,SRT,"67,179",
7324,7324,6/3/2025,ARL,"73,136",
7325,7325,6/3/2025,Red Line,"38,964",
7326,7326,6/3/2025,MRT Blue Line,"488,375",
7327,7327,6/3/2025,MRT Purple Line,"80,350",
7328,7328,6/3/2025,MRT Yellow Line,"48,113",
7329,7329,6/3/2025,MRT Pink Line,"68,807",
7330,7330,6/3/2025,BTS Green Line,"793,398",
7331,7331,6/3/2025,BTS Gold Line,"5,962",
7332,7332,7/3/2025,SRT,"80,497",
7333,7333,7/3/2025,ARL,"76,865",
7334,7334,7/3/2025,Red Line,"44,328",
7335,7335,7/3/2025,MRT Blue Line,"501,061",
7336,7336,7/3/2025,MRT Purple Line,"80,639",
7337,7337,7/3/2025,MRT Yellow Line,"51,689",
7338,7338,7/3/2025,MRT Pink Line,"73,633",
7339,7339,7/3/2025,BTS Green Line,"838,451",
7340,7340,7/3/2025,BTS Gold Line,"7,870",
7341,7341,8/3/2025,SRT,"71,304",
7342,7342,8/3/2025,ARL,"57,423",
7343,7343,8/3/2025,Red Line,"29,862",
7344,7344,8/3/2025,MRT Blue Line,"342,770",
7345,7345,8/3/2025,MRT Purple Line,"49,032",
7346,7346,8/3/2025,MRT Yellow Line,"37,231",
7347,7347,8/3/2025,MRT Pink Line,"47,115",
7348,7348,8/3/2025,BTS Green Line,"616,070",
7349,7349,8/3/2025,BTS Gold Line,"7,008",
7350,7350,9/3/2025,SRT,"78,923",
7351,7351,9/3/2025,ARL,"49,968",
7352,7352,9/3/2025,Red Line,"27,071",
7353,7353,9/3/2025,MRT Blue Line,"289,184",
7354,7354,9/3/2025,MRT Purple Line,"41,832",
7355,7355,9/3/2025,MRT Yellow Line,"32,354",
7356,7356,9/3/2025,MRT Pink Line,"44,800",
7357,7357,9/3/2025,BTS Green Line,"508,656",
7358,7358,9/3/2025,BTS Gold Line,"6,381",
7359,7359,10/3/2025,SRT,"75,954",
7360,7360,10/3/2025,ARL,"74,185",
7361,7361,10/3/2025,Red Line,"40,189",
7362,7362,10/3/2025,MRT Blue Line,"469,071",
7363,7363,10/3/2025,MRT Purple Line,"79,319",
7364,7364,10/3/2025,MRT Yellow Line,"46,642",
7365,7365,10/3/2025,MRT Pink Line,"67,013",
7366,7366,10/3/2025,BTS Green Line,"782,263",
7367,7367,10/3/2025,BTS Gold Line,"5,968",
7368,7368,11/3/2025,SRT,"68,067",
7369,7369,11/3/2025,ARL,"74,158",
7370,7370,11/3/2025,Red Line,"39,079",
7371,7371,11/3/2025,MRT Blue Line,"482,373",
7372,7372,11/3/2025,MRT Purple Line,"79,809",
7373,7373,11/3/2025,MRT Yellow Line,"46,720",
7374,7374,11/3/2025,MRT Pink Line,"64,803",
7375,7375,11/3/2025,BTS Green Line,"787,329",
7376,7376,11/3/2025,BTS Gold Line,"5,605",
7377,7377,12/3/2025,SRT,"65,766",
7378,7378,12/3/2025,ARL,"73,755",
7379,7379,12/3/2025,Red Line,"38,690",
7380,7380,12/3/2025,MRT Blue Line,"480,629",
7381,7381,12/3/2025,MRT Purple Line,"79,243",
7382,7382,12/3/2025,MRT Yellow Line,"47,400",
7383,7383,12/3/2025,MRT Pink Line,"66,967",
7384,7384,12/3/2025,BTS Green Line,"790,938",
7385,7385,12/3/2025,BTS Gold Line,"5,441",
7386,7386,13/3/2025,SRT,"65,161",
7387,7387,13/3/2025,ARL,"73,858",
7388,7388,13/3/2025,Red Line,"38,269",
7389,7389,13/3/2025,MRT Blue Line,"478,062",
7390,7390,13/3/2025,MRT Purple Line,"77,770",
7391,7391,13/3/2025,MRT Yellow Line,"47,272",
7392,7392,13/3/2025,MRT Pink Line,"65,544",
7393,7393,13/3/2025,BTS Green Line,"787,528",
7394,7394,13/3/2025,BTS Gold Line,"5,832",
7395,7395,14/3/2025,SRT,"77,661",
7396,7396,14/3/2025,ARL,"77,189",
7397,7397,14/3/2025,Red Line,"42,569",
7398,7398,14/3/2025,MRT Blue Line,"488,907",
7399,7399,14/3/2025,MRT Purple Line,"79,191",
7400,7400,14/3/2025,MRT Yellow Line,"49,398",
7401,7401,14/3/2025,MRT Pink Line,"76,433",
7402,7402,14/3/2025,BTS Green Line,"827,780",
7403,7403,14/3/2025,BTS Gold Line,"6,600",
7404,7404,15/3/2025,SRT,"71,051",
7405,7405,15/3/2025,ARL,"56,502",
7406,7406,15/3/2025,Red Line,"27,487",
7407,7407,15/3/2025,MRT Blue Line,"324,090",
7408,7408,15/3/2025,MRT Purple Line,"45,644",
7409,7409,15/3/2025,MRT Yellow Line,"37,072",
7410,7410,15/3/2025,MRT Pink Line,"45,536",
7411,7411,15/3/2025,BTS Green Line,"578,965",
7412,7412,15/3/2025,BTS Gold Line,"6,542",
7413,7413,16/3/2025,SRT,"75,254",
7414,7414,16/3/2025,ARL,"49,530",
7415,7415,16/3/2025,Red Line,"26,018",
7416,7416,16/3/2025,MRT Blue Line,"274,790",
7417,7417,16/3/2025,MRT Purple Line,"38,783",
7418,7418,16/3/2025,MRT Yellow Line,"31,494",
7419,7419,16/3/2025,MRT Pink Line,"38,581",
7420,7420,16/3/2025,BTS Green Line,"495,379",
7421,7421,16/3/2025,BTS Gold Line,"6,739",
7422,7422,17/3/2025,SRT,"72,207",
7423,7423,17/3/2025,ARL,"72,091",
7424,7424,17/3/2025,Red Line,"38,953",
7425,7425,17/3/2025,MRT Blue Line,"460,543",
7426,7426,17/3/2025,MRT Purple Line,"76,381",
7427,7427,17/3/2025,MRT Yellow Line,"46,354",
7428,7428,17/3/2025,MRT Pink Line,"62,628",
7429,7429,17/3/2025,BTS Green Line,"769,706",
7430,7430,17/3/2025,BTS Gold Line,"5,150",
7431,7431,18/3/2025,SRT,"67,392",
7432,7432,18/3/2025,ARL,"72,897",
7433,7433,18/3/2025,Red Line,"38,115",
7434,7434,18/3/2025,MRT Blue Line,"478,846",
7435,7435,18/3/2025,MRT Purple Line,"78,285",
7436,7436,18/3/2025,MRT Yellow Line,"46,757",
7437,7437,18/3/2025,MRT Pink Line,"58,383",
7438,7438,18/3/2025,BTS Green Line,"790,449",
7439,7439,18/3/2025,BTS Gold Line,"6,495",
7440,7440,19/3/2025,SRT,"65,934",
7441,7441,19/3/2025,ARL,"72,214",
7442,7442,19/3/2025,Red Line,"38,179",
7443,7443,19/3/2025,MRT Blue Line,"481,595",
7444,7444,19/3/2025,MRT Purple Line,"78,545",
7445,7445,19/3/2025,MRT Yellow Line,"47,402",
7446,7446,19/3/2025,MRT Pink Line,"60,569",
7447,7447,19/3/2025,BTS Green Line,"773,627",
7448,7448,19/3/2025,BTS Gold Line,"5,637",
7449,7449,20/3/2025,SRT,"69,453",
7450,7450,20/3/2025,ARL,"74,477",
7451,7451,20/3/2025,Red Line,"38,767",
7452,7452,20/3/2025,MRT Blue Line,"476,812",
7453,7453,20/3/2025,MRT Purple Line,"78,011",
7454,7454,20/3/2025,MRT Yellow Line,"47,683",
7455,7455,20/3/2025,MRT Pink Line,"61,356",
7456,7456,20/3/2025,BTS Green Line,"785,604",
7457,7457,20/3/2025,BTS Gold Line,"5,571",
7458,7458,21/3/2025,SRT,"77,129",
7459,7459,21/3/2025,ARL,"76,416",
7460,7460,21/3/2025,Red Line,"41,601",
7461,7461,21/3/2025,MRT Blue Line,"483,172",
7462,7462,21/3/2025,MRT Purple Line,"78,960",
7463,7463,21/3/2025,MRT Yellow Line,"49,738",
7464,7464,21/3/2025,MRT Pink Line,"66,529",
7465,7465,21/3/2025,BTS Green Line,"803,340",
7466,7466,21/3/2025,BTS Gold Line,"6,516",
7467,7467,22/3/2025,SRT,"71,646",
7468,7468,22/3/2025,ARL,"54,012",
7469,7469,22/3/2025,Red Line,"27,117",
7470,7470,22/3/2025,MRT Blue Line,"306,255",
7471,7471,22/3/2025,MRT Purple Line,"47,122",
7472,7472,22/3/2025,MRT Yellow Line,"34,288",
7473,7473,22/3/2025,MRT Pink Line,"43,872",
7474,7474,22/3/2025,BTS Green Line,"558,089",
7475,7475,22/3/2025,BTS Gold Line,"6,013",
7476,7476,23/3/2025,SRT,"76,577",
7477,7477,23/3/2025,ARL,"48,558",
7478,7478,23/3/2025,Red Line,"25,149",
7479,7479,23/3/2025,MRT Blue Line,"254,386",
7480,7480,23/3/2025,MRT Purple Line,"37,487",
7481,7481,23/3/2025,MRT Yellow Line,"32,000",
7482,7482,23/3/2025,MRT Pink Line,"35,627",
7483,7483,23/3/2025,BTS Green Line,"466,890",
7484,7484,23/3/2025,BTS Gold Line,"5,331",
7485,7485,24/3/2025,SRT,"73,244",
7486,7486,24/3/2025,ARL,"70,870",
7487,7487,24/3/2025,Red Line,"38,250",
7488,7488,24/3/2025,MRT Blue Line,"447,852",
7489,7489,24/3/2025,MRT Purple Line,"75,961",
7490,7490,24/3/2025,MRT Yellow Line,"45,664",
7491,7491,24/3/2025,MRT Pink Line,"63,079",
7492,7492,24/3/2025,BTS Green Line,"749,778",
7493,7493,24/3/2025,BTS Gold Line,"5,489",
7494,7494,25/3/2025,SRT,"70,166",
7495,7495,25/3/2025,ARL,"74,440",
7496,7496,25/3/2025,Red Line,"38,655",
7497,7497,25/3/2025,MRT Blue Line,"480,755",
7498,7498,25/3/2025,MRT Purple Line,"78,706",
7499,7499,25/3/2025,MRT Yellow Line,"49,432",
7500,7500,25/3/2025,MRT Pink Line,"63,969",
7501,7501,25/3/2025,BTS Green Line,"788,105",
7502,7502,25/3/2025,BTS Gold Line,"5,562",
7503,7503,26/3/2025,SRT,"70,736",
7504,7504,26/3/2025,ARL,"71,057",
7505,7505,26/3/2025,Red Line,"38,917",
7506,7506,26/3/2025,MRT Blue Line,"485,866",
7507,7507,26/3/2025,MRT Purple Line,"78,546",
7508,7508,26/3/2025,MRT Yellow Line,"46,793",
7509,7509,26/3/2025,MRT Pink Line,"64,682",
7510,7510,26/3/2025,BTS Green Line,"790,384",
7511,7511,26/3/2025,BTS Gold Line,"5,704",
7512,7512,27/3/2025,SRT,"71,804",
7513,7513,27/3/2025,ARL,"74,566",
7514,7514,27/3/2025,Red Line,"39,839",
7515,7515,27/3/2025,MRT Blue Line,"502,717",
7516,7516,27/3/2025,MRT Purple Line,"78,906",
7517,7517,27/3/2025,MRT Yellow Line,"47,233",
7518,7518,27/3/2025,MRT Pink Line,"66,062",
7519,7519,27/3/2025,BTS Green Line,"792,537",
7520,7520,27/3/2025,BTS Gold Line,"5,787",
7521,7521,28/3/2025,SRT,"79,922",
7522,7522,28/3/2025,ARL,"33,076",
7523,7523,28/3/2025,Red Line,"19,682",
7524,7524,28/3/2025,MRT Blue Line,"216,371",
7525,7525,28/3/2025,MRT Purple Line,"35,065",
7526,7526,28/3/2025,MRT Yellow Line,"18,363",
7527,7527,28/3/2025,MRT Pink Line,"28,298",
7528,7528,28/3/2025,BTS Green Line,"332,775",
7529,7529,28/3/2025,BTS Gold Line,"1,671",
7530,7530,29/3/2025,SRT,"69,482",
7531,7531,29/3/2025,ARL,"45,322",
7532,7532,29/3/2025,Red Line,"21,548",
7533,7533,29/3/2025,MRT Blue Line,"249,503",
7534,7534,29/3/2025,MRT Purple Line,"31,884",
7535,7535,29/3/2025,MRT Yellow Line, -   ,ปิดให้บริการชั่วคราว เนื่องจากเกิดเหตุแผ่นดินไหว
7536,7536,29/3/2025,MRT Pink Line, -   ,ปิดให้บริการชั่วคราว เนื่องจากเกิดเหตุแผ่นดินไหว
7537,7537,29/3/2025,BTS Green Line,"440,061",
7538,7538,29/3/2025,BTS Gold Line,"5,960",
7539,7539,30/3/2025,SRT,"73,872",
7540,7540,30/3/2025,ARL,"54,650",
7541,7541,30/3/2025,Red Line,"23,907",
7542,7542,30/3/2025,MRT Blue Line,"284,111",
7543,7543,30/3/2025,MRT Purple Line,"34,747",
7544,7544,30/3/2025,MRT Yellow Line,"19,980",
7545,7545,30/3/2025,MRT Pink Line, -   ,ปิดให้บริการชั่วคราว เนื่องจากเกิดเหตุแผ่นดินไหว
7546,7546,30/3/2025,BTS Green Line,"449,167",
7547,7547,30/3/2025,BTS Gold Line,"4,999",
7548,7548,31/3/2025,SRT,"71,640",
7549,7549,31/3/2025,ARL,"70,806",
7550,7550,31/3/2025,Red Line,"35,287",
7551,7551,31/3/2025,MRT Blue Line,"387,405",
7552,7552,31/3/2025,MRT Purple Line,"61,493",
7553,7553,31/3/2025,MRT Yellow Line,"42,632",
7554,7554,31/3/2025,MRT Pink Line,"44,249",
7555,7555,31/3/2025,BTS Green Line,"636,400",
7556,7556,31/3/2025,BTS Gold Line,"5,219",
7557,7557,1/4/2025,SRT,"74,837",
7558,7558,1/4/2025,ARL,"62,189",
7559,7559,1/4/2025,Red Line,"34,819",
7560,7560,1/4/2025,MRT Blue Line,"392,350",
7561,7561,1/4/2025,MRT Purple Line,"63,524",
7562,7562,1/4/2025,MRT Yellow Line,"41,753",
7563,7563,1/4/2025,MRT Pink Line,"51,451",
7564,7564,1/4/2025,BTS Green Line,"636,182",
7565,7565,1/4/2025,BTS Gold Line,"5,025",
7566,7566,2/4/2025,SRT,"74,712",
7567,7567,2/4/2025,ARL,"62,967",
7568,7568,2/4/2025,Red Line,"35,048",
7569,7569,2/4/2025,MRT Blue Line,"409,003",
7570,7570,2/4/2025,MRT Purple Line,"66,094",
7571,7571,2/4/2025,MRT Yellow Line,"42,893",
7572,7572,2/4/2025,MRT Pink Line,"54,964",
7573,7573,2/4/2025,BTS Green Line,"663,988",
7574,7574,2/4/2025,BTS Gold Line,"5,258",
7575,7575,3/4/2025,SRT,"75,947",
7576,7576,3/4/2025,ARL,"65,995",
7577,7577,3/4/2025,Red Line,"35,653",
7578,7578,3/4/2025,MRT Blue Line,"430,412",
7579,7579,3/4/2025,MRT Purple Line,"69,041",
7580,7580,3/4/2025,MRT Yellow Line,"44,329",
7581,7581,3/4/2025,MRT Pink Line,"57,887",
7582,7582,3/4/2025,BTS Green Line,"692,236",
7583,7583,3/4/2025,BTS Gold Line,"5,685",
7584,7584,4/4/2025,SRT,"80,113",
7585,7585,4/4/2025,ARL,"69,541",
7586,7586,4/4/2025,Red Line,"39,046",
7587,7587,4/4/2025,MRT Blue Line,"449,116",
7588,7588,4/4/2025,MRT Purple Line,"71,742",
7589,7589,4/4/2025,MRT Yellow Line,"46,146",
7590,7590,4/4/2025,MRT Pink Line,"61,290",
7591,7591,4/4/2025,BTS Green Line,"730,058",
7592,7592,4/4/2025,BTS Gold Line,"6,654",
7593,7593,5/4/2025,SRT,"76,759",
7594,7594,5/4/2025,ARL,"52,955",
7595,7595,5/4/2025,Red Line,"28,594",
7596,7596,5/4/2025,MRT Blue Line,"345,105",
7597,7597,5/4/2025,MRT Purple Line,"47,014",
7598,7598,5/4/2025,MRT Yellow Line,"35,604",
7599,7599,5/4/2025,MRT Pink Line,"42,293",
7600,7600,5/4/2025,BTS Green Line,"551,216",
7601,7601,5/4/2025,BTS Gold Line,"6,281",
7602,7602,6/4/2025,SRT,"78,151",
7603,7603,6/4/2025,ARL,"47,664",
7604,7604,6/4/2025,Red Line,"26,019",
7605,7605,6/4/2025,MRT Blue Line,"297,303",
7606,7606,6/4/2025,MRT Purple Line,"40,075",
7607,7607,6/4/2025,MRT Yellow Line,"31,519",
7608,7608,6/4/2025,MRT Pink Line,"36,029",
7609,7609,6/4/2025,BTS Green Line,"473,754",
7610,7610,6/4/2025,BTS Gold Line,"6,705",
7611,7611,7/4/2025,SRT,"73,836",
7612,7612,7/4/2025,ARL,"48,316",
7613,7613,7/4/2025,Red Line,"25,157",
7614,7614,7/4/2025,MRT Blue Line,"259,173",
7615,7615,7/4/2025,MRT Purple Line,"38,588",
7616,7616,7/4/2025,MRT Yellow Line,"28,757",
7617,7617,7/4/2025,MRT Pink Line,"33,606",
7618,7618,7/4/2025,BTS Green Line,"432,619",
7619,7619,7/4/2025,BTS Gold Line,"4,591",
7620,7620,8/4/2025,SRT,"77,997",
7621,7621,8/4/2025,ARL,"68,633",
7622,7622,8/4/2025,Red Line,"37,720",
7623,7623,8/4/2025,MRT Blue Line,"461,789",
7624,7624,8/4/2025,MRT Purple Line,"75,001",
7625,7625,8/4/2025,MRT Yellow Line,"44,687",
7626,7626,8/4/2025,MRT Pink Line,"59,739",
7627,7627,8/4/2025,BTS Green Line,"715,584",
7628,7628,8/4/2025,BTS Gold Line,"4,933",
7629,7629,9/4/2025,SRT,"75,933",
7630,7630,9/4/2025,ARL,"68,228",
7631,7631,9/4/2025,Red Line,"36,290",
7632,7632,9/4/2025,MRT Blue Line,"433,783",
7633,7633,9/4/2025,MRT Purple Line,"73,436",
7634,7634,9/4/2025,MRT Yellow Line,"44,281",
7635,7635,9/4/2025,MRT Pink Line,"59,117",
7636,7636,9/4/2025,BTS Green Line,"708,329",
7637,7637,9/4/2025,BTS Gold Line,"5,168",
7638,7638,10/4/2025,SRT,"81,718",
7639,7639,10/4/2025,ARL,"69,049",
7640,7640,10/4/2025,Red Line,"36,516",
7641,7641,10/4/2025,MRT Blue Line,"426,133",
7642,7642,10/4/2025,MRT Purple Line,"72,311",
7643,7643,10/4/2025,MRT Yellow Line,"43,180",
7644,7644,10/4/2025,MRT Pink Line,"51,096",
7645,7645,10/4/2025,BTS Green Line,"693,572",
7646,7646,10/4/2025,BTS Gold Line,"8,723",
7647,7647,11/4/2025,SRT,"90,347",
7648,7648,11/4/2025,ARL,"69,257",
7649,7649,11/4/2025,Red Line,"39,474",
7650,7650,11/4/2025,MRT Blue Line,"421,534",
7651,7651,11/4/2025,MRT Purple Line,"69,395",
7652,7652,11/4/2025,MRT Yellow Line,"43,786",
7653,7653,11/4/2025,MRT Pink Line,"56,701",
7654,7654,11/4/2025,BTS Green Line,"692,908",
7655,7655,11/4/2025,BTS Gold Line,"7,077",
7656,7656,12/4/2025,SRT,"91,484",
7657,7657,12/4/2025,ARL,"52,082",
7658,7658,12/4/2025,Red Line,"24,621",
7659,7659,12/4/2025,MRT Blue Line,"271,363",
7660,7660,12/4/2025,MRT Purple Line,"37,530",
7661,7661,12/4/2025,MRT Yellow Line,"30,539",
7662,7662,12/4/2025,MRT Pink Line,"31,734",
7663,7663,12/4/2025,BTS Green Line,"477,149",
7664,7664,12/4/2025,BTS Gold Line,"7,228",
7665,7665,13/4/2025,SRT,"75,852",
7666,7666,13/4/2025,ARL,"51,510",
7667,7667,13/4/2025,Red Line,"23,082",
7668,7668,13/4/2025,MRT Blue Line,"287,042",
7669,7669,13/4/2025,MRT Purple Line,"32,467",
7670,7670,13/4/2025,MRT Yellow Line,"34,057",
7671,7671,13/4/2025,MRT Pink Line,"33,754",
7672,7672,13/4/2025,BTS Green Line,"553,402",
7673,7673,13/4/2025,BTS Gold Line,"10,555",
7674,7674,14/4/2025,SRT,"76,295",
7675,7675,14/4/2025,ARL,"53,602",
7676,7676,14/4/2025,Red Line,"22,941",
7677,7677,14/4/2025,MRT Blue Line,"278,102",
7678,7678,14/4/2025,MRT Purple Line,"31,605",
7679,7679,14/4/2025,MRT Yellow Line,"33,451",
7680,7680,14/4/2025,MRT Pink Line,"32,760",
7681,7681,14/4/2025,BTS Green Line,"548,802",
7682,7682,14/4/2025,BTS Gold Line,"13,090",
7683,7683,15/4/2025,SRT,"77,953",
7684,7684,15/4/2025,ARL,"48,447",
7685,7685,15/4/2025,Red Line,"23,027",
7686,7686,15/4/2025,MRT Blue Line,"239,870",
7687,7687,15/4/2025,MRT Purple Line,"29,802",
7688,7688,15/4/2025,MRT Yellow Line,"30,732",
7689,7689,15/4/2025,MRT Pink Line,"30,444",
7690,7690,15/4/2025,BTS Green Line,"456,060",
7691,7691,15/4/2025,BTS Gold Line,"10,347",
7692,7692,16/4/2025,SRT,"84,517",
7693,7693,16/4/2025,ARL,"50,059",
7694,7694,16/4/2025,Red Line,"25,377",
7695,7695,16/4/2025,MRT Blue Line,"263,017",
7696,7696,16/4/2025,MRT Purple Line,"40,660",
7697,7697,16/4/2025,MRT Yellow Line,"28,083",
7698,7698,16/4/2025,MRT Pink Line,"31,507",
7699,7699,16/4/2025,BTS Green Line,"469,717",
7700,7700,16/4/2025,BTS Gold Line,"8,812",
7701,7701,17/4/2025,SRT,"79,426",
7702,7702,17/4/2025,ARL,"59,434",
7703,7703,17/4/2025,Red Line,"31,848",
7704,7704,17/4/2025,MRT Blue Line,"361,266",
7705,7705,17/4/2025,MRT Purple Line,"61,322",
7706,7706,17/4/2025,MRT Yellow Line,"36,138",
7707,7707,17/4/2025,MRT Pink Line,"48,220",
7708,7708,17/4/2025,BTS Green Line,"600,780",
7709,7709,17/4/2025,BTS Gold Line,"5,117",
7710,7710,18/4/2025,SRT,"77,736",
7711,7711,18/4/2025,ARL,"61,809",
7712,7712,18/4/2025,Red Line,"33,439",
7713,7713,18/4/2025,MRT Blue Line,"383,305",
7714,7714,18/4/2025,MRT Purple Line,"64,220",
7715,7715,18/4/2025,MRT Yellow Line,"38,703",
7716,7716,18/4/2025,MRT Pink Line,"51,651",
7717,7717,18/4/2025,BTS Green Line,"642,825",
7718,7718,18/4/2025,BTS Gold Line,"5,747",
7719,7719,19/4/2025,SRT,"71,938",
7720,7720,19/4/2025,ARL,"47,723",
7721,7721,19/4/2025,Red Line,"23,868",
7722,7722,19/4/2025,MRT Blue Line,"256,316",
7723,7723,19/4/2025,MRT Purple Line,"38,819",
7724,7724,19/4/2025,MRT Yellow Line,"28,799",
7725,7725,19/4/2025,MRT Pink Line,"36,918",
7726,7726,19/4/2025,BTS Green Line,"482,787",
7727,7727,19/4/2025,BTS Gold Line,"5,364",
7728,7728,20/4/2025,SRT,"78,889",
7729,7729,20/4/2025,ARL,"44,755",
7730,7730,20/4/2025,Red Line,"25,500",
7731,7731,20/4/2025,MRT Blue Line,"233,062",
7732,7732,20/4/2025,MRT Purple Line,"35,285",
7733,7733,20/4/2025,MRT Yellow Line,"27,066",
7734,7734,20/4/2025,MRT Pink Line,"34,595",
7735,7735,20/4/2025,BTS Green Line,"441,708",
7736,7736,20/4/2025,BTS Gold Line,"4,710",
7737,7737,21/4/2025,SRT,"75,938",
7738,7738,21/4/2025,ARL,"71,130",
7739,7739,21/4/2025,Red Line,"38,759",
7740,7740,21/4/2025,MRT Blue Line,"437,256",
7741,7741,21/4/2025,MRT Purple Line,"75,073",
7742,7742,21/4/2025,MRT Yellow Line,"43,733",
7743,7743,21/4/2025,MRT Pink Line,"61,938",
7744,7744,21/4/2025,BTS Green Line,"731,478",
7745,7745,21/4/2025,BTS Gold Line,"5,431",
7746,7746,22/4/2025,SRT,"69,950",
7747,7747,22/4/2025,ARL,"70,410",
7748,7748,22/4/2025,Red Line,"37,921",
7749,7749,22/4/2025,MRT Blue Line,"454,875",
7750,7750,22/4/2025,MRT Purple Line,"76,014",
7751,7751,22/4/2025,MRT Yellow Line,"44,389",
7752,7752,22/4/2025,MRT Pink Line,"61,469",
7753,7753,22/4/2025,BTS Green Line,"747,956",
7754,7754,22/4/2025,BTS Gold Line,"5,308",
7755,7755,23/4/2025,SRT,"69,085",
7756,7756,23/4/2025,ARL,"69,694",
7757,7757,23/4/2025,Red Line,"37,408",
7758,7758,23/4/2025,MRT Blue Line,"461,268",
7759,7759,23/4/2025,MRT Purple Line,"77,436",
7760,7760,23/4/2025,MRT Yellow Line,"45,329",
7761,7761,23/4/2025,MRT Pink Line,"61,936",
7762,7762,23/4/2025,BTS Green Line,"754,661",
7763,7763,23/4/2025,BTS Gold Line,"5,399",
7764,7764,24/4/2025,SRT,"68,894",
7765,7765,24/4/2025,ARL,"69,086",
7766,7766,24/4/2025,Red Line,"36,712",
7767,7767,24/4/2025,MRT Blue Line,"455,654",
7768,7768,24/4/2025,MRT Purple Line,"75,632",
7769,7769,24/4/2025,MRT Yellow Line,"45,429",
7770,7770,24/4/2025,MRT Pink Line,"61,893",
7771,7771,24/4/2025,BTS Green Line,"745,954",
7772,7772,24/4/2025,BTS Gold Line,"5,516",
7773,7773,25/4/2025,SRT,"75,898",
7774,7774,25/4/2025,ARL,"72,742",
7775,7775,25/4/2025,Red Line,"41,218",
7776,7776,25/4/2025,MRT Blue Line,"474,927",
7777,7777,25/4/2025,MRT Purple Line,"78,123",
7778,7778,25/4/2025,MRT Yellow Line,"47,788",
7779,7779,25/4/2025,MRT Pink Line,"67,303",
7780,7780,25/4/2025,BTS Green Line,"794,903",
7781,7781,25/4/2025,BTS Gold Line,"8,048",
7782,7782,26/4/2025,SRT,"72,110",
7783,7783,26/4/2025,ARL,"52,899",
7784,7784,26/4/2025,Red Line,"27,918",
7785,7785,26/4/2025,MRT Blue Line,"302,572",
7786,7786,26/4/2025,MRT Purple Line,"45,952",
7787,7787,26/4/2025,MRT Yellow Line,"35,859",
7788,7788,26/4/2025,MRT Pink Line,"42,075",
7789,7789,26/4/2025,BTS Green Line,"559,987",
7790,7790,26/4/2025,BTS Gold Line,"8,388",
7791,7791,27/4/2025,SRT,"74,420",
7792,7792,27/4/2025,ARL,"47,749",
7793,7793,27/4/2025,Red Line,"24,999",
7794,7794,27/4/2025,MRT Blue Line,"250,879",
7795,7795,27/4/2025,MRT Purple Line,"37,088",
7796,7796,27/4/2025,MRT Yellow Line,"31,017",
7797,7797,27/4/2025,MRT Pink Line,"34,926",
7798,7798,27/4/2025,BTS Green Line,"470,026",
7799,7799,27/4/2025,BTS Gold Line,"5,896",
7800,7800,28/4/2025,SRT,"73,216",
7801,7801,28/4/2025,ARL,"71,669",
7802,7802,28/4/2025,Red Line,"38,042",
7803,7803,28/4/2025,MRT Blue Line,"450,505",
7804,7804,28/4/2025,MRT Purple Line,"75,331",
7805,7805,28/4/2025,MRT Yellow Line,"45,433",
7806,7806,28/4/2025,MRT Pink Line,"64,073",
7807,7807,28/4/2025,BTS Green Line,"747,636",
7808,7808,28/4/2025,BTS Gold Line,"6,080",
7809,7809,29/4/2025,SRT,"70,169",
7810,7810,29/4/2025,ARL,"74,723",
7811,7811,29/4/2025,Red Line,"38,574",
7812,7812,29/4/2025,MRT Blue Line,"466,173",
7813,7813,29/4/2025,MRT Purple Line,"78,160",
7814,7814,29/4/2025,MRT Yellow Line,"45,607",
7815,7815,29/4/2025,MRT Pink Line,"66,272",
7816,7816,29/4/2025,BTS Green Line,"768,334",
7817,7817,29/4/2025,BTS Gold Line,"6,068",
7818,7818,30/4/2025,SRT,"75,312",
7819,7819,30/4/2025,ARL,"76,974",
7820,7820,30/4/2025,Red Line,"40,573",
7821,7821,30/4/2025,MRT Blue Line,"485,335",
7822,7822,30/4/2025,MRT Purple Line,"79,687",
7823,7823,30/4/2025,MRT Yellow Line,"49,986",
7824,7824,30/4/2025,MRT Pink Line,"70,094",
7825,7825,30/4/2025,BTS Green Line,"826,748",
7826,7826,30/4/2025,BTS Gold Line,"6,906",
7827,7827,1/5/2025,SRT,"81,596",
7828,7828,1/5/2025,ARL,"56,572",
7829,7829,1/5/2025,Red Line,"29,427",
7830,7830,1/5/2025,MRT Blue Line,"313,400",
7831,7831,1/5/2025,MRT Purple Line,"47,487",
7832,7832,1/5/2025,MRT Yellow Line,"35,205",
7833,7833,1/5/2025,MRT Pink Line,"48,293",
7834,7834,1/5/2025,BTS Green Line,"562,232",
7835,7835,1/5/2025,BTS Gold Line,"8,589",
7836,7836,2/5/2025,SRT,"78,963",
7837,7837,2/5/2025,ARL,"79,574",
7838,7838,2/5/2025,Red Line,"39,474",
7839,7839,2/5/2025,MRT Blue Line,"467,695",
7840,7840,2/5/2025,MRT Purple Line,"73,102",
7841,7841,2/5/2025,MRT Yellow Line,"53,089",
7842,7842,2/5/2025,MRT Pink Line,"65,055",
7843,7843,2/5/2025,BTS Green Line,"766,534",
7844,7844,2/5/2025,BTS Gold Line,"8,366",
7845,7845,3/5/2025,SRT,"74,548",
7846,7846,3/5/2025,ARL,"61,289",
7847,7847,3/5/2025,Red Line,"26,990",
7848,7848,3/5/2025,MRT Blue Line,"309,859",
7849,7849,3/5/2025,MRT Purple Line,"45,161",
7850,7850,3/5/2025,MRT Yellow Line,"41,138",
7851,7851,3/5/2025,MRT Pink Line,"43,078",
7852,7852,3/5/2025,BTS Green Line,"556,256",
7853,7853,3/5/2025,BTS Gold Line,"8,987",
7854,7854,4/5/2025,SRT,"78,628",
7855,7855,4/5/2025,ARL,"51,435",
7856,7856,4/5/2025,Red Line,"24,248",
7857,7857,4/5/2025,MRT Blue Line,"269,010",
7858,7858,4/5/2025,MRT Purple Line,"36,996",
7859,7859,4/5/2025,MRT Yellow Line,"27,471",
7860,7860,4/5/2025,MRT Pink Line,"38,108",
7861,7861,4/5/2025,BTS Green Line,"480,264",
7862,7862,4/5/2025,BTS Gold Line,"7,547",
7863,7863,5/5/2025,SRT,"74,765",
7864,7864,5/5/2025,ARL,"50,584",
7865,7865,5/5/2025,Red Line,"24,675",
7866,7866,5/5/2025,MRT Blue Line,"243,773",
7867,7867,5/5/2025,MRT Purple Line,"38,027",
7868,7868,5/5/2025,MRT Yellow Line,"31,035",
7869,7869,5/5/2025,MRT Pink Line,"35,955",
7870,7870,5/5/2025,BTS Green Line,"451,850",
7871,7871,5/5/2025,BTS Gold Line,"6,055",
7872,7872,6/5/2025,SRT,"75,188",
7873,7873,6/5/2025,ARL,"71,233",
7874,7874,6/5/2025,Red Line,"38,518",
7875,7875,6/5/2025,MRT Blue Line,"450,514",
7876,7876,6/5/2025,MRT Purple Line,"77,099",
7877,7877,6/5/2025,MRT Yellow Line,"48,645",
7878,7878,6/5/2025,MRT Pink Line,"65,911",
7879,7879,6/5/2025,BTS Green Line,"753,012",
7880,7880,6/5/2025,BTS Gold Line,"5,515",
7881,7881,7/5/2025,SRT,"71,508",
7882,7882,7/5/2025,ARL,"70,183",
7883,7883,7/5/2025,Red Line,"36,926",
7884,7884,7/5/2025,MRT Blue Line,"450,604",
7885,7885,7/5/2025,MRT Purple Line,"76,045",
7886,7886,7/5/2025,MRT Yellow Line,"46,604",
7887,7887,7/5/2025,MRT Pink Line,"62,693",
7888,7888,7/5/2025,BTS Green Line,"740,880",
7889,7889,7/5/2025,BTS Gold Line,"5,379",
7890,7890,8/5/2025,SRT,"75,561",
7891,7891,8/5/2025,ARL,"69,682",
7892,7892,8/5/2025,Red Line,"38,814",
7893,7893,8/5/2025,MRT Blue Line,"442,305",
7894,7894,8/5/2025,MRT Purple Line,"76,287",
7895,7895,8/5/2025,MRT Yellow Line,"46,449",
7896,7896,8/5/2025,MRT Pink Line,"64,076",
7897,7897,8/5/2025,BTS Green Line,"738,699",
7898,7898,8/5/2025,BTS Gold Line,"5,443",
7899,7899,9/5/2025,SRT,"77,458",
7900,7900,9/5/2025,ARL,"65,416",
7901,7901,9/5/2025,Red Line,"32,561",
7902,7902,9/5/2025,MRT Blue Line,"404,744",
7903,7903,9/5/2025,MRT Purple Line,"64,576",
7904,7904,9/5/2025,MRT Yellow Line,"45,461",
7905,7905,9/5/2025,MRT Pink Line,"50,500",
7906,7906,9/5/2025,BTS Green Line,"687,156",
7907,7907,9/5/2025,BTS Gold Line,"5,926",
7908,7908,10/5/2025,SRT,"80,568",
7909,7909,10/5/2025,ARL,"48,245",
7910,7910,10/5/2025,Red Line,"25,575",
7911,7911,10/5/2025,MRT Blue Line,"274,441",
7912,7912,10/5/2025,MRT Purple Line,"42,984",
7913,7913,10/5/2025,MRT Yellow Line,"35,933",
7914,7914,10/5/2025,MRT Pink Line,"45,560",
7915,7915,10/5/2025,BTS Green Line,"496,581",
7916,7916,10/5/2025,BTS Gold Line,"7,085",
7917,7917,11/5/2025,SRT,"84,943",
7918,7918,11/5/2025,ARL,"42,340",
7919,7919,11/5/2025,Red Line,"24,343",
7920,7920,11/5/2025,MRT Blue Line,"237,560",
7921,7921,11/5/2025,MRT Purple Line,"36,679",
7922,7922,11/5/2025,MRT Yellow Line,"28,153",
7923,7923,11/5/2025,MRT Pink Line,"38,873",
7924,7924,11/5/2025,BTS Green Line,"432,210",
7925,7925,11/5/2025,BTS Gold Line,"5,887",
7926,7926,12/5/2025,SRT,"79,724",
7927,7927,12/5/2025,ARL,"43,739",
7928,7928,12/5/2025,Red Line,"22,652",
7929,7929,12/5/2025,MRT Blue Line,"198,521",
7930,7930,12/5/2025,MRT Purple Line,"32,568",
7931,7931,12/5/2025,MRT Yellow Line,"25,795",
7932,7932,12/5/2025,MRT Pink Line,"30,272",
7933,7933,12/5/2025,BTS Green Line,"381,304",
7934,7934,12/5/2025,BTS Gold Line,"4,889",
7935,7935,13/5/2025,SRT,"74,937",
7936,7936,13/5/2025,ARL,"68,218",
7937,7937,13/5/2025,Red Line,"37,409",
7938,7938,13/5/2025,MRT Blue Line,"444,041",
7939,7939,13/5/2025,MRT Purple Line,"78,481",
7940,7940,13/5/2025,MRT Yellow Line,"47,596",
7941,7941,13/5/2025,MRT Pink Line,"65,082",
7942,7942,13/5/2025,BTS Green Line,"727,110",
7943,7943,13/5/2025,BTS Gold Line,"5,290",
7944,7944,14/5/2025,SRT,"68,112",
7945,7945,14/5/2025,ARL,"67,003",
7946,7946,14/5/2025,Red Line,"35,548",
7947,7947,14/5/2025,MRT Blue Line,"432,280",
7948,7948,14/5/2025,MRT Purple Line,"76,502",
7949,7949,14/5/2025,MRT Yellow Line,"45,518",
7950,7950,14/5/2025,MRT Pink Line,"61,790",
7951,7951,14/5/2025,BTS Green Line,"724,139",
7952,7952,14/5/2025,BTS Gold Line,"6,602",
7953,7953,15/5/2025,SRT,"66,075",
7954,7954,15/5/2025,ARL,"67,822",
7955,7955,15/5/2025,Red Line,"35,633",
7956,7956,15/5/2025,MRT Blue Line,"447,497",
7957,7957,15/5/2025,MRT Purple Line,"77,534",
7958,7958,15/5/2025,MRT Yellow Line,"47,820",
7959,7959,15/5/2025,MRT Pink Line,"64,076",
7960,7960,15/5/2025,BTS Green Line,"733,300",
7961,7961,15/5/2025,BTS Gold Line,"5,286",
7962,7962,16/5/2025,SRT,"72,576",
7963,7963,16/5/2025,ARL,"69,780",
7964,7964,16/5/2025,Red Line,"38,569",
7965,7965,16/5/2025,MRT Blue Line,"456,465",
7966,7966,16/5/2025,MRT Purple Line,"79,175",
7967,7967,16/5/2025,MRT Yellow Line,"57,281",
7968,7968,16/5/2025,MRT Pink Line,"68,251",
7969,7969,16/5/2025,BTS Green Line,"787,517",
7970,7970,16/5/2025,BTS Gold Line,"6,231",
7971,7971,17/5/2025,SRT,"63,910",
7972,7972,17/5/2025,ARL,"49,226",
7973,7973,17/5/2025,Red Line,"24,856",
7974,7974,17/5/2025,MRT Blue Line,"292,547",
7975,7975,17/5/2025,MRT Purple Line,"43,195",
7976,7976,17/5/2025,MRT Yellow Line,"34,433",
7977,7977,17/5/2025,MRT Pink Line,"42,892",
7978,7978,17/5/2025,BTS Green Line,"533,787",
7979,7979,17/5/2025,BTS Gold Line,"6,650",
7980,7980,18/5/2025,SRT,"69,706",
7981,7981,18/5/2025,ARL,"44,280",
7982,7982,18/5/2025,Red Line,"22,175",
7983,7983,18/5/2025,MRT Blue Line,"235,221",
7984,7984,18/5/2025,MRT Purple Line,"36,394",
7985,7985,18/5/2025,MRT Yellow Line,"29,044",
7986,7986,18/5/2025,MRT Pink Line,"36,818",
7987,7987,18/5/2025,BTS Green Line,"441,014",
7988,7988,18/5/2025,BTS Gold Line,"5,246",
7989,7989,19/5/2025,SRT,"66,826",
7990,7990,19/5/2025,ARL,"66,188",
7991,7991,19/5/2025,Red Line,"36,367",
7992,7992,19/5/2025,MRT Blue Line,"440,366",
7993,7993,19/5/2025,MRT Purple Line,"77,681",
7994,7994,19/5/2025,MRT Yellow Line,"46,884",
7995,7995,19/5/2025,MRT Pink Line,"65,219",
7996,7996,19/5/2025,BTS Green Line,"721,717",
7997,7997,19/5/2025,BTS Gold Line,"4,874",
7998,7998,20/5/2025,SRT,"63,721",
7999,7999,20/5/2025,ARL,"65,638",
8000,8000,20/5/2025,Red Line,"35,755",
8001,8001,20/5/2025,MRT Blue Line,"447,006",
8002,8002,20/5/2025,MRT Purple Line,"78,730",
8003,8003,20/5/2025,MRT Yellow Line,"48,384",
8004,8004,20/5/2025,MRT Pink Line,"66,067",
8005,8005,20/5/2025,BTS Green Line,"742,317",
8006,8006,20/5/2025,BTS Gold Line,"4,769",
8007,8007,21/5/2025,SRT,"61,155",
8008,8008,21/5/2025,ARL,"64,551",
8009,8009,21/5/2025,Red Line,"34,761",
8010,8010,21/5/2025,MRT Blue Line,"444,128",
8011,8011,21/5/2025,MRT Purple Line,"76,890",
8012,8012,21/5/2025,MRT Yellow Line,"47,608",
8013,8013,21/5/2025,MRT Pink Line,"63,936",
8014,8014,21/5/2025,BTS Green Line,"733,885",
8015,8015,21/5/2025,BTS Gold Line,"4,819",
8016,8016,22/5/2025,SRT,"60,515",
8017,8017,22/5/2025,ARL,"66,092",
8018,8018,22/5/2025,Red Line,"34,765",
8019,8019,22/5/2025,MRT Blue Line,"448,060",
8020,8020,22/5/2025,MRT Purple Line,"77,022",
8021,8021,22/5/2025,MRT Yellow Line,"47,662",
8022,8022,22/5/2025,MRT Pink Line,"66,381",
8023,8023,22/5/2025,BTS Green Line,"740,394",
8024,8024,22/5/2025,BTS Gold Line,"5,253",
8025,8025,23/5/2025,SRT,"70,940",
8026,8026,23/5/2025,ARL,"68,911",
8027,8027,23/5/2025,Red Line,"37,456",
8028,8028,23/5/2025,MRT Blue Line,"455,049",
8029,8029,23/5/2025,MRT Purple Line,"77,459",
8030,8030,23/5/2025,MRT Yellow Line,"49,550",
8031,8031,23/5/2025,MRT Pink Line,"70,065",
8032,8032,23/5/2025,BTS Green Line,"774,779",
8033,8033,23/5/2025,BTS Gold Line,"5,919",
8034,8034,24/5/2025,SRT,"61,996",
8035,8035,24/5/2025,ARL,"48,326",
8036,8036,24/5/2025,Red Line,"24,128",
8037,8037,24/5/2025,MRT Blue Line,"280,328",
8038,8038,24/5/2025,MRT Purple Line,"43,983",
8039,8039,24/5/2025,MRT Yellow Line,"33,274",
8040,8040,24/5/2025,MRT Pink Line,"45,469",
8041,8041,24/5/2025,BTS Green Line,"516,950",
8042,8042,24/5/2025,BTS Gold Line,"6,042",
8043,8043,25/5/2025,SRT,"65,890",
8044,8044,25/5/2025,ARL,"44,628",
8045,8045,25/5/2025,Red Line,"22,880",
8046,8046,25/5/2025,MRT Blue Line,"232,082",
8047,8047,25/5/2025,MRT Purple Line,"35,905",
8048,8048,25/5/2025,MRT Yellow Line,"29,558",
8049,8049,25/5/2025,MRT Pink Line,"38,881",
8050,8050,25/5/2025,BTS Green Line,"457,304",
8051,8051,25/5/2025,BTS Gold Line,"5,090",
8052,8052,26/5/2025,SRT,"64,517",
8053,8053,26/5/2025,ARL,"67,051",
8054,8054,26/5/2025,Red Line,"36,104",
8055,8055,26/5/2025,MRT Blue Line,"433,547",
8056,8056,26/5/2025,MRT Purple Line,"77,904",
8057,8057,26/5/2025,MRT Yellow Line,"48,481",
8058,8058,26/5/2025,MRT Pink Line,"69,081",
8059,8059,26/5/2025,BTS Green Line,"733,506",
8060,8060,26/5/2025,BTS Gold Line,"5,488",
8061,8061,27/5/2025,SRT,"59,784",
8062,8062,27/5/2025,ARL,"68,146",
8063,8063,27/5/2025,Red Line,"35,514",
8064,8064,27/5/2025,MRT Blue Line,"445,934",
8065,8065,27/5/2025,MRT Purple Line,"79,380",
8066,8066,27/5/2025,MRT Yellow Line,"49,224",
8067,8067,27/5/2025,MRT Pink Line,"79,048",
8068,8068,27/5/2025,BTS Green Line,"753,432",
8069,8069,27/5/2025,BTS Gold Line,"5,888",
8070,8070,28/5/2025,SRT,"61,498",
8071,8071,28/5/2025,ARL,"69,943",
8072,8072,28/5/2025,Red Line,"36,544",
8073,8073,28/5/2025,MRT Blue Line,"457,036",
8074,8074,28/5/2025,MRT Purple Line,"81,118",
8075,8075,28/5/2025,MRT Yellow Line,"49,601",
8076,8076,28/5/2025,MRT Pink Line,"84,608",
8077,8077,28/5/2025,BTS Green Line,"788,117",
8078,8078,28/5/2025,BTS Gold Line,"7,796",
8079,8079,29/5/2025,SRT,"62,710",
8080,8080,29/5/2025,ARL,"69,972",
8081,8081,29/5/2025,Red Line,"37,277",
8082,8082,29/5/2025,MRT Blue Line,"452,772",
8083,8083,29/5/2025,MRT Purple Line,"79,147",
8084,8084,29/5/2025,MRT Yellow Line,"48,553",
8085,8085,29/5/2025,MRT Pink Line,"82,092",
8086,8086,29/5/2025,BTS Green Line,"770,484",
8087,8087,29/5/2025,BTS Gold Line,"7,493",
8088,8088,30/5/2025,SRT,"78,832",
8089,8089,30/5/2025,ARL,"76,204",
8090,8090,30/5/2025,Red Line,"42,863",
8091,8091,30/5/2025,MRT Blue Line,"484,233",
8092,8092,30/5/2025,MRT Purple Line,"83,235",
8093,8093,30/5/2025,MRT Yellow Line,"52,550",
8094,8094,30/5/2025,MRT Pink Line,"87,819",
8095,8095,30/5/2025,BTS Green Line,"832,407",
8096,8096,30/5/2025,BTS Gold Line,"8,463",
8097,8097,31/5/2025,SRT,"76,538",
8098,8098,31/5/2025,ARL,"57,827",
8099,8099,31/5/2025,Red Line,"28,777",
8100,8100,31/5/2025,MRT Blue Line,"306,830",
8101,8101,31/5/2025,MRT Purple Line,"49,258",
8102,8102,31/5/2025,MRT Yellow Line,"39,081",
8103,8103,31/5/2025,MRT Pink Line,"68,643",
8104,8104,31/5/2025,BTS Green Line,"597,231",
8105,8105,31/5/2025,BTS Gold Line,"7,876",
8106,8106,1/6/2025,SRT,"76,165",
8107,8107,1/6/2025,ARL,"47,550",
8108,8108,1/6/2025,Red Line,"23,857",
8109,8109,1/6/2025,MRT Blue Line,"258,219",
8110,8110,1/6/2025,MRT Purple Line,"40,008",
8111,8111,1/6/2025,MRT Yellow Line,"34,398",
8112,8112,1/6/2025,MRT Pink Line,"44,748",
8113,8113,1/6/2025,BTS Green Line,"539,051",
8114,8114,1/6/2025,BTS Gold Line,"6,467",
8115,8115,2/6/2025,SRT,"73,162",
8116,8116,2/6/2025,ARL,"54,279",
8117,8117,2/6/2025,Red Line,"26,340",
8118,8118,2/6/2025,MRT Blue Line,"292,799",
8119,8119,2/6/2025,MRT Purple Line,"46,849",
8120,8120,2/6/2025,MRT Yellow Line,"38,170",
8121,8121,2/6/2025,MRT Pink Line,"44,494",
8122,8122,2/6/2025,BTS Green Line,"542,138",
8123,8123,2/6/2025,BTS Gold Line,"6,369",
8124,8124,3/6/2025,SRT,"83,240",
8125,8125,3/6/2025,ARL,"44,399",
8126,8126,3/6/2025,Red Line,"23,696",
8127,8127,3/6/2025,MRT Blue Line,"223,014",
8128,8128,3/6/2025,MRT Purple Line,"34,987",
8129,8129,3/6/2025,MRT Yellow Line,"28,101",
8130,8130,3/6/2025,MRT Pink Line,"34,709",
8131,8131,3/6/2025,BTS Green Line,"414,615",
8132,8132,3/6/2025,BTS Gold Line,"5,440",
8133,8133,4/6/2025,SRT,"73,827",
8134,8134,4/6/2025,ARL,"69,207",
8135,8135,4/6/2025,Red Line,"39,396",
8136,8136,4/6/2025,MRT Blue Line,"468,170",
8137,8137,4/6/2025,MRT Purple Line,"84,598",
8138,8138,4/6/2025,MRT Yellow Line,"50,885",
8139,8139,4/6/2025,MRT Pink Line,"72,905",
8140,8140,4/6/2025,BTS Green Line,"778,773",
8141,8141,4/6/2025,BTS Gold Line,"5,763",
8142,8142,5/6/2025,SRT,"74,315",
8143,8143,5/6/2025,ARL,"67,308",
8144,8144,5/6/2025,Red Line,"38,460",
8145,8145,5/6/2025,MRT Blue Line,"465,264",
8146,8146,5/6/2025,MRT Purple Line,"81,561",
8147,8147,5/6/2025,MRT Yellow Line,"49,871",
8148,8148,5/6/2025,MRT Pink Line,"73,543",
8149,8149,5/6/2025,BTS Green Line,"782,038",
8150,8150,5/6/2025,BTS Gold Line,"6,484",
8151,8151,6/6/2025,SRT,"81,405",
8152,8152,6/6/2025,ARL,"70,690",
8153,8153,6/6/2025,Red Line,"40,005",
8154,8154,6/6/2025,MRT Blue Line,"486,337",
8155,8155,6/6/2025,MRT Purple Line,"83,119",
8156,8156,6/6/2025,MRT Yellow Line,"51,502",
8157,8157,6/6/2025,MRT Pink Line,"77,333",
8158,8158,6/6/2025,BTS Green Line,"812,537",
8159,8159,6/6/2025,BTS Gold Line,"6,798",
8160,8160,7/6/2025,SRT,"64,418",
8161,8161,7/6/2025,ARL,"48,322",
8162,8162,7/6/2025,Red Line,"27,286",
8163,8163,7/6/2025,MRT Blue Line,"299,989",
8164,8164,7/6/2025,MRT Purple Line,"47,492",
8165,8165,7/6/2025,MRT Yellow Line,"35,845",
8166,8166,7/6/2025,MRT Pink Line,"57,086",
8167,8167,7/6/2025,BTS Green Line,"555,720",
8168,8168,7/6/2025,BTS Gold Line,"8,763",
8169,8169,8/6/2025,SRT,"73,453",
8170,8170,8/6/2025,ARL,"44,453",
8171,8171,8/6/2025,Red Line,"24,991",
8172,8172,8/6/2025,MRT Blue Line,"248,001",
8173,8173,8/6/2025,MRT Purple Line,"38,603",
8174,8174,8/6/2025,MRT Yellow Line,"31,188",
8175,8175,8/6/2025,MRT Pink Line,"46,877",
8176,8176,8/6/2025,BTS Green Line,"471,310",
8177,8177,8/6/2025,BTS Gold Line,"6,197",
8178,8178,9/6/2025,SRT,"73,811",
8179,8179,9/6/2025,ARL,"68,064",
8180,8180,9/6/2025,Red Line,"39,375",
8181,8181,9/6/2025,MRT Blue Line,"453,205",
8182,8182,9/6/2025,MRT Purple Line,"82,418",
8183,8183,9/6/2025,MRT Yellow Line,"48,888",
8184,8184,9/6/2025,MRT Pink Line,"76,175",
8185,8185,9/6/2025,BTS Green Line,"761,507",
8186,8186,9/6/2025,BTS Gold Line,"5,447",
8187,8187,10/6/2025,SRT,"73,045",
8188,8188,10/6/2025,ARL,"68,983",
8189,8189,10/6/2025,Red Line,"39,293",
8190,8190,10/6/2025,MRT Blue Line,"468,359",
8191,8191,10/6/2025,MRT Purple Line,"84,618",
8192,8192,10/6/2025,MRT Yellow Line,"50,744",
8193,8193,10/6/2025,MRT Pink Line,"77,162",
8194,8194,10/6/2025,BTS Green Line,"804,999",
8195,8195,10/6/2025,BTS Gold Line,"5,352",
8196,8196,11/6/2025,SRT,"68,933",
8197,8197,11/6/2025,ARL,"69,094",
8198,8198,11/6/2025,Red Line,"38,688",
8199,8199,11/6/2025,MRT Blue Line,"470,256",
8200,8200,11/6/2025,MRT Purple Line,"84,292",
8201,8201,11/6/2025,MRT Yellow Line,"50,262",
8202,8202,11/6/2025,MRT Pink Line,"78,958",
8203,8203,11/6/2025,BTS Green Line,"813,073",
8204,8204,11/6/2025,BTS Gold Line,"6,201",
8205,8205,12/6/2025,SRT,"68,794",
8206,8206,12/6/2025,ARL,"70,192",
8207,8207,12/6/2025,Red Line,"38,708",
8208,8208,12/6/2025,MRT Blue Line,"473,179",
8209,8209,12/6/2025,MRT Purple Line,"82,833",
8210,8210,12/6/2025,MRT Yellow Line,"49,975",
8211,8211,12/6/2025,MRT Pink Line,"77,393",
8212,8212,12/6/2025,BTS Green Line,"807,298",
8213,8213,12/6/2025,BTS Gold Line,"6,921",
8214,8214,13/6/2025,SRT,"77,403",
8215,8215,13/6/2025,ARL,"75,776",
8216,8216,13/6/2025,Red Line,"42,999",
8217,8217,13/6/2025,MRT Blue Line,"496,654",
8218,8218,13/6/2025,MRT Purple Line,"86,400",
8219,8219,13/6/2025,MRT Yellow Line,"54,799",
8220,8220,13/6/2025,MRT Pink Line,"86,501",
8221,8221,13/6/2025,BTS Green Line,"888,028",
8222,8222,13/6/2025,BTS Gold Line,"7,445",
8223,8223,14/6/2025,SRT,"69,881",
8224,8224,14/6/2025,ARL,"53,357",
8225,8225,14/6/2025,Red Line,"26,893",
8226,8226,14/6/2025,MRT Blue Line,"304,444",
8227,8227,14/6/2025,MRT Purple Line,"48,206",
8228,8228,14/6/2025,MRT Yellow Line,"35,478",
8229,8229,14/6/2025,MRT Pink Line,"55,092",
8230,8230,14/6/2025,BTS Green Line,"584,386",
8231,8231,14/6/2025,BTS Gold Line,"6,901",
8232,8232,15/6/2025,SRT,"76,780",
8233,8233,15/6/2025,ARL,"45,962",
8234,8234,15/6/2025,Red Line,"25,021",
8235,8235,15/6/2025,MRT Blue Line,"253,702",
8236,8236,15/6/2025,MRT Purple Line,"39,689",
8237,8237,15/6/2025,MRT Yellow Line,"30,400",
8238,8238,15/6/2025,MRT Pink Line,"45,159",
8239,8239,15/6/2025,BTS Green Line,"474,206",
8240,8240,15/6/2025,BTS Gold Line,"5,859",
8241,8241,16/6/2025,SRT,"70,893",
8242,8242,16/6/2025,ARL,"69,996",
8243,8243,16/6/2025,Red Line,"39,743",
8244,8244,16/6/2025,MRT Blue Line,"455,561",
8245,8245,16/6/2025,MRT Purple Line,"83,904",
8246,8246,16/6/2025,MRT Yellow Line,"49,157",
8247,8247,16/6/2025,MRT Pink Line,"73,138",
8248,8248,16/6/2025,BTS Green Line,"781,859",
8249,8249,16/6/2025,BTS Gold Line,"5,505",
8250,8250,17/6/2025,SRT,"65,648",
8251,8251,17/6/2025,ARL,"69,676",
8252,8252,17/6/2025,Red Line,"38,803",
8253,8253,17/6/2025,MRT Blue Line,"474,474",
8254,8254,17/6/2025,MRT Purple Line,"85,507",
8255,8255,17/6/2025,MRT Yellow Line,"49,150",
8256,8256,17/6/2025,MRT Pink Line,"72,976",
8257,8257,17/6/2025,BTS Green Line,"809,516",
8258,8258,17/6/2025,BTS Gold Line,"5,211",
8259,8259,18/6/2025,SRT,"64,523",
8260,8260,18/6/2025,ARL,"70,700",
8261,8261,18/6/2025,Red Line,"38,632",
8262,8262,18/6/2025,MRT Blue Line,"478,829",
8263,8263,18/6/2025,MRT Purple Line,"85,279",
8264,8264,18/6/2025,MRT Yellow Line,"48,645",
8265,8265,18/6/2025,MRT Pink Line,"74,520",
8266,8266,18/6/2025,BTS Green Line,"815,631",
8267,8267,18/6/2025,BTS Gold Line,"5,420",
8268,8268,19/6/2025,SRT,"65,585",
8269,8269,19/6/2025,ARL,"71,806",
8270,8270,19/6/2025,Red Line,"38,647",
8271,8271,19/6/2025,MRT Blue Line,"475,323",
8272,8272,19/6/2025,MRT Purple Line,"83,522",
8273,8273,19/6/2025,MRT Yellow Line,"48,728",
8274,8274,19/6/2025,MRT Pink Line,"72,740",
8275,8275,19/6/2025,BTS Green Line,"802,906",
8276,8276,19/6/2025,BTS Gold Line,"5,657",
8277,8277,20/6/2025,SRT,"79,906",
8278,8278,20/6/2025,ARL,"76,402",
8279,8279,20/6/2025,Red Line,"43,868",
8280,8280,20/6/2025,MRT Blue Line,"487,221",
8281,8281,20/6/2025,MRT Purple Line,"85,387",
8282,8282,20/6/2025,MRT Yellow Line,"53,106",
8283,8283,20/6/2025,MRT Pink Line,"77,748",
8284,8284,20/6/2025,BTS Green Line,"849,457",
8285,8285,20/6/2025,BTS Gold Line,"6,636",
8286,8286,21/6/2025,SRT,"71,269",
8287,8287,21/6/2025,ARL,"60,174",
8288,8288,21/6/2025,Red Line,"27,016",
8289,8289,21/6/2025,MRT Blue Line,"309,330",
8290,8290,21/6/2025,MRT Purple Line,"47,513",
8291,8291,21/6/2025,MRT Yellow Line,"44,738",
8292,8292,21/6/2025,MRT Pink Line,"51,034",
8293,8293,21/6/2025,BTS Green Line,"562,274",
8294,8294,21/6/2025,BTS Gold Line,"6,366",
8295,8295,22/6/2025,SRT,"78,365",
8296,8296,22/6/2025,ARL,"48,791",
8297,8297,22/6/2025,Red Line,"25,389",
8298,8298,22/6/2025,MRT Blue Line,"262,153",
8299,8299,22/6/2025,MRT Purple Line,"39,974",
8300,8300,22/6/2025,MRT Yellow Line,"34,450",
8301,8301,22/6/2025,MRT Pink Line,"44,412",
8302,8302,22/6/2025,BTS Green Line,"485,769",
8303,8303,22/6/2025,BTS Gold Line,"5,822",
8304,8304,23/6/2025,SRT,"68,667",
8305,8305,23/6/2025,ARL,"69,665",
8306,8306,23/6/2025,Red Line,"40,735",
8307,8307,23/6/2025,MRT Blue Line,"454,851",
8308,8308,23/6/2025,MRT Purple Line,"83,766",
8309,8309,23/6/2025,MRT Yellow Line,"49,676",
8310,8310,23/6/2025,MRT Pink Line,"76,055",
8311,8311,23/6/2025,BTS Green Line,"783,670",
8312,8312,23/6/2025,BTS Gold Line,"6,967",
8313,8313,24/6/2025,SRT,"63,020",
8314,8314,24/6/2025,ARL,"72,283",
8315,8315,24/6/2025,Red Line,"39,740",
8316,8316,24/6/2025,MRT Blue Line,"470,327",
8317,8317,24/6/2025,MRT Purple Line,"85,864",
8318,8318,24/6/2025,MRT Yellow Line,"48,440",
8319,8319,24/6/2025,MRT Pink Line,"74,842",
8320,8320,24/6/2025,BTS Green Line,"804,426",
8321,8321,24/6/2025,BTS Gold Line,"5,348",
8322,8322,25/6/2025,SRT,"63,079",
8323,8323,25/6/2025,ARL,"72,125",
8324,8324,25/6/2025,Red Line,"39,850",
8325,8325,25/6/2025,MRT Blue Line,"485,307",
8326,8326,25/6/2025,MRT Purple Line,"87,008",
8327,8327,25/6/2025,MRT Yellow Line,"50,277",
8328,8328,25/6/2025,MRT Pink Line,"75,444",
8329,8329,25/6/2025,BTS Green Line,"819,221",
8330,8330,25/6/2025,BTS Gold Line,"5,821",
8331,8331,26/6/2025,SRT,"65,714",
8332,8332,26/6/2025,ARL,"72,636",
8333,8333,26/6/2025,Red Line,"40,663",
8334,8334,26/6/2025,MRT Blue Line,"487,111",
8335,8335,26/6/2025,MRT Purple Line,"86,147",
8336,8336,26/6/2025,MRT Yellow Line,"50,038",
8337,8337,26/6/2025,MRT Pink Line,"76,769",
8338,8338,26/6/2025,BTS Green Line,"829,422",
8339,8339,26/6/2025,BTS Gold Line,"6,167",
8340,8340,27/6/2025,SRT,"79,611",
8341,8341,27/6/2025,ARL,"77,746",
8342,8342,27/6/2025,Red Line,"45,043",
8343,8343,27/6/2025,MRT Blue Line,"510,239",
8344,8344,27/6/2025,MRT Purple Line,"88,961",
8345,8345,27/6/2025,MRT Yellow Line,"56,008",
8346,8346,27/6/2025,MRT Pink Line,"83,516",
8347,8347,27/6/2025,BTS Green Line,"894,920",
8348,8348,27/6/2025,BTS Gold Line,"9,005",
8349,8349,28/6/2025,SRT,"69,939",
8350,8350,28/6/2025,ARL,"60,777",
8351,8351,28/6/2025,Red Line,"30,566",
8352,8352,28/6/2025,MRT Blue Line,"330,813",
8353,8353,28/6/2025,MRT Purple Line,"55,833",
8354,8354,28/6/2025,MRT Yellow Line,"39,455",
8355,8355,28/6/2025,MRT Pink Line,"58,594",
8356,8356,28/6/2025,BTS Green Line,"689,127",
8357,8357,28/6/2025,BTS Gold Line,"8,041",
8358,8358,29/6/2025,SRT,"77,096",
8359,8359,29/6/2025,ARL,"50,338",
8360,8360,29/6/2025,Red Line,"24,678",
8361,8361,29/6/2025,MRT Blue Line,"260,548",
8362,8362,29/6/2025,MRT Purple Line,"42,105",
8363,8363,29/6/2025,MRT Yellow Line,"32,425",
8364,8364,29/6/2025,MRT Pink Line,"43,176",
8365,8365,29/6/2025,BTS Green Line,"539,484",
8366,8366,29/6/2025,BTS Gold Line,"6,599",
8367,8367,30/6/2025,SRT,"71,313",
8368,8368,30/6/2025,ARL,"73,608",
8369,8369,30/6/2025,Red Line,"41,434",
8370,8370,30/6/2025,MRT Blue Line,"477,537",
8371,8371,30/6/2025,MRT Purple Line,"87,423",
8372,8372,30/6/2025,MRT Yellow Line,"50,393",
8373,8373,30/6/2025,MRT Pink Line,"78,151",
8374,8374,30/6/2025,BTS Green Line,"821,435",
8375,8375,30/6/2025,BTS Gold Line,"6,781",
8376,8376,1/7/2025,SRT,"67,222",
8377,8377,1/7/2025,ARL,"75,202",
8378,8378,1/7/2025,Red Line,"41,267",
8379,8379,1/7/2025,MRT Blue Line,"501,880",
8380,8380,1/7/2025,MRT Purple Line,"89,802",
8381,8381,1/7/2025,MRT Yellow Line,"56,595",
8382,8382,1/7/2025,MRT Pink Line,"82,379",
8383,8383,1/7/2025,BTS Green Line,"867,056",
8384,8384,1/7/2025,BTS Gold Line,"8,243",
8385,8385,2/7/2025,SRT,"65,073",
8386,8386,2/7/2025,ARL,"72,376",
8387,8387,2/7/2025,Red Line,"40,075",
8388,8388,2/7/2025,MRT Blue Line,"493,775",
8389,8389,2/7/2025,MRT Purple Line,"88,285",
8390,8390,2/7/2025,MRT Yellow Line,"53,098",
8391,8391,2/7/2025,MRT Pink Line,"78,758",
8392,8392,2/7/2025,BTS Green Line,"835,980",
8393,8393,2/7/2025,BTS Gold Line,"6,311",
8394,8394,3/7/2025,SRT,"68,418",
8395,8395,3/7/2025,ARL,"72,878",
8396,8396,3/7/2025,Red Line,"40,496",
8397,8397,3/7/2025,MRT Blue Line,"492,030",
8398,8398,3/7/2025,MRT Purple Line,"86,884",
8399,8399,3/7/2025,MRT Yellow Line,"52,645",
8400,8400,3/7/2025,MRT Pink Line,"78,778",
8401,8401,3/7/2025,BTS Green Line,"824,159",
8402,8402,3/7/2025,BTS Gold Line,"6,376",
8403,8403,4/7/2025,SRT,"85,056",
8404,8404,4/7/2025,ARL,"76,752",
8405,8405,4/7/2025,Red Line,"43,723",
8406,8406,4/7/2025,MRT Blue Line,"506,351",
8407,8407,4/7/2025,MRT Purple Line,"88,604",
8408,8408,4/7/2025,MRT Yellow Line,"54,244",
8409,8409,4/7/2025,MRT Pink Line,"84,059",
8410,8410,4/7/2025,BTS Green Line,"871,524",
8411,8411,4/7/2025,BTS Gold Line,"7,081",
8412,8412,5/7/2025,SRT,"72,218",
8413,8413,5/7/2025,ARL,"54,694",
8414,8414,5/7/2025,Red Line,"29,083",
8415,8415,5/7/2025,MRT Blue Line,"323,765",
8416,8416,5/7/2025,MRT Purple Line,"51,896",
8417,8417,5/7/2025,MRT Yellow Line,"38,700",
8418,8418,5/7/2025,MRT Pink Line,"55,719",
8419,8419,5/7/2025,BTS Green Line,"616,492",
8420,8420,5/7/2025,BTS Gold Line,"8,598",
8421,8421,6/7/2025,SRT,"79,695",
8422,8422,6/7/2025,ARL,"48,930",
8423,8423,6/7/2025,Red Line,"26,214",
8424,8424,6/7/2025,MRT Blue Line,"265,479",
8425,8425,6/7/2025,MRT Purple Line,"41,569",
8426,8426,6/7/2025,MRT Yellow Line,"34,699",
8427,8427,6/7/2025,MRT Pink Line,"42,864",
8428,8428,6/7/2025,BTS Green Line,"513,675",
8429,8429,6/7/2025,BTS Gold Line,"5,959",
8430,8430,7/7/2025,SRT,"73,219",
8431,8431,7/7/2025,ARL,"70,916",
8432,8432,7/7/2025,Red Line,"42,911",
8433,8433,7/7/2025,MRT Blue Line,"473,523",
8434,8434,7/7/2025,MRT Purple Line,"88,792",
8435,8435,7/7/2025,MRT Yellow Line,"51,018",
8436,8436,7/7/2025,MRT Pink Line,"77,993",
8437,8437,7/7/2025,BTS Green Line,"801,763",
8438,8438,7/7/2025,BTS Gold Line,"5,985",
8439,8439,8/7/2025,SRT,"71,086",
8440,8440,8/7/2025,ARL,"72,708",
8441,8441,8/7/2025,Red Line,"42,329",
8442,8442,8/7/2025,MRT Blue Line,"494,974",
8443,8443,8/7/2025,MRT Purple Line,"89,874",
8444,8444,8/7/2025,MRT Yellow Line,"53,876",
8445,8445,8/7/2025,MRT Pink Line,"76,773",
8446,8446,8/7/2025,BTS Green Line,"821,496",
8447,8447,8/7/2025,BTS Gold Line,"5,917",
8448,8448,9/7/2025,SRT,"95,868",
8449,8449,9/7/2025,ARL,"76,614",
8450,8450,9/7/2025,Red Line,"47,730",
8451,8451,9/7/2025,MRT Blue Line,"509,941",
8452,8452,9/7/2025,MRT Purple Line,"91,967",
8453,8453,9/7/2025,MRT Yellow Line,"53,504",
8454,8454,9/7/2025,MRT Pink Line,"79,923",
8455,8455,9/7/2025,BTS Green Line,"843,961",
8456,8456,9/7/2025,BTS Gold Line,"6,024",
8457,8457,10/7/2025,SRT,"96,410",
8458,8458,10/7/2025,ARL,"49,126",
8459,8459,10/7/2025,Red Line,"26,234",
8460,8460,10/7/2025,MRT Blue Line,"273,508",
8461,8461,10/7/2025,MRT Purple Line,"41,759",
8462,8462,10/7/2025,MRT Yellow Line,"31,927",
8463,8463,10/7/2025,MRT Pink Line,"41,762",
8464,8464,10/7/2025,BTS Green Line,"491,915",
8465,8465,10/7/2025,BTS Gold Line,"7,037",
8466,8466,11/7/2025,SRT,"80,039",
8467,8467,11/7/2025,ARL,"57,415",
8468,8468,11/7/2025,Red Line,"28,039",
8469,8469,11/7/2025,MRT Blue Line,"378,490",
8470,8470,11/7/2025,MRT Purple Line,"58,759",
8471,8471,11/7/2025,MRT Yellow Line,"39,616",
8472,8472,11/7/2025,MRT Pink Line,"48,890",
8473,8473,11/7/2025,BTS Green Line,"615,983",
8474,8474,11/7/2025,BTS Gold Line,"7,361",
8475,8475,12/7/2025,SRT,"82,332",
8476,8476,12/7/2025,ARL,"48,412",
8477,8477,12/7/2025,Red Line,"25,212",
8478,8478,12/7/2025,MRT Blue Line,"285,360",
8479,8479,12/7/2025,MRT Purple Line,"43,954",
8480,8480,12/7/2025,MRT Yellow Line,"34,432",
8481,8481,12/7/2025,MRT Pink Line,"48,109",
8482,8482,12/7/2025,BTS Green Line,"517,398",
8483,8483,12/7/2025,BTS Gold Line,"8,302",
8484,8484,13/7/2025,SRT,"103,728",
8485,8485,13/7/2025,ARL,"46,790",
8486,8486,13/7/2025,Red Line,"27,100",
8487,8487,13/7/2025,MRT Blue Line,"246,853",
8488,8488,13/7/2025,MRT Purple Line,"38,825",
8489,8489,13/7/2025,MRT Yellow Line,"30,411",
8490,8490,13/7/2025,MRT Pink Line,"40,262",
8491,8491,13/7/2025,BTS Green Line,"454,577",
8492,8492,13/7/2025,BTS Gold Line,"6,656",
8493,8493,14/7/2025,SRT,"76,600",
8494,8494,14/7/2025,ARL,"71,421",
8495,8495,14/7/2025,Red Line,"43,378",
8496,8496,14/7/2025,MRT Blue Line,"469,097",
8497,8497,14/7/2025,MRT Purple Line,"87,557",
8498,8498,14/7/2025,MRT Yellow Line,"50,518",
8499,8499,14/7/2025,MRT Pink Line,"79,140",
8500,8500,14/7/2025,BTS Green Line,"785,656",
8501,8501,14/7/2025,BTS Gold Line,"6,381",
8502,8502,15/7/2025,SRT,"66,426",
8503,8503,15/7/2025,ARL,"71,229",
8504,8504,15/7/2025,Red Line,"41,308",
8505,8505,15/7/2025,MRT Blue Line,"469,960",
8506,8506,15/7/2025,MRT Purple Line,"86,589",
8507,8507,15/7/2025,MRT Yellow Line,"50,007",
8508,8508,15/7/2025,MRT Pink Line,"76,946",
8509,8509,15/7/2025,BTS Green Line,"817,292",
8510,8510,15/7/2025,BTS Gold Line,"6,519",
8511,8511,16/7/2025,SRT,"63,526",
8512,8512,16/7/2025,ARL,"71,776",
8513,8513,16/7/2025,Red Line,"40,159",
8514,8514,16/7/2025,MRT Blue Line,"479,386",
8515,8515,16/7/2025,MRT Purple Line,"87,271",
8516,8516,16/7/2025,MRT Yellow Line,"50,445",
8517,8517,16/7/2025,MRT Pink Line,"75,690",
8518,8518,16/7/2025,BTS Green Line,"808,402",
8519,8519,16/7/2025,BTS Gold Line,"6,351",
8520,8520,17/7/2025,SRT,"66,326",
8521,8521,17/7/2025,ARL,"72,358",
8522,8522,17/7/2025,Red Line,"41,082",
8523,8523,17/7/2025,MRT Blue Line,"481,203",
8524,8524,17/7/2025,MRT Purple Line,"86,909",
8525,8525,17/7/2025,MRT Yellow Line,"49,683",
8526,8526,17/7/2025,MRT Pink Line,"74,886",
8527,8527,17/7/2025,BTS Green Line,"810,101",
8528,8528,17/7/2025,BTS Gold Line,"6,639",
8529,8529,18/7/2025,SRT,"77,854",
8530,8530,18/7/2025,ARL,"75,175",
8531,8531,18/7/2025,Red Line,"44,016",
8532,8532,18/7/2025,MRT Blue Line,"499,206",
8533,8533,18/7/2025,MRT Purple Line,"88,046",
8534,8534,18/7/2025,MRT Yellow Line,"50,635",
8535,8535,18/7/2025,MRT Pink Line,"79,377",
8536,8536,18/7/2025,BTS Green Line,"849,554",
8537,8537,18/7/2025,BTS Gold Line,"7,655",
8538,8538,19/7/2025,SRT,"69,364",
8539,8539,19/7/2025,ARL,"52,336",
8540,8540,19/7/2025,Red Line,"27,241",
8541,8541,19/7/2025,MRT Blue Line,"306,410",
8542,8542,19/7/2025,MRT Purple Line,"47,683",
8543,8543,19/7/2025,MRT Yellow Line,"36,323",
8544,8544,19/7/2025,MRT Pink Line,"49,102",
8545,8545,19/7/2025,BTS Green Line,"582,691",
8546,8546,19/7/2025,BTS Gold Line,"7,944",
8547,8547,20/7/2025,SRT,"76,114",
8548,8548,20/7/2025,ARL,"46,762",
8549,8549,20/7/2025,Red Line,"24,598",
8550,8550,20/7/2025,MRT Blue Line,"262,711",
8551,8551,20/7/2025,MRT Purple Line,"39,424",
8552,8552,20/7/2025,MRT Yellow Line,"29,959",
8553,8553,20/7/2025,MRT Pink Line,"39,910",
8554,8554,20/7/2025,BTS Green Line,"500,120",
8555,8555,20/7/2025,BTS Gold Line,"6,515",
8556,8556,21/7/2025,SRT,"70,054",
8557,8557,21/7/2025,ARL,"72,473",
8558,8558,21/7/2025,Red Line,"41,369",
8559,8559,21/7/2025,MRT Blue Line,"467,025",
8560,8560,21/7/2025,MRT Purple Line,"85,520",
8561,8561,21/7/2025,MRT Yellow Line,"49,191",
8562,8562,21/7/2025,MRT Pink Line,"74,754",
8563,8563,21/7/2025,BTS Green Line,"793,381",
8564,8564,21/7/2025,BTS Gold Line,"6,560",
8565,8565,22/7/2025,SRT,"64,791",
8566,8566,22/7/2025,ARL,"72,631",
8567,8567,22/7/2025,Red Line,"40,867",
8568,8568,22/7/2025,MRT Blue Line,"486,852",
8569,8569,22/7/2025,MRT Purple Line,"87,957",
8570,8570,22/7/2025,MRT Yellow Line,"51,208",
8571,8571,22/7/2025,MRT Pink Line,"77,116",
8572,8572,22/7/2025,BTS Green Line,"824,310",
8573,8573,22/7/2025,BTS Gold Line,"6,363",
8574,8574,23/7/2025,SRT,"67,294",
8575,8575,23/7/2025,ARL,"72,771",
8576,8576,23/7/2025,Red Line,"40,183",
8577,8577,23/7/2025,MRT Blue Line,"489,438",
8578,8578,23/7/2025,MRT Purple Line,"88,625",
8579,8579,23/7/2025,MRT Yellow Line,"49,426",
8580,8580,23/7/2025,MRT Pink Line,"75,630",
8581,8581,23/7/2025,BTS Green Line,"814,566",
8582,8582,23/7/2025,BTS Gold Line,"7,003",
8583,8583,24/7/2025,SRT,"73,110",
8584,8584,24/7/2025,ARL,"72,232",
8585,8585,24/7/2025,Red Line,"41,167",
8586,8586,24/7/2025,MRT Blue Line,"491,331",
8587,8587,24/7/2025,MRT Purple Line,"87,006",
8588,8588,24/7/2025,MRT Yellow Line,"50,314",
8589,8589,24/7/2025,MRT Pink Line,"74,314",
8590,8590,24/7/2025,BTS Green Line,"815,224",
8591,8591,24/7/2025,BTS Gold Line,"6,777",
8592,8592,25/7/2025,SRT,"92,350",
8593,8593,25/7/2025,ARL,"76,740",
8594,8594,25/7/2025,Red Line,"45,266",
8595,8595,25/7/2025,MRT Blue Line,"501,148",
8596,8596,25/7/2025,MRT Purple Line,"87,967",
8597,8597,25/7/2025,MRT Yellow Line,"53,346",
8598,8598,25/7/2025,MRT Pink Line,"79,906",
8599,8599,25/7/2025,BTS Green Line,"855,586",
8600,8600,25/7/2025,BTS Gold Line,"7,662",
8601,8601,26/7/2025,SRT,"83,461",
8602,8602,26/7/2025,ARL,"51,903",
8603,8603,26/7/2025,Red Line,"27,449",
8604,8604,26/7/2025,MRT Blue Line,"302,531",
8605,8605,26/7/2025,MRT Purple Line,"46,719",
8606,8606,26/7/2025,MRT Yellow Line,"37,096",
8607,8607,26/7/2025,MRT Pink Line,"44,802",
8608,8608,26/7/2025,BTS Green Line,"558,437",
8609,8609,26/7/2025,BTS Gold Line,"8,611",
8610,8610,27/7/2025,SRT,"76,854",
8611,8611,27/7/2025,ARL,"43,939",
8612,8612,27/7/2025,Red Line,"23,467",
8613,8613,27/7/2025,MRT Blue Line,"250,443",
8614,8614,27/7/2025,MRT Purple Line,"37,837",
8615,8615,27/7/2025,MRT Yellow Line,"31,203",
8616,8616,27/7/2025,MRT Pink Line,"38,056",
8617,8617,27/7/2025,BTS Green Line,"481,438",
8618,8618,27/7/2025,BTS Gold Line,"8,841",
8619,8619,28/7/2025,SRT,"89,956",
8620,8620,28/7/2025,ARL,"43,919",
8621,8621,28/7/2025,Red Line,"23,509",
8622,8622,28/7/2025,MRT Blue Line,"220,947",
8623,8623,28/7/2025,MRT Purple Line,"34,770",
8624,8624,28/7/2025,MRT Yellow Line,"25,358",
8625,8625,28/7/2025,MRT Pink Line,"33,701",
8626,8626,28/7/2025,BTS Green Line,"417,123",
8627,8627,28/7/2025,BTS Gold Line,"6,891",
8628,8628,29/7/2025,SRT,"71,684",
8629,8629,29/7/2025,ARL,"71,776",
8630,8630,29/7/2025,Red Line,"42,738",
8631,8631,29/7/2025,MRT Blue Line,"482,210",
8632,8632,29/7/2025,MRT Purple Line,"87,186",
8633,8633,29/7/2025,MRT Yellow Line,"49,170",
8634,8634,29/7/2025,MRT Pink Line,"74,803",
8635,8635,29/7/2025,BTS Green Line,"798,737",
8636,8636,29/7/2025,BTS Gold Line,"6,483",
8637,8637,30/7/2025,SRT,"64,089",
8638,8638,30/7/2025,ARL,"72,396",
8639,8639,30/7/2025,Red Line,"40,633",
8640,8640,30/7/2025,MRT Blue Line,"486,764",
8641,8641,30/7/2025,MRT Purple Line,"85,815",
8642,8642,30/7/2025,MRT Yellow Line,"48,753",
8643,8643,30/7/2025,MRT Pink Line,"74,445",
8644,8644,30/7/2025,BTS Green Line,"808,485",
8645,8645,30/7/2025,BTS Gold Line,"6,631",
8646,8646,31/7/2025,SRT,"66,632",
8647,8647,31/7/2025,ARL,"74,554",
8648,8648,31/7/2025,Red Line,"42,228",
8649,8649,31/7/2025,MRT Blue Line,"503,978",
8650,8650,31/7/2025,MRT Purple Line,"87,980",
8651,8651,31/7/2025,MRT Yellow Line,"50,853",
8652,8652,31/7/2025,MRT Pink Line,"75,899",
8653,8653,31/7/2025,BTS Green Line,"836,313",
8654,8654,31/7/2025,BTS Gold Line,"7,298",
8655,8655,1/8/2025,SRT,"81,498",
8656,8656,1/8/2025,ARL,"76,935",
8657,8657,1/8/2025,Red Line,"45,570",
8658,8658,1/8/2025,MRT Blue Line,"519,529",
8659,8659,1/8/2025,MRT Purple Line,"88,017",
8660,8660,1/8/2025,MRT Yellow Line,"53,939",
8661,8661,1/8/2025,MRT Pink Line,"80,643",
8662,8662,1/8/2025,BTS Green Line,"877,868",
8663,8663,1/8/2025,BTS Gold Line,"8,786",
8664,8664,2/8/2025,SRT,"75,456",
8665,8665,2/8/2025,ARL,"58,619",
8666,8666,2/8/2025,Red Line,"31,598",
8667,8667,2/8/2025,MRT Blue Line,"348,039",
8668,8668,2/8/2025,MRT Purple Line,"51,076",
8669,8669,2/8/2025,MRT Yellow Line,"38,840",
8670,8670,2/8/2025,MRT Pink Line,"55,445",
8671,8671,2/8/2025,BTS Green Line,"632,770",
8672,8672,2/8/2025,BTS Gold Line,"8,020",
8673,8673,3/8/2025,SRT,"82,834",
8674,8674,3/8/2025,ARL,"51,434",
8675,8675,3/8/2025,Red Line,"30,241",
8676,8676,3/8/2025,MRT Blue Line,"301,496",
8677,8677,3/8/2025,MRT Purple Line,"44,796",
8678,8678,3/8/2025,MRT Yellow Line,"36,011",
8679,8679,3/8/2025,MRT Pink Line,"48,024",
8680,8680,3/8/2025,BTS Green Line,"541,740",
8681,8681,3/8/2025,BTS Gold Line,"6,575",
8682,8682,4/8/2025,SRT,"74,570",
8683,8683,4/8/2025,ARL,"73,836",
8684,8684,4/8/2025,Red Line,"42,881",
8685,8685,4/8/2025,MRT Blue Line,"494,636",
8686,8686,4/8/2025,MRT Purple Line,"86,074",
8687,8687,4/8/2025,MRT Yellow Line,"51,733",
8688,8688,4/8/2025,MRT Pink Line,"75,143",
8689,8689,4/8/2025,BTS Green Line,"817,136",
8690,8690,4/8/2025,BTS Gold Line,"6,853",
8691,8691,5/8/2025,SRT,"69,981",
8692,8692,5/8/2025,ARL,"74,418",
8693,8693,5/8/2025,Red Line,"41,015",
8694,8694,5/8/2025,MRT Blue Line,"514,300",
8695,8695,5/8/2025,MRT Purple Line,"87,632",
8696,8696,5/8/2025,MRT Yellow Line,"51,703",
8697,8697,5/8/2025,MRT Pink Line,"76,015",
8698,8698,5/8/2025,BTS Green Line,"849,348",
8699,8699,5/8/2025,BTS Gold Line,"6,787",
8700,8700,6/8/2025,SRT,"71,347",
8701,8701,6/8/2025,ARL,"74,867",
8702,8702,6/8/2025,Red Line,"40,679",
8703,8703,6/8/2025,MRT Blue Line,"512,150",
8704,8704,6/8/2025,MRT Purple Line,"86,727",
8705,8705,6/8/2025,MRT Yellow Line,"51,125",
8706,8706,6/8/2025,MRT Pink Line,"74,041",
8707,8707,6/8/2025,BTS Green Line,"835,081",
8708,8708,6/8/2025,BTS Gold Line,"6,700",
8709,8709,7/8/2025,SRT,"76,644",
8710,8710,7/8/2025,ARL,"75,393",
8711,8711,7/8/2025,Red Line,"42,130",
8712,8712,7/8/2025,MRT Blue Line,"507,743",
8713,8713,7/8/2025,MRT Purple Line,"86,877",
8714,8714,7/8/2025,MRT Yellow Line,"50,966",
8715,8715,7/8/2025,MRT Pink Line,"74,665",
8716,8716,7/8/2025,BTS Green Line,"833,664",
8717,8717,7/8/2025,BTS Gold Line,"8,120",
8718,8718,8/8/2025,SRT,"103,959",
8719,8719,8/8/2025,ARL,"82,026",
8720,8720,8/8/2025,Red Line,"48,832",
8721,8721,8/8/2025,MRT Blue Line,"540,116",
8722,8722,8/8/2025,MRT Purple Line,"89,678",
8723,8723,8/8/2025,MRT Yellow Line,"52,754",
8724,8724,8/8/2025,MRT Pink Line,"84,112",
8725,8725,8/8/2025,BTS Green Line,"898,837",
8726,8726,8/8/2025,BTS Gold Line,"12,235",
8727,8727,9/8/2025,SRT,"98,943",
8728,8728,9/8/2025,ARL,"54,882",
8729,8729,9/8/2025,Red Line,"30,896",
8730,8730,9/8/2025,MRT Blue Line,"317,546",
8731,8731,9/8/2025,MRT Purple Line,"46,702",
8732,8732,9/8/2025,MRT Yellow Line,"36,190",
8733,8733,9/8/2025,MRT Pink Line,"53,323",
8734,8734,9/8/2025,BTS Green Line,"577,033",
8735,8735,9/8/2025,BTS Gold Line,"10,750",
8736,8736,10/8/2025,SRT,"88,072",
8737,8737,10/8/2025,ARL,"48,181",
8738,8738,10/8/2025,Red Line,"25,539",
8739,8739,10/8/2025,MRT Blue Line,"277,314",
8740,8740,10/8/2025,MRT Purple Line,"39,124",
8741,8741,10/8/2025,MRT Yellow Line,"33,624",
8742,8742,10/8/2025,MRT Pink Line,"47,582",
8743,8743,10/8/2025,BTS Green Line,"512,777",
8744,8744,10/8/2025,BTS Gold Line,"9,412",
8745,8745,11/8/2025,SRT,"82,368",
8746,8746,11/8/2025,ARL,"54,435",
8747,8747,11/8/2025,Red Line,"27,814",
8748,8748,11/8/2025,MRT Blue Line,"301,642",
8749,8749,11/8/2025,MRT Purple Line,"45,230",
8750,8750,11/8/2025,MRT Yellow Line,"35,655",
8751,8751,11/8/2025,MRT Pink Line,"44,933",
8752,8752,11/8/2025,BTS Green Line,"555,068",
8753,8753,11/8/2025,BTS Gold Line,"11,788",
8754,8754,12/8/2025,SRT,"103,272",
8755,8755,12/8/2025,ARL,"46,391",
8756,8756,12/8/2025,Red Line,"26,876",
8757,8757,12/8/2025,MRT Blue Line,"240,052",
8758,8758,12/8/2025,MRT Purple Line,"35,080",
8759,8759,12/8/2025,MRT Yellow Line,"30,718",
8760,8760,12/8/2025,MRT Pink Line,"39,424",
8761,8761,12/8/2025,BTS Green Line,"454,006",
8762,8762,12/8/2025,BTS Gold Line,"8,710",
8763,8763,13/8/2025,SRT,"78,075",
8764,8764,13/8/2025,ARL,"76,435",
8765,8765,13/8/2025,Red Line,"43,751",
8766,8766,13/8/2025,MRT Blue Line,"511,988",
8767,8767,13/8/2025,MRT Purple Line,"87,818",
8768,8768,13/8/2025,MRT Yellow Line,"48,473",
8769,8769,13/8/2025,MRT Pink Line,"78,032",
8770,8770,13/8/2025,BTS Green Line,"827,441",
8771,8771,13/8/2025,BTS Gold Line,"7,403",
8772,8772,14/8/2025,SRT,"70,346",
8773,8773,14/8/2025,ARL,"75,478",
8774,8774,14/8/2025,Red Line,"42,084",
8775,8775,14/8/2025,MRT Blue Line,"515,273",
8776,8776,14/8/2025,MRT Purple Line,"86,656",
8777,8777,14/8/2025,MRT Yellow Line,"49,731",
8778,8778,14/8/2025,MRT Pink Line,"75,669",
8779,8779,14/8/2025,BTS Green Line,"829,152",
8780,8780,14/8/2025,BTS Gold Line,"7,816",
8781,8781,15/8/2025,SRT,"82,160",
8782,8782,15/8/2025,ARL,"81,763",
8783,8783,15/8/2025,Red Line,"46,013",
8784,8784,15/8/2025,MRT Blue Line,"542,898",
8785,8785,15/8/2025,MRT Purple Line,"88,800",
8786,8786,15/8/2025,MRT Yellow Line,"55,317",
8787,8787,15/8/2025,MRT Pink Line,"83,401",
8788,8788,15/8/2025,BTS Green Line,"904,103",
8789,8789,15/8/2025,BTS Gold Line,"10,913",
8790,8790,16/8/2025,SRT,"68,087",
8791,8791,16/8/2025,ARL,"60,256",
8792,8792,16/8/2025,Red Line,"29,558",
8793,8793,16/8/2025,MRT Blue Line,"336,170",
8794,8794,16/8/2025,MRT Purple Line,"48,341",
8795,8795,16/8/2025,MRT Yellow Line,"42,113",
8796,8796,16/8/2025,MRT Pink Line,"51,696",
8797,8797,16/8/2025,BTS Green Line,"618,936",
8798,8798,16/8/2025,BTS Gold Line,"9,443",
8799,8799,17/8/2025,SRT,"76,994",
8800,8800,17/8/2025,ARL,"54,025",
8801,8801,17/8/2025,Red Line,"27,750",
8802,8802,17/8/2025,MRT Blue Line,"283,649",
8803,8803,17/8/2025,MRT Purple Line,"39,569",
8804,8804,17/8/2025,MRT Yellow Line,"37,300",
8805,8805,17/8/2025,MRT Pink Line,"43,413",
8806,8806,17/8/2025,BTS Green Line,"512,219",
8807,8807,17/8/2025,BTS Gold Line,"6,864",
8808,8808,18/8/2025,SRT,"75,038",
8809,8809,18/8/2025,ARL,"76,973",
8810,8810,18/8/2025,Red Line,"45,010",
8811,8811,18/8/2025,MRT Blue Line,"501,297",
8812,8812,18/8/2025,MRT Purple Line,"83,955",
8813,8813,18/8/2025,MRT Yellow Line,"53,927",
8814,8814,18/8/2025,MRT Pink Line,"74,674",
8815,8815,18/8/2025,BTS Green Line,"829,663",
8816,8816,18/8/2025,BTS Gold Line,"8,129",
8817,8817,19/8/2025,SRT,"66,310",
8818,8818,19/8/2025,ARL,"76,105",
8819,8819,19/8/2025,Red Line,"42,845",
8820,8820,19/8/2025,MRT Blue Line,"510,938",
8821,8821,19/8/2025,MRT Purple Line,"86,798",
8822,8822,19/8/2025,MRT Yellow Line,"51,387",
8823,8823,19/8/2025,MRT Pink Line,"74,085",
8824,8824,19/8/2025,BTS Green Line,"827,337",
8825,8825,19/8/2025,BTS Gold Line,"6,730",
8826,8826,20/8/2025,SRT,"65,498",
8827,8827,20/8/2025,ARL,"75,868",
8828,8828,20/8/2025,Red Line,"42,743",
8829,8829,20/8/2025,MRT Blue Line,"520,674",
8830,8830,20/8/2025,MRT Purple Line,"86,764",
8831,8831,20/8/2025,MRT Yellow Line,"51,462",
8832,8832,20/8/2025,MRT Pink Line,"74,076",
8833,8833,20/8/2025,BTS Green Line,"830,346",
8834,8834,20/8/2025,BTS Gold Line,"7,028",
8835,8835,21/8/2025,SRT,"67,514",
8836,8836,21/8/2025,ARL,"74,977",
8837,8837,21/8/2025,Red Line,"41,927",
8838,8838,21/8/2025,MRT Blue Line,"522,619",
8839,8839,21/8/2025,MRT Purple Line,"86,446",
8840,8840,21/8/2025,MRT Yellow Line,"51,711",
8841,8841,21/8/2025,MRT Pink Line,"74,438",
8842,8842,21/8/2025,BTS Green Line,"834,748",
8843,8843,21/8/2025,BTS Gold Line,"7,438",
8844,8844,22/8/2025,SRT,"78,313",
8845,8845,22/8/2025,ARL,"79,789",
8846,8846,22/8/2025,Red Line,"47,695",
8847,8847,22/8/2025,MRT Blue Line,"541,998",
8848,8848,22/8/2025,MRT Purple Line,"88,126",
8849,8849,22/8/2025,MRT Yellow Line,"56,386",
8850,8850,22/8/2025,MRT Pink Line,"79,086",
8851,8851,22/8/2025,BTS Green Line,"882,069",
8852,8852,22/8/2025,BTS Gold Line,"9,525",
8853,8853,23/8/2025,SRT,"69,859",
8854,8854,23/8/2025,ARL,"54,469",
8855,8855,23/8/2025,Red Line,"30,113",
8856,8856,23/8/2025,MRT Blue Line,"328,368",
8857,8857,23/8/2025,MRT Purple Line,"47,532",
8858,8858,23/8/2025,MRT Yellow Line,"37,698",
8859,8859,23/8/2025,MRT Pink Line,"50,492",
8860,8860,23/8/2025,BTS Green Line,"589,354",
8861,8861,23/8/2025,BTS Gold Line,"7,978",
8862,8862,24/8/2025,SRT,"77,465",
8863,8863,24/8/2025,ARL,"48,479",
8864,8864,24/8/2025,Red Line,"26,503",
8865,8865,24/8/2025,MRT Blue Line,"266,334",
8866,8866,24/8/2025,MRT Purple Line,"38,191",
8867,8867,24/8/2025,MRT Yellow Line,"31,604",
8868,8868,24/8/2025,MRT Pink Line,"32,433",
8869,8869,24/8/2025,BTS Green Line,"493,816",
8870,8870,24/8/2025,BTS Gold Line,"6,358",
8871,8871,25/8/2025,SRT,"71,871",
8872,8872,25/8/2025,ARL,"73,636",
8873,8873,25/8/2025,Red Line,"43,569",
8874,8874,25/8/2025,MRT Blue Line,"489,327",
8875,8875,25/8/2025,MRT Purple Line,"83,240",
8876,8876,25/8/2025,MRT Yellow Line,"50,010",
8877,8877,25/8/2025,MRT Pink Line,"75,320",
8878,8878,25/8/2025,BTS Green Line,"813,543",
8879,8879,25/8/2025,BTS Gold Line,"6,497",
8880,8880,26/8/2025,SRT,"65,316",
8881,8881,26/8/2025,ARL,"75,298",
8882,8882,26/8/2025,Red Line,"42,205",
8883,8883,26/8/2025,MRT Blue Line,"509,594",
8884,8884,26/8/2025,MRT Purple Line,"86,120",
8885,8885,26/8/2025,MRT Yellow Line,"52,708",
8886,8886,26/8/2025,MRT Pink Line,"74,930",
8887,8887,26/8/2025,BTS Green Line,"850,874",
8888,8888,26/8/2025,BTS Gold Line,"6,522",
8889,8889,27/8/2025,SRT,"62,432",
8890,8890,27/8/2025,ARL,"75,814",
8891,8891,27/8/2025,Red Line,"40,750",
8892,8892,27/8/2025,MRT Blue Line,"512,465",
8893,8893,27/8/2025,MRT Purple Line,"86,176",
8894,8894,27/8/2025,MRT Yellow Line,"50,364",
8895,8895,27/8/2025,MRT Pink Line,"73,076",
8896,8896,27/8/2025,BTS Green Line,"827,983",
8897,8897,27/8/2025,BTS Gold Line,"6,275",
8898,8898,28/8/2025,SRT,"66,227",
8899,8899,28/8/2025,ARL,"73,828",
8900,8900,28/8/2025,Red Line,"41,647",
8901,8901,28/8/2025,MRT Blue Line,"506,193",
8902,8902,28/8/2025,MRT Purple Line,"86,748",
8903,8903,28/8/2025,MRT Yellow Line,"49,282",
8904,8904,28/8/2025,MRT Pink Line,"72,683",
8905,8905,28/8/2025,BTS Green Line,"822,038",
8906,8906,28/8/2025,BTS Gold Line,"6,840",
8907,8907,29/8/2025,SRT,"83,671",
8908,8908,29/8/2025,ARL,"79,929",
8909,8909,29/8/2025,Red Line,"47,796",
8910,8910,29/8/2025,MRT Blue Line,"542,009",
8911,8911,29/8/2025,MRT Purple Line,"88,795",
8912,8912,29/8/2025,MRT Yellow Line,"54,136",
8913,8913,29/8/2025,MRT Pink Line,"79,249",
8914,8914,29/8/2025,BTS Green Line,"889,469",
8915,8915,29/8/2025,BTS Gold Line,"8,168",
8916,8916,30/8/2025,SRT,"72,277",
8917,8917,30/8/2025,ARL,"55,873",
8918,8918,30/8/2025,Red Line,"30,881",
8919,8919,30/8/2025,MRT Blue Line,"342,903",
8920,8920,30/8/2025,MRT Purple Line,"50,692",
8921,8921,30/8/2025,MRT Yellow Line,"38,033",
8922,8922,30/8/2025,MRT Pink Line,"53,569",
8923,8923,30/8/2025,BTS Green Line,"622,309",
8924,8924,30/8/2025,BTS Gold Line,"8,436",
8925,8925,31/8/2025,SRT,"81,276",
8926,8926,31/8/2025,ARL,"51,281",
8927,8927,31/8/2025,Red Line,"28,622",
8928,8928,31/8/2025,MRT Blue Line,"286,080",
8929,8929,31/8/2025,MRT Purple Line,"41,090",
8930,8930,31/8/2025,MRT Yellow Line,"34,682",
8931,8931,31/8/2025,MRT Pink Line,"45,400",
8932,8932,31/8/2025,BTS Green Line,"530,402",
8933,8933,31/8/2025,BTS Gold Line,"7,069",
8934,8934,1/9/2025,SRT,"70,019",
8935,8935,1/9/2025,ARL,"74,607",
8936,8936,1/9/2025,Red Line,"43,615",
8937,8937,1/9/2025,MRT Blue Line,"488,170",
8938,8938,1/9/2025,MRT Purple Line,"84,815",
8939,8939,1/9/2025,MRT Yellow Line,"50,087",
8940,8940,1/9/2025,MRT Pink Line,"75,159",
8941,8941,1/9/2025,BTS Green Line,"808,681",
8942,8942,1/9/2025,BTS Gold Line,"6,279",
8943,8943,2/9/2025,SRT,"65,929",
8944,8944,2/9/2025,ARL,"73,712",
8945,8945,2/9/2025,Red Line,"41,083",
8946,8946,2/9/2025,MRT Blue Line,"510,420",
8947,8947,2/9/2025,MRT Purple Line,"86,519",
8948,8948,2/9/2025,MRT Yellow Line,"50,517",
8949,8949,2/9/2025,MRT Pink Line,"75,584",
8950,8950,2/9/2025,BTS Green Line,"824,778",
8951,8951,2/9/2025,BTS Gold Line,"6,245",
8952,8952,3/9/2025,SRT,"64,203",
8953,8953,3/9/2025,ARL,"75,657",
8954,8954,3/9/2025,Red Line,"42,598",
8955,8955,3/9/2025,MRT Blue Line,"520,075",
8956,8956,3/9/2025,MRT Purple Line,"87,696",
8957,8957,3/9/2025,MRT Yellow Line,"52,235",
8958,8958,3/9/2025,MRT Pink Line,"75,169",
8959,8959,3/9/2025,BTS Green Line,"830,672",
8960,8960,3/9/2025,BTS Gold Line,"6,824",
8961,8961,4/9/2025,SRT,"69,968",
8962,8962,4/9/2025,ARL,"75,431",
8963,8963,4/9/2025,Red Line,"42,370",
8964,8964,4/9/2025,MRT Blue Line,"513,938",
8965,8965,4/9/2025,MRT Purple Line,"87,551",
8966,8966,4/9/2025,MRT Yellow Line,"52,454",
8967,8967,4/9/2025,MRT Pink Line,"76,050",
8968,8968,4/9/2025,BTS Green Line,"828,807",
8969,8969,4/9/2025,BTS Gold Line,"7,531",
8970,8970,5/9/2025,SRT,"85,550",
8971,8971,5/9/2025,ARL,"80,234",
8972,8972,5/9/2025,Red Line,"48,762",
8973,8973,5/9/2025,MRT Blue Line,"542,187",
8974,8974,5/9/2025,MRT Purple Line,"91,185",
8975,8975,5/9/2025,MRT Yellow Line,"59,098",
8976,8976,5/9/2025,MRT Pink Line,"86,750",
8977,8977,5/9/2025,BTS Green Line,"896,054",
8978,8978,5/9/2025,BTS Gold Line,"8,367",
8979,8979,6/9/2025,SRT,"72,442",
8980,8980,6/9/2025,ARL,"55,090",
8981,8981,6/9/2025,Red Line,"30,619",
8982,8982,6/9/2025,MRT Blue Line,"329,949",
8983,8983,6/9/2025,MRT Purple Line,"48,989",
8984,8984,6/9/2025,MRT Yellow Line,"41,237",
8985,8985,6/9/2025,MRT Pink Line,"54,775",
8986,8986,6/9/2025,BTS Green Line,"602,835",
8987,8987,6/9/2025,BTS Gold Line,"9,187",
8988,8988,7/9/2025,SRT,"81,438",
8989,8989,7/9/2025,ARL,"44,931",
8990,8990,7/9/2025,Red Line,"28,898",
8991,8991,7/9/2025,MRT Blue Line,"276,123",
8992,8992,7/9/2025,MRT Purple Line,"40,475",
8993,8993,7/9/2025,MRT Yellow Line,"34,965",
8994,8994,7/9/2025,MRT Pink Line,"45,648",
8995,8995,7/9/2025,BTS Green Line,"511,270",
8996,8996,7/9/2025,BTS Gold Line,"11,845",
8997,8997,8/9/2025,SRT,"68,959",
8998,8998,8/9/2025,ARL,"74,219",
8999,8999,8/9/2025,Red Line,"43,944",
9000,9000,8/9/2025,MRT Blue Line,"490,993",
9001,9001,8/9/2025,MRT Purple Line,"84,532",
9002,9002,8/9/2025,MRT Yellow Line,"61,133",
9003,9003,8/9/2025,MRT Pink Line,"77,407",
9004,9004,8/9/2025,BTS Green Line,"803,830",
9005,9005,8/9/2025,BTS Gold Line,"6,321",
9006,9006,9/9/2025,SRT,"64,477",
9007,9007,9/9/2025,ARL,"72,236",
9008,9008,9/9/2025,Red Line,"42,424",
9009,9009,9/9/2025,MRT Blue Line,"510,469",
9010,9010,9/9/2025,MRT Purple Line,"87,317",
9011,9011,9/9/2025,MRT Yellow Line,"54,399",
9012,9012,9/9/2025,MRT Pink Line,"75,923",
9013,9013,9/9/2025,BTS Green Line,"825,844",
9014,9014,9/9/2025,BTS Gold Line,"5,552",
9015,9015,10/9/2025,SRT,"64,877",
9016,9016,10/9/2025,ARL,"73,540",
9017,9017,10/9/2025,Red Line,"41,969",
9018,9018,10/9/2025,MRT Blue Line,"514,027",
9019,9019,10/9/2025,MRT Purple Line,"88,094",
9020,9020,10/9/2025,MRT Yellow Line,"51,330",
9021,9021,10/9/2025,MRT Pink Line,"75,657",
9022,9022,10/9/2025,BTS Green Line,"824,815",
9023,9023,10/9/2025,BTS Gold Line,"5,607",
9024,9024,11/9/2025,SRT,"66,730",
9025,9025,11/9/2025,ARL,"74,022",
9026,9026,11/9/2025,Red Line,"42,497",
9027,9027,11/9/2025,MRT Blue Line,"505,277",
9028,9028,11/9/2025,MRT Purple Line,"86,273",
9029,9029,11/9/2025,MRT Yellow Line,"51,455",
9030,9030,11/9/2025,MRT Pink Line,"74,919",
9031,9031,11/9/2025,BTS Green Line,"810,490",
9032,9032,11/9/2025,BTS Gold Line,"5,816",
9033,9033,12/9/2025,SRT,"82,301",
9034,9034,12/9/2025,ARL,"76,478",
9035,9035,12/9/2025,Red Line,"45,959",
9036,9036,12/9/2025,MRT Blue Line,"521,189",
9037,9037,12/9/2025,MRT Purple Line,"87,509",
9038,9038,12/9/2025,MRT Yellow Line,"53,623",
9039,9039,12/9/2025,MRT Pink Line,"79,498",
9040,9040,12/9/2025,BTS Green Line,"839,519",
9041,9041,12/9/2025,BTS Gold Line,"6,976",
9042,9042,13/9/2025,SRT,"70,074",
9043,9043,13/9/2025,ARL,"53,018",
9044,9044,13/9/2025,Red Line,"27,984",
9045,9045,13/9/2025,MRT Blue Line,"319,529",
9046,9046,13/9/2025,MRT Purple Line,"46,758",
9047,9047,13/9/2025,MRT Yellow Line,"35,861",
9048,9048,13/9/2025,MRT Pink Line,"49,696",
9049,9049,13/9/2025,BTS Green Line,"571,640",
9050,9050,13/9/2025,BTS Gold Line,"6,883",
9051,9051,14/9/2025,SRT,"77,672",
9052,9052,14/9/2025,ARL,"46,004",
9053,9053,14/9/2025,Red Line,"25,218",
9054,9054,14/9/2025,MRT Blue Line,"254,008",
9055,9055,14/9/2025,MRT Purple Line,"35,541",
9056,9056,14/9/2025,MRT Yellow Line,"29,178",
9057,9057,14/9/2025,MRT Pink Line,"36,119",
9058,9058,14/9/2025,BTS Green Line,"462,454",
9059,9059,14/9/2025,BTS Gold Line,"5,898",
9060,9060,15/9/2025,SRT,"69,506",
9061,9061,15/9/2025,ARL,"73,321",
9062,9062,15/9/2025,Red Line,"42,601",
9063,9063,15/9/2025,MRT Blue Line,"480,124",
9064,9064,15/9/2025,MRT Purple Line,"81,637",
9065,9065,15/9/2025,MRT Yellow Line,"49,904",
9066,9066,15/9/2025,MRT Pink Line,"68,081",
9067,9067,15/9/2025,BTS Green Line,"780,789",
9068,9068,15/9/2025,BTS Gold Line,"6,571",
9069,9069,16/9/2025,SRT,"63,049",
9070,9070,16/9/2025,ARL,"72,938",
9071,9071,16/9/2025,Red Line,"41,799",
9072,9072,16/9/2025,MRT Blue Line,"498,711",
9073,9073,16/9/2025,MRT Purple Line,"84,270",
9074,9074,16/9/2025,MRT Yellow Line,"51,766",
9075,9075,16/9/2025,MRT Pink Line,"69,507",
9076,9076,16/9/2025,BTS Green Line,"811,209",
9077,9077,16/9/2025,BTS Gold Line,"5,329",
9078,9078,17/9/2025,SRT,"63,355",
9079,9079,17/9/2025,ARL,"73,615",
9080,9080,17/9/2025,Red Line,"41,330",
9081,9081,17/9/2025,MRT Blue Line,"520,295",
9082,9082,17/9/2025,MRT Purple Line,"85,838",
9083,9083,17/9/2025,MRT Yellow Line,"53,472",
9084,9084,17/9/2025,MRT Pink Line,"63,791",
9085,9085,17/9/2025,BTS Green Line,"821,543",
9086,9086,17/9/2025,BTS Gold Line,"5,820",
9087,9087,18/9/2025,SRT,"68,497",
9088,9088,18/9/2025,ARL,"73,525",
9089,9089,18/9/2025,Red Line,"43,690",
9090,9090,18/9/2025,MRT Blue Line,"512,081",
9091,9091,18/9/2025,MRT Purple Line,"85,057",
9092,9092,18/9/2025,MRT Yellow Line,"51,993",
9093,9093,18/9/2025,MRT Pink Line,"64,129",
9094,9094,18/9/2025,BTS Green Line,"804,651",
9095,9095,18/9/2025,BTS Gold Line,"5,354",
9096,9096,19/9/2025,SRT,"87,279",
9097,9097,19/9/2025,ARL,"76,928",
9098,9098,19/9/2025,Red Line,"45,068",
9099,9099,19/9/2025,MRT Blue Line,"515,432",
9100,9100,19/9/2025,MRT Purple Line,"84,853",
9101,9101,19/9/2025,MRT Yellow Line,"53,544",
9102,9102,19/9/2025,MRT Pink Line,"67,017",
9103,9103,19/9/2025,BTS Green Line,"844,238",
9104,9104,19/9/2025,BTS Gold Line,"7,301",
9105,9105,20/9/2025,SRT,"74,759",
9106,9106,20/9/2025,ARL,"52,048",
9107,9107,20/9/2025,Red Line,"27,498",
9108,9108,20/9/2025,MRT Blue Line,"310,242",
9109,9109,20/9/2025,MRT Purple Line,"46,166",
9110,9110,20/9/2025,MRT Yellow Line,"35,625",
9111,9111,20/9/2025,MRT Pink Line,"44,837",
9112,9112,20/9/2025,BTS Green Line,"557,688",
9113,9113,20/9/2025,BTS Gold Line,"7,313",
9114,9114,21/9/2025,SRT,"84,234",
9115,9115,21/9/2025,ARL,"45,634",
9116,9116,21/9/2025,Red Line,"24,649",
9117,9117,21/9/2025,MRT Blue Line,"255,283",
9118,9118,21/9/2025,MRT Purple Line,"37,200",
9119,9119,21/9/2025,MRT Yellow Line,"30,717",
9120,9120,21/9/2025,MRT Pink Line,"37,352",
9121,9121,21/9/2025,BTS Green Line,"463,484",
9122,9122,21/9/2025,BTS Gold Line,"6,066",
9123,9123,22/9/2025,SRT,"72,018",
9124,9124,22/9/2025,ARL,"71,601",
9125,9125,22/9/2025,Red Line,"41,779",
9126,9126,22/9/2025,MRT Blue Line,"461,986",
9127,9127,22/9/2025,MRT Purple Line,"79,367",
9128,9128,22/9/2025,MRT Yellow Line,"47,520",
9129,9129,22/9/2025,MRT Pink Line,"63,773",
9130,9130,22/9/2025,BTS Green Line,"751,838",
9131,9131,22/9/2025,BTS Gold Line,"5,305",
9132,9132,23/9/2025,SRT,"66,288",
9133,9133,23/9/2025,ARL,"69,423",
9134,9134,23/9/2025,Red Line,"40,255",
9135,9135,23/9/2025,MRT Blue Line,"468,256",
9136,9136,23/9/2025,MRT Purple Line,"79,695",
9137,9137,23/9/2025,MRT Yellow Line,"47,713",
9138,9138,23/9/2025,MRT Pink Line,"63,561",
9139,9139,23/9/2025,BTS Green Line,"763,225",
9140,9140,23/9/2025,BTS Gold Line,"6,478",
9141,9141,24/9/2025,SRT,"60,792",
9142,9142,24/9/2025,ARL,"69,993",
9143,9143,24/9/2025,Red Line,"39,755",
9144,9144,24/9/2025,MRT Blue Line,"474,176",
9145,9145,24/9/2025,MRT Purple Line,"79,479",
9146,9146,24/9/2025,MRT Yellow Line,"47,614",
9147,9147,24/9/2025,MRT Pink Line,"64,007",
9148,9148,24/9/2025,BTS Green Line,"765,656",
9149,9149,24/9/2025,BTS Gold Line,"5,718",
9150,9150,25/9/2025,SRT,"64,332",
9151,9151,25/9/2025,ARL,"70,594",
9152,9152,25/9/2025,Red Line,"39,853",
9153,9153,25/9/2025,MRT Blue Line,"469,069",
9154,9154,25/9/2025,MRT Purple Line,"78,738",
9155,9155,25/9/2025,MRT Yellow Line,"48,977",
9156,9156,25/9/2025,MRT Pink Line,"65,585",
9157,9157,25/9/2025,BTS Green Line,"764,719",
9158,9158,25/9/2025,BTS Gold Line,"5,107",
9159,9159,26/9/2025,SRT,"78,005",
9160,9160,26/9/2025,ARL,"74,954",
9161,9161,26/9/2025,Red Line,"43,321",
9162,9162,26/9/2025,MRT Blue Line,"491,143",
9163,9163,26/9/2025,MRT Purple Line,"80,342",
9164,9164,26/9/2025,MRT Yellow Line,"51,224",
9165,9165,26/9/2025,MRT Pink Line,"70,456",
9166,9166,26/9/2025,BTS Green Line,"802,263",
9167,9167,26/9/2025,BTS Gold Line,"6,456",
9168,9168,27/9/2025,SRT,"67,089",
9169,9169,27/9/2025,ARL,"53,075",
9170,9170,27/9/2025,Red Line,"28,311",
9171,9171,27/9/2025,MRT Blue Line,"314,187",
9172,9172,27/9/2025,MRT Purple Line,"46,450",
9173,9173,27/9/2025,MRT Yellow Line,"38,492",
9174,9174,27/9/2025,MRT Pink Line,"50,507",
9175,9175,27/9/2025,BTS Green Line,"559,718",
9176,9176,27/9/2025,BTS Gold Line,"8,001",
9177,9177,28/9/2025,SRT,"76,414",
9178,9178,28/9/2025,ARL,"48,891",
9179,9179,28/9/2025,Red Line,"26,175",
9180,9180,28/9/2025,MRT Blue Line,"272,931",
9181,9181,28/9/2025,MRT Purple Line,"37,882",
9182,9182,28/9/2025,MRT Yellow Line,"31,076",
9183,9183,28/9/2025,MRT Pink Line,"37,045",
9184,9184,28/9/2025,BTS Green Line,"482,525",
9185,9185,28/9/2025,BTS Gold Line,"6,401",
9186,9186,29/9/2025,SRT,"66,473",
9187,9187,29/9/2025,ARL,"71,281",
9188,9188,29/9/2025,Red Line,"41,299",
9189,9189,29/9/2025,MRT Blue Line,"483,536",
9190,9190,29/9/2025,MRT Purple Line,"78,759",
9191,9191,29/9/2025,MRT Yellow Line,"49,086",
9192,9192,29/9/2025,MRT Pink Line,"65,245",
9193,9193,29/9/2025,BTS Green Line,"766,463",
9194,9194,29/9/2025,BTS Gold Line,"7,179",
9195,9195,30/9/2025,SRT,"64,156",
9196,9196,30/9/2025,ARL,"74,338",
9197,9197,30/9/2025,Red Line,"40,740",
9198,9198,30/9/2025,MRT Blue Line,"494,370",
9199,9199,30/9/2025,MRT Purple Line,"80,166",
9200,9200,30/9/2025,MRT Yellow Line,"52,115",
9201,9201,30/9/2025,MRT Pink Line,"67,245",
9202,9202,30/9/2025,BTS Green Line,"803,266",
9203,9203,30/9/2025,BTS Gold Line,"7,255",
9204,9204,1/10/2025,SRT,"66,214",
9205,9205,1/10/2025,ARL,"74,481",
9206,9206,1/10/2025,Red Line,"38,459",
9207,9207,1/10/2025,MRT Blue Line,"504,444",
9208,9208,1/10/2025,MRT Purple Line,"80,292",
9209,9209,1/10/2025,MRT Yellow Line,"52,562",
9210,9210,1/10/2025,MRT Pink Line,"69,013",
9211,9211,1/10/2025,BTS Green Line,"825,061",
9212,9212,1/10/2025,BTS Gold Line,"6,532",
9213,9213,2/10/2025,SRT,"68,042",
9214,9214,2/10/2025,ARL,"75,439",
9215,9215,2/10/2025,Red Line,"42,075",
9216,9216,2/10/2025,MRT Blue Line,"512,774",
9217,9217,2/10/2025,MRT Purple Line,"80,749",
9218,9218,2/10/2025,MRT Yellow Line,"52,511",
9219,9219,2/10/2025,MRT Pink Line,"68,005",
9220,9220,2/10/2025,BTS Green Line,"848,399",
9221,9221,2/10/2025,BTS Gold Line,"7,309",
9222,9222,3/10/2025,SRT,"82,365",
9223,9223,3/10/2025,ARL,"77,135",
9224,9224,3/10/2025,Red Line,"44,646",
9225,9225,3/10/2025,MRT Blue Line,"520,431",
9226,9226,3/10/2025,MRT Purple Line,"81,444",
9227,9227,3/10/2025,MRT Yellow Line,"55,028",
9228,9228,3/10/2025,MRT Pink Line,"75,333",
9229,9229,3/10/2025,BTS Green Line,"851,391",
9230,9230,3/10/2025,BTS Gold Line,"8,873",
9231,9231,4/10/2025,SRT,"78,745",
9232,9232,4/10/2025,ARL,"55,302",
9233,9233,4/10/2025,Red Line,"29,723",
9234,9234,4/10/2025,MRT Blue Line,"331,250",
9235,9235,4/10/2025,MRT Purple Line,"47,785",
9236,9236,4/10/2025,MRT Yellow Line,"41,075",
9237,9237,4/10/2025,MRT Pink Line,"53,172",
9238,9238,4/10/2025,BTS Green Line,"606,302",
9239,9239,4/10/2025,BTS Gold Line,"8,661",
9240,9240,5/10/2025,SRT,"84,983",
9241,9241,5/10/2025,ARL,"51,900",
9242,9242,5/10/2025,Red Line,"27,338",
9243,9243,5/10/2025,MRT Blue Line,"302,581",
9244,9244,5/10/2025,MRT Purple Line,"41,090",
9245,9245,5/10/2025,MRT Yellow Line,"35,427",
9246,9246,5/10/2025,MRT Pink Line,"39,448",
9247,9247,5/10/2025,BTS Green Line,"544,572",
9248,9248,5/10/2025,BTS Gold Line,"8,615",
9249,9249,6/10/2025,SRT,"77,678",
9250,9250,6/10/2025,ARL,"74,266",
9251,9251,6/10/2025,Red Line,"41,783",
9252,9252,6/10/2025,MRT Blue Line,"486,557",
9253,9253,6/10/2025,MRT Purple Line,"79,429",
9254,9254,6/10/2025,MRT Yellow Line,"52,815",
9255,9255,6/10/2025,MRT Pink Line,"68,077",
9256,9256,6/10/2025,BTS Green Line,"805,532",
9257,9257,6/10/2025,BTS Gold Line,"7,035",
9258,9258,7/10/2025,SRT,"71,082",
9259,9259,7/10/2025,ARL,"73,768",
9260,9260,7/10/2025,Red Line,"41,269",
9261,9261,7/10/2025,MRT Blue Line,"493,367",
9262,9262,7/10/2025,MRT Purple Line,"80,796",
9263,9263,7/10/2025,MRT Yellow Line,"55,671",
9264,9264,7/10/2025,MRT Pink Line,"69,368",
9265,9265,7/10/2025,BTS Green Line,"838,207",
9266,9266,7/10/2025,BTS Gold Line,"7,806",
9267,9267,8/10/2025,SRT,"74,586",
9268,9268,8/10/2025,ARL,"74,168",
9269,9269,8/10/2025,Red Line,"40,343",
9270,9270,8/10/2025,MRT Blue Line,"485,720",
9271,9271,8/10/2025,MRT Purple Line,"80,099",
9272,9272,8/10/2025,MRT Yellow Line,"50,980",
9273,9273,8/10/2025,MRT Pink Line,"68,777",
9274,9274,8/10/2025,BTS Green Line,"814,959",
9275,9275,8/10/2025,BTS Gold Line,"6,067",
9276,9276,9/10/2025,SRT,"76,654",
9277,9277,9/10/2025,ARL,"76,532",
9278,9278,9/10/2025,Red Line,"42,299",
9279,9279,9/10/2025,MRT Blue Line,"507,969",
9280,9280,9/10/2025,MRT Purple Line,"81,257",
9281,9281,9/10/2025,MRT Yellow Line,"51,702",
9282,9282,9/10/2025,MRT Pink Line,"66,041",
9283,9283,9/10/2025,BTS Green Line,"812,851",
9284,9284,9/10/2025,BTS Gold Line,"6,451",
9285,9285,10/10/2025,SRT,"94,224",
9286,9286,10/10/2025,ARL,"77,587",
9287,9287,10/10/2025,Red Line,"45,099",
9288,9288,10/10/2025,MRT Blue Line,"516,853",
9289,9289,10/10/2025,MRT Purple Line,"81,044",
9290,9290,10/10/2025,MRT Yellow Line,"53,910",
9291,9291,10/10/2025,MRT Pink Line,"70,803",
9292,9292,10/10/2025,BTS Green Line,"814,337",
9293,9293,10/10/2025,BTS Gold Line,"6,966",
9294,9294,11/10/2025,SRT,"91,074",
9295,9295,11/10/2025,ARL,"55,273",
9296,9296,11/10/2025,Red Line,"29,419",
9297,9297,11/10/2025,MRT Blue Line,"348,431",
9298,9298,11/10/2025,MRT Purple Line,"45,339",
9299,9299,11/10/2025,MRT Yellow Line,"36,666",
9300,9300,11/10/2025,MRT Pink Line,"47,064",
9301,9301,11/10/2025,BTS Green Line,"560,991",
9302,9302,11/10/2025,BTS Gold Line,"8,702",
9303,9303,12/10/2025,SRT,"87,245",
9304,9304,12/10/2025,ARL,"48,861",
9305,9305,12/10/2025,Red Line,"25,832",
9306,9306,12/10/2025,MRT Blue Line,"306,732",
9307,9307,12/10/2025,MRT Purple Line,"38,295",
9308,9308,12/10/2025,MRT Yellow Line,"33,045",
9309,9309,12/10/2025,MRT Pink Line,"36,737",
9310,9310,12/10/2025,BTS Green Line,"518,565",
9311,9311,12/10/2025,BTS Gold Line,"8,296",
9312,9312,13/10/2025,SRT,"93,755",
9313,9313,13/10/2025,ARL,"48,897",
9314,9314,13/10/2025,Red Line,"26,279",
9315,9315,13/10/2025,MRT Blue Line,"263,307",
9316,9316,13/10/2025,MRT Purple Line,"34,400",
9317,9317,13/10/2025,MRT Yellow Line,"27,920",
9318,9318,13/10/2025,MRT Pink Line,"31,989",
9319,9319,13/10/2025,BTS Green Line,"447,481",
9320,9320,13/10/2025,BTS Gold Line,"5,921",
9321,9321,14/10/2025,SRT,"79,281",
9322,9322,14/10/2025,ARL,"74,674",
9323,9323,14/10/2025,Red Line,"43,676",
9324,9324,14/10/2025,MRT Blue Line,"496,188",
9325,9325,14/10/2025,MRT Purple Line,"79,332",
9326,9326,14/10/2025,MRT Yellow Line,"50,504",
9327,9327,14/10/2025,MRT Pink Line,"68,629",
9328,9328,14/10/2025,BTS Green Line,"790,588",
9329,9329,14/10/2025,BTS Gold Line,"5,907",
9330,9330,15/10/2025,SRT,"76,870",
9331,9331,15/10/2025,ARL,"77,581",
9332,9332,15/10/2025,Red Line,"42,699",
9333,9333,15/10/2025,MRT Blue Line,"523,255",
9334,9334,15/10/2025,MRT Purple Line,"81,492",
9335,9335,15/10/2025,MRT Yellow Line,"54,315",
9336,9336,15/10/2025,MRT Pink Line,"70,478",
9337,9337,15/10/2025,BTS Green Line,"820,604",
9338,9338,15/10/2025,BTS Gold Line,"6,238",
9339,9339,16/10/2025,SRT,"74,601",
9340,9340,16/10/2025,ARL,"75,699",
9341,9341,16/10/2025,Red Line,"38,672",
9342,9342,16/10/2025,MRT Blue Line,"513,298",
9343,9343,16/10/2025,MRT Purple Line,"79,954",
9344,9344,16/10/2025,MRT Yellow Line,"51,702",
9345,9345,16/10/2025,MRT Pink Line,"64,908",
9346,9346,16/10/2025,BTS Green Line,"811,185",
9347,9347,16/10/2025,BTS Gold Line,"6,303",
9348,9348,17/10/2025,SRT,"82,552",
9349,9349,17/10/2025,ARL,"79,118",
9350,9350,17/10/2025,Red Line,"48,948",
9351,9351,17/10/2025,MRT Blue Line,"540,985",
9352,9352,17/10/2025,MRT Purple Line,"81,180",
9353,9353,17/10/2025,MRT Yellow Line,"54,521",
9354,9354,17/10/2025,MRT Pink Line,"71,316",
9355,9355,17/10/2025,BTS Green Line,"851,859",
9356,9356,17/10/2025,BTS Gold Line,"7,655",
9357,9357,18/10/2025,SRT,"80,111",
9358,9358,18/10/2025,ARL,"56,639",
9359,9359,18/10/2025,Red Line,"32,120",
9360,9360,18/10/2025,MRT Blue Line,"382,099",
9361,9361,18/10/2025,MRT Purple Line,"50,186",
9362,9362,18/10/2025,MRT Yellow Line,"41,444",
9363,9363,18/10/2025,MRT Pink Line,"53,377",
9364,9364,18/10/2025,BTS Green Line,"631,086",
9365,9365,18/10/2025,BTS Gold Line,"7,291",
9366,9366,19/10/2025,SRT,"83,146",
9367,9367,19/10/2025,ARL,"52,444",
9368,9368,19/10/2025,Red Line,"28,219",
9369,9369,19/10/2025,MRT Blue Line,"324,232",
9370,9370,19/10/2025,MRT Purple Line,"43,647",
9371,9371,19/10/2025,MRT Yellow Line,"35,319",
9372,9372,19/10/2025,MRT Pink Line,"42,161",
9373,9373,19/10/2025,BTS Green Line,"540,109",
9374,9374,19/10/2025,BTS Gold Line,"6,575",
9375,9375,20/10/2025,SRT,"81,653",
9376,9376,20/10/2025,ARL,"73,473",
9377,9377,20/10/2025,Red Line,"41,944",
9378,9378,20/10/2025,MRT Blue Line,"480,681",
9379,9379,20/10/2025,MRT Purple Line,"78,816",
9380,9380,20/10/2025,MRT Yellow Line,"51,835",
9381,9381,20/10/2025,MRT Pink Line,"67,713",
9382,9382,20/10/2025,BTS Green Line,"782,958",
9383,9383,20/10/2025,BTS Gold Line,"6,436",
9384,9384,21/10/2025,SRT,"77,044",
9385,9385,21/10/2025,ARL,"73,655",
9386,9386,21/10/2025,Red Line,"40,770",
9387,9387,21/10/2025,MRT Blue Line,"490,319",
9388,9388,21/10/2025,MRT Purple Line,"79,880",
9389,9389,21/10/2025,MRT Yellow Line,"51,168",
9390,9390,21/10/2025,MRT Pink Line,"66,628",
9391,9391,21/10/2025,BTS Green Line,"792,045",
9392,9392,21/10/2025,BTS Gold Line,"5,667",
9393,9393,22/10/2025,SRT,"80,271",
9394,9394,22/10/2025,ARL,"74,813",
9395,9395,22/10/2025,Red Line,"42,572",
9396,9396,22/10/2025,MRT Blue Line,"497,047",
9397,9397,22/10/2025,MRT Purple Line,"79,603",
9398,9398,22/10/2025,MRT Yellow Line,"52,949",
9399,9399,22/10/2025,MRT Pink Line,"67,780",
9400,9400,22/10/2025,BTS Green Line,"807,114",
9401,9401,22/10/2025,BTS Gold Line,"6,361",
9402,9402,23/10/2025,SRT,"75,129",
9403,9403,23/10/2025,ARL,"49,119",
9404,9404,23/10/2025,Red Line,"25,270",
9405,9405,23/10/2025,MRT Blue Line,"255,464",
9406,9406,23/10/2025,MRT Purple Line,"35,734",
9407,9407,23/10/2025,MRT Yellow Line,"30,274",
9408,9408,23/10/2025,MRT Pink Line,"34,753",
9409,9409,23/10/2025,BTS Green Line,"476,269",
9410,9410,23/10/2025,BTS Gold Line,"5,950",
9411,9411,24/10/2025,SRT,"83,955",
9412,9412,24/10/2025,ARL,"77,797",
9413,9413,24/10/2025,Red Line,"41,079",
9414,9414,24/10/2025,MRT Blue Line,"490,027",
9415,9415,24/10/2025,MRT Purple Line,"74,439",
9416,9416,24/10/2025,MRT Yellow Line,"53,586",
9417,9417,24/10/2025,MRT Pink Line,"64,576",
9418,9418,24/10/2025,BTS Green Line,"747,267",
9419,9419,24/10/2025,BTS Gold Line,"6,986",
9420,9420,25/10/2025,SRT,"79,052",
9421,9421,25/10/2025,ARL,"61,477",
9422,9422,25/10/2025,Red Line,"29,208",
9423,9423,25/10/2025,MRT Blue Line,"337,805",
9424,9424,25/10/2025,MRT Purple Line,"44,939",
9425,9425,25/10/2025,MRT Yellow Line,"41,236",
9426,9426,25/10/2025,MRT Pink Line,"45,167",
9427,9427,25/10/2025,BTS Green Line,"572,581",
9428,9428,25/10/2025,BTS Gold Line,"6,709",
9429,9429,26/10/2025,SRT,"84,905",
9430,9430,26/10/2025,ARL,"57,830",
9431,9431,26/10/2025,Red Line,"27,958",
9432,9432,26/10/2025,MRT Blue Line,"284,262",
9433,9433,26/10/2025,MRT Purple Line,"38,114",
9434,9434,26/10/2025,MRT Yellow Line,"36,343",
9435,9435,26/10/2025,MRT Pink Line,"41,595",
9436,9436,26/10/2025,BTS Green Line,"506,121",
9437,9437,26/10/2025,BTS Gold Line,"5,608",
9438,9438,27/10/2025,SRT,"78,841",
9439,9439,27/10/2025,ARL,"76,017",
9440,9440,27/10/2025,Red Line,"41,901",
9441,9441,27/10/2025,MRT Blue Line,"477,605",
9442,9442,27/10/2025,MRT Purple Line,"77,969",
9443,9443,27/10/2025,MRT Yellow Line,"49,705",
9444,9444,27/10/2025,MRT Pink Line,"67,132",
9445,9445,27/10/2025,BTS Green Line,"765,372",
9446,9446,27/10/2025,BTS Gold Line,"6,034",
9447,9447,28/10/2025,SRT,"74,348",
9448,9448,28/10/2025,ARL,"74,735",
9449,9449,28/10/2025,Red Line,"41,482",
9450,9450,28/10/2025,MRT Blue Line,"497,884",
9451,9451,28/10/2025,MRT Purple Line,"80,122",
9452,9452,28/10/2025,MRT Yellow Line,"50,205",
9453,9453,28/10/2025,MRT Pink Line,"68,461",
9454,9454,28/10/2025,BTS Green Line,"797,026",
9455,9455,28/10/2025,BTS Gold Line,"5,889",
9456,9456,29/10/2025,SRT,"74,014",
9457,9457,29/10/2025,ARL,"74,856",
9458,9458,29/10/2025,Red Line,"41,194",
9459,9459,29/10/2025,MRT Blue Line,"507,661",
9460,9460,29/10/2025,MRT Purple Line,"81,427",
9461,9461,29/10/2025,MRT Yellow Line,"53,907",
9462,9462,29/10/2025,MRT Pink Line,"70,983",
9463,9463,29/10/2025,BTS Green Line,"808,938",
9464,9464,29/10/2025,BTS Gold Line,"6,038",
9465,9465,30/10/2025,SRT,"76,266",
9466,9466,30/10/2025,ARL,"75,486",
9467,9467,30/10/2025,Red Line,"41,469",
9468,9468,30/10/2025,MRT Blue Line,"496,169",
9469,9469,30/10/2025,MRT Purple Line,"79,875",
9470,9470,30/10/2025,MRT Yellow Line,"52,839",
9471,9471,30/10/2025,MRT Pink Line,"70,606",
9472,9472,30/10/2025,BTS Green Line,"818,379",
9473,9473,30/10/2025,BTS Gold Line,"6,430",
9474,9474,31/10/2025,SRT,"86,149",
9475,9475,31/10/2025,ARL,"81,529",
9476,9476,31/10/2025,Red Line,"46,514",
9477,9477,31/10/2025,MRT Blue Line,"511,601",
9478,9478,31/10/2025,MRT Purple Line,"79,638",
9479,9479,31/10/2025,MRT Yellow Line,"59,719",
9480,9480,31/10/2025,MRT Pink Line,"79,102",
9481,9481,31/10/2025,BTS Green Line,"896,183",
9482,9482,31/10/2025,BTS Gold Line,"7,639",
9483,9483,1/11/2025,SRT,"86,522",
9484,9484,1/11/2025,ARL,"60,282",
9485,9485,1/11/2025,Red Line,"31,995",
9486,9486,1/11/2025,MRT Blue Line,"341,149",
9487,9487,1/11/2025,MRT Purple Line,"49,203",
9488,9488,1/11/2025,MRT Yellow Line,"44,482",
9489,9489,1/11/2025,MRT Pink Line,"54,814",
9490,9490,1/11/2025,BTS Green Line,"630,261",
9491,9491,1/11/2025,BTS Gold Line,"7,785",
9492,9492,2/11/2025,SRT,"92,244",
9493,9493,2/11/2025,ARL,"55,389",
9494,9494,2/11/2025,Red Line,"29,893",
9495,9495,2/11/2025,MRT Blue Line,"294,150",
9496,9496,2/11/2025,MRT Purple Line,"40,326",
9497,9497,2/11/2025,MRT Yellow Line,"38,882",
9498,9498,2/11/2025,MRT Pink Line,"47,982",
9499,9499,2/11/2025,BTS Green Line,"531,964",
9500,9500,2/11/2025,BTS Gold Line,"7,331",
9501,9501,3/11/2025,SRT,"83,380",
9502,9502,3/11/2025,ARL,"78,015",
9503,9503,3/11/2025,Red Line,"43,623",
9504,9504,3/11/2025,MRT Blue Line,"482,430",
9505,9505,3/11/2025,MRT Purple Line,"79,671",
9506,9506,3/11/2025,MRT Yellow Line,"58,621",
9507,9507,3/11/2025,MRT Pink Line,"77,691",
9508,9508,3/11/2025,BTS Green Line,"812,766",
9509,9509,3/11/2025,BTS Gold Line,"7,831",
9510,9510,4/11/2025,SRT,"74,445",
9511,9511,4/11/2025,ARL,"76,464",
9512,9512,4/11/2025,Red Line,"42,896",
9513,9513,4/11/2025,MRT Blue Line,"485,956",
9514,9514,4/11/2025,MRT Purple Line,"78,159",
9515,9515,4/11/2025,MRT Yellow Line,"57,625",
9516,9516,4/11/2025,MRT Pink Line,"80,878",
9517,9517,4/11/2025,BTS Green Line,"834,948",
9518,9518,4/11/2025,BTS Gold Line,"6,883",
9519,9519,5/11/2025,SRT,"72,142",
9520,9520,5/11/2025,ARL,"79,500",
9521,9521,5/11/2025,Red Line,"47,463",
9522,9522,5/11/2025,MRT Blue Line,"536,150",
9523,9523,5/11/2025,MRT Purple Line,"81,848",
9524,9524,5/11/2025,MRT Yellow Line,"59,131",
9525,9525,5/11/2025,MRT Pink Line,"82,981",
9526,9526,5/11/2025,BTS Green Line,"922,104",
9527,9527,5/11/2025,BTS Gold Line,"13,538",
9528,9528,6/11/2025,SRT,"75,790",
9529,9529,6/11/2025,ARL,"75,617",
9530,9530,6/11/2025,Red Line,"43,002",
9531,9531,6/11/2025,MRT Blue Line,"485,334",
9532,9532,6/11/2025,MRT Purple Line,"76,597",
9533,9533,6/11/2025,MRT Yellow Line,"54,466",
9534,9534,6/11/2025,MRT Pink Line,"71,004",
9535,9535,6/11/2025,BTS Green Line,"812,159",
9536,9536,6/11/2025,BTS Gold Line,"6,875",
9537,9537,7/11/2025,SRT,"85,184",
9538,9538,7/11/2025,ARL,"79,806",
9539,9539,7/11/2025,Red Line,"50,513",
9540,9540,7/11/2025,MRT Blue Line,"499,503",
9541,9541,7/11/2025,MRT Purple Line,"76,561",
9542,9542,7/11/2025,MRT Yellow Line,"56,453",
9543,9543,7/11/2025,MRT Pink Line,"76,920",
9544,9544,7/11/2025,BTS Green Line,"846,019",
9545,9545,7/11/2025,BTS Gold Line,"7,059",
9546,9546,8/11/2025,SRT,"84,180",
9547,9547,8/11/2025,ARL,"62,827",
9548,9548,8/11/2025,Red Line,"38,197",
9549,9549,8/11/2025,MRT Blue Line,"336,658",
9550,9550,8/11/2025,MRT Purple Line,"46,094",
9551,9551,8/11/2025,MRT Yellow Line,"40,462",
9552,9552,8/11/2025,MRT Pink Line,"59,568",
9553,9553,8/11/2025,BTS Green Line,"646,133",
9554,9554,8/11/2025,BTS Gold Line,"8,105",
9555,9555,9/11/2025,SRT,"86,405",
9556,9556,9/11/2025,ARL,"52,073",
9557,9557,9/11/2025,Red Line,"27,913",
9558,9558,9/11/2025,MRT Blue Line,"272,568",
9559,9559,9/11/2025,MRT Purple Line,"35,456",
9560,9560,9/11/2025,MRT Yellow Line,"37,177",
9561,9561,9/11/2025,MRT Pink Line,"40,465",
9562,9562,9/11/2025,BTS Green Line,"496,369",
9563,9563,9/11/2025,BTS Gold Line,"6,560",
9564,9564,10/11/2025,SRT,"77,143",
9565,9565,10/11/2025,ARL,"74,752",
9566,9566,10/11/2025,Red Line,"43,076",
9567,9567,10/11/2025,MRT Blue Line,"476,498",
9568,9568,10/11/2025,MRT Purple Line,"76,487",
9569,9569,10/11/2025,MRT Yellow Line,"52,442",
9570,9570,10/11/2025,MRT Pink Line,"73,677",
9571,9571,10/11/2025,BTS Green Line,"775,192",
9572,9572,10/11/2025,BTS Gold Line,"6,632",
9573,9573,11/11/2025,SRT,"71,380",
9574,9574,11/11/2025,ARL,"74,436",
9575,9575,11/11/2025,Red Line,"36,366",
9576,9576,11/11/2025,MRT Blue Line,"496,500",
9577,9577,11/11/2025,MRT Purple Line,"78,745",
9578,9578,11/11/2025,MRT Yellow Line,"53,175",
9579,9579,11/11/2025,MRT Pink Line,"74,492",
9580,9580,11/11/2025,BTS Green Line,"810,788",
9581,9581,11/11/2025,BTS Gold Line,"6,627",
9582,9582,12/11/2025,SRT,"69,695",
9583,9583,12/11/2025,ARL,"76,151",
9584,9584,12/11/2025,Red Line,"41,976",
9585,9585,12/11/2025,MRT Blue Line,"500,142",
9586,9586,12/11/2025,MRT Purple Line,"78,137",
9587,9587,12/11/2025,MRT Yellow Line,"52,372",
9588,9588,12/11/2025,MRT Pink Line,"71,819",
9589,9589,12/11/2025,BTS Green Line,"801,623",
9590,9590,12/11/2025,BTS Gold Line,"6,733",
9591,9591,13/11/2025,SRT,"70,219",
9592,9592,13/11/2025,ARL,"74,915",
9593,9593,13/11/2025,Red Line,"42,954",
9594,9594,13/11/2025,MRT Blue Line,"499,257",
9595,9595,13/11/2025,MRT Purple Line,"80,529",
9596,9596,13/11/2025,MRT Yellow Line,"54,841",
9597,9597,13/11/2025,MRT Pink Line,"72,915",
9598,9598,13/11/2025,BTS Green Line,"805,009",
9599,9599,13/11/2025,BTS Gold Line,"8,689",
9600,9600,14/11/2025,SRT,"84,290",
9601,9601,14/11/2025,ARL,"77,475",
9602,9602,14/11/2025,Red Line,"45,919",
9603,9603,14/11/2025,MRT Blue Line,"513,545",
9604,9604,14/11/2025,MRT Purple Line,"79,782",
9605,9605,14/11/2025,MRT Yellow Line,"52,926",
9606,9606,14/11/2025,MRT Pink Line,"75,073",
9607,9607,14/11/2025,BTS Green Line,"836,805",
9608,9608,14/11/2025,BTS Gold Line,"10,114",
9609,9609,15/11/2025,SRT,"78,222",
9610,9610,15/11/2025,ARL,"57,553",
9611,9611,15/11/2025,Red Line,"30,937",
9612,9612,15/11/2025,MRT Blue Line,"339,942",
9613,9613,15/11/2025,MRT Purple Line,"45,794",
9614,9614,15/11/2025,MRT Yellow Line,"40,749",
9615,9615,15/11/2025,MRT Pink Line,"50,436",
9616,9616,15/11/2025,BTS Green Line,"613,133",
9617,9617,15/11/2025,BTS Gold Line,"9,414",
9618,9618,16/11/2025,SRT,"84,523",
9619,9619,16/11/2025,ARL,"51,102",
9620,9620,16/11/2025,Red Line,"28,252",
9621,9621,16/11/2025,MRT Blue Line,"279,091",
9622,9622,16/11/2025,MRT Purple Line,"38,459",
9623,9623,16/11/2025,MRT Yellow Line,"33,421",
9624,9624,16/11/2025,MRT Pink Line,"42,296",
9625,9625,16/11/2025,BTS Green Line,"498,092",
9626,9626,16/11/2025,BTS Gold Line,"8,146",
9627,9627,17/11/2025,SRT,"73,621",
9628,9628,17/11/2025,ARL,"74,621",
9629,9629,17/11/2025,Red Line,"42,238",
9630,9630,17/11/2025,MRT Blue Line,"489,606",
9631,9631,17/11/2025,MRT Purple Line,"79,862",
9632,9632,17/11/2025,MRT Yellow Line,"51,393",
9633,9633,17/11/2025,MRT Pink Line,"70,808",
9634,9634,17/11/2025,BTS Green Line,"776,321",
9635,9635,17/11/2025,BTS Gold Line,"6,828",
9636,9636,18/11/2025,SRT,"66,538",
9637,9637,18/11/2025,ARL,"74,359",
9638,9638,18/11/2025,Red Line,"41,082",
9639,9639,18/11/2025,MRT Blue Line,"508,921",
9640,9640,18/11/2025,MRT Purple Line,"81,294",
9641,9641,18/11/2025,MRT Yellow Line,"51,876",
9642,9642,18/11/2025,MRT Pink Line,"70,727",
9643,9643,18/11/2025,BTS Green Line,"792,659",
9644,9644,18/11/2025,BTS Gold Line,"6,383",
9645,9645,19/11/2025,SRT,"66,108",
9646,9646,19/11/2025,ARL,"75,222",
9647,9647,19/11/2025,Red Line,"41,804",
9648,9648,19/11/2025,MRT Blue Line,"510,272",
9649,9649,19/11/2025,MRT Purple Line,"81,631",
9650,9650,19/11/2025,MRT Yellow Line,"52,314",
9651,9651,19/11/2025,MRT Pink Line,"71,862",
9652,9652,19/11/2025,BTS Green Line,"804,546",
9653,9653,19/11/2025,BTS Gold Line,"6,496",
9654,9654,20/11/2025,SRT,"71,336",
9655,9655,20/11/2025,ARL,"75,848",
9656,9656,20/11/2025,Red Line,"45,302",
9657,9657,20/11/2025,MRT Blue Line,"512,411",
9658,9658,20/11/2025,MRT Purple Line,"81,562",
9659,9659,20/11/2025,MRT Yellow Line,"52,559",
9660,9660,20/11/2025,MRT Pink Line,"72,777",
9661,9661,20/11/2025,BTS Green Line,"839,837",
9662,9662,20/11/2025,BTS Gold Line,"6,897",
9663,9663,21/11/2025,SRT,"84,546",
9664,9664,21/11/2025,ARL,"79,180",
9665,9665,21/11/2025,Red Line,"49,487",
9666,9666,21/11/2025,MRT Blue Line,"524,938",
9667,9667,21/11/2025,MRT Purple Line,"82,022",
9668,9668,21/11/2025,MRT Yellow Line,"54,288",
9669,9669,21/11/2025,MRT Pink Line,"79,111",
9670,9670,21/11/2025,BTS Green Line,"879,359",
9671,9671,21/11/2025,BTS Gold Line,"8,250",
9672,9672,22/11/2025,SRT,"65,846",
9673,9673,22/11/2025,ARL,"60,099",
9674,9674,22/11/2025,Red Line,"30,316",
9675,9675,22/11/2025,MRT Blue Line,"337,712",
9676,9676,22/11/2025,MRT Purple Line,"47,554",
9677,9677,22/11/2025,MRT Yellow Line,"37,443",
9678,9678,22/11/2025,MRT Pink Line,"51,762",
9679,9679,22/11/2025,BTS Green Line,"624,070",
9680,9680,22/11/2025,BTS Gold Line,"8,419",
9681,9681,23/11/2025,SRT,"71,431",
9682,9682,23/11/2025,ARL,"52,066",
9683,9683,23/11/2025,Red Line,"26,701",
9684,9684,23/11/2025,MRT Blue Line,"273,986",
9685,9685,23/11/2025,MRT Purple Line,"39,099",
9686,9686,23/11/2025,MRT Yellow Line,"32,445",
9687,9687,23/11/2025,MRT Pink Line,"41,286",
9688,9688,23/11/2025,BTS Green Line,"499,037",
9689,9689,23/11/2025,BTS Gold Line,"10,605",
9690,9690,24/11/2025,SRT,"61,610",
9691,9691,24/11/2025,ARL,"72,808",
9692,9692,24/11/2025,Red Line,"42,527",
9693,9693,24/11/2025,MRT Blue Line,"485,104",
9694,9694,24/11/2025,MRT Purple Line,"81,384",
9695,9695,24/11/2025,MRT Yellow Line,"50,911",
9696,9696,24/11/2025,MRT Pink Line,"70,265",
9697,9697,24/11/2025,BTS Green Line,"773,088",
9698,9698,24/11/2025,BTS Gold Line,"6,606",
9699,9699,25/11/2025,SRT,"58,686",
9700,9700,25/11/2025,ARL,"79,369",
9701,9701,25/11/2025,Red Line,"42,427",
9702,9702,25/11/2025,MRT Blue Line,"511,740",
9703,9703,25/11/2025,MRT Purple Line,"83,799",
9704,9704,25/11/2025,MRT Yellow Line,"52,812",
9705,9705,25/11/2025,MRT Pink Line,"73,360",
9706,9706,25/11/2025,BTS Green Line,"809,359",
9707,9707,25/11/2025,BTS Gold Line,"6,567",
9708,9708,26/11/2025,SRT,"58,236",
9709,9709,26/11/2025,ARL,"76,161",
9710,9710,26/11/2025,Red Line,"42,427",
9711,9711,26/11/2025,MRT Blue Line,"506,623",
9712,9712,26/11/2025,MRT Purple Line,"81,675",
9713,9713,26/11/2025,MRT Yellow Line,"51,351",
9714,9714,26/11/2025,MRT Pink Line,"71,045",
9715,9715,26/11/2025,BTS Green Line,"803,574",
9716,9716,26/11/2025,BTS Gold Line,"7,003",
9717,9717,27/11/2025,SRT,"60,205",
9718,9718,27/11/2025,ARL,"76,693",
9719,9719,27/11/2025,Red Line,"42,492",
9720,9720,27/11/2025,MRT Blue Line,"504,458",
9721,9721,27/11/2025,MRT Purple Line,"82,296",
9722,9722,27/11/2025,MRT Yellow Line,"52,247",
9723,9723,27/11/2025,MRT Pink Line,"52,247",
9724,9724,27/11/2025,BTS Green Line,"823,980",
9725,9725,27/11/2025,BTS Gold Line,"7,019",
9726,9726,28/11/2025,SRT,"71,155",
9727,9727,28/11/2025,ARL,"82,219",
9728,9728,28/11/2025,Red Line,"46,812",
9729,9729,28/11/2025,MRT Blue Line,"531,557",
9730,9730,28/11/2025,MRT Purple Line,"84,966",
9731,9731,28/11/2025,MRT Yellow Line,"56,432",
9732,9732,28/11/2025,MRT Pink Line,"81,531",
9733,9733,28/11/2025,BTS Green Line,"895,064",
9734,9734,28/11/2025,BTS Gold Line,"8,817",
9735,9735,29/11/2025,SRT,"64,898",
9736,9736,29/11/2025,ARL,"65,141",
9737,9737,29/11/2025,Red Line,"31,724",
9738,9738,29/11/2025,MRT Blue Line,"360,867",
9739,9739,29/11/2025,MRT Purple Line,"52,851",
9740,9740,29/11/2025,MRT Yellow Line,"41,181",
9741,9741,29/11/2025,MRT Pink Line,"60,827",
9742,9742,29/11/2025,BTS Green Line,"664,476",
9743,9743,29/11/2025,BTS Gold Line,"8,768",
9744,9744,30/11/2025,SRT,"71,142",
9745,9745,30/11/2025,ARL,"56,972",
9746,9746,30/11/2025,Red Line,"28,190",
9747,9747,30/11/2025,MRT Blue Line,"321,212",
9748,9748,30/11/2025,MRT Purple Line,"44,324",
9749,9749,30/11/2025,MRT Yellow Line,"36,001",
9750,9750,30/11/2025,MRT Pink Line,"56,248",
9751,9751,30/11/2025,BTS Green Line,"554,308",
9752,9752,30/11/2025,BTS Gold Line,"7,794",
9753,9753,1/12/2025,SRT,"65,309",
9754,9754,1/12/2025,ARL,"76,732",
9755,9755,1/12/2025,Red Line,"43,493",
9756,9756,1/12/2025,MRT Blue Line,"495,132",
9757,9757,1/12/2025,MRT Purple Line,"81,134",
9758,9758,1/12/2025,MRT Yellow Line,"54,583",
9759,9759,1/12/2025,MRT Pink Line,"75,676",
9760,9760,1/12/2025,BTS Green Line,"791,875",
9761,9761,1/12/2025,BTS Gold Line,"6,907",
9762,9762,2/12/2025,SRT,"61,504",
9763,9763,2/12/2025,ARL,"78,383",
9764,9764,2/12/2025,Red Line,"41,871",
9765,9765,2/12/2025,MRT Blue Line,"497,461",
9766,9766,2/12/2025,MRT Purple Line,"82,369",
9767,9767,2/12/2025,MRT Yellow Line,"55,164",
9768,9768,2/12/2025,MRT Pink Line,"75,650",
9769,9769,2/12/2025,BTS Green Line,"800,758",
9770,9770,2/12/2025,BTS Gold Line,"6,655",
9771,9771,3/12/2025,SRT,"62,915",
9772,9772,3/12/2025,ARL,"77,404",
9773,9773,3/12/2025,Red Line,"40,631",
9774,9774,3/12/2025,MRT Blue Line,"480,139",
9775,9775,3/12/2025,MRT Purple Line,"77,338",
9776,9776,3/12/2025,MRT Yellow Line,"54,618",
9777,9777,3/12/2025,MRT Pink Line,"76,701",
9778,9778,3/12/2025,BTS Green Line,"817,035",
9779,9779,3/12/2025,BTS Gold Line,"6,496",
9780,9780,4/12/2025,SRT,"78,210",
9781,9781,4/12/2025,ARL,"78,423",
9782,9782,4/12/2025,Red Line,"46,467",
9783,9783,4/12/2025,MRT Blue Line,"507,706",
9784,9784,4/12/2025,MRT Purple Line,"80,832",
9785,9785,4/12/2025,MRT Yellow Line,"58,992",
9786,9786,4/12/2025,MRT Pink Line,"82,173",
9787,9787,4/12/2025,BTS Green Line,"838,879",
9788,9788,4/12/2025,BTS Gold Line,"8,055",
9789,9789,5/12/2025,SRT,"79,795",
9790,9790,5/12/2025,ARL,"59,080",
9791,9791,5/12/2025,Red Line,"25,043",
9792,9792,5/12/2025,MRT Blue Line,"298,497",
9793,9793,5/12/2025,MRT Purple Line,"38,342",
9794,9794,5/12/2025,MRT Yellow Line,"46,313",
9795,9795,5/12/2025,MRT Pink Line,"51,649",
9796,9796,5/12/2025,BTS Green Line,"525,640",
9797,9797,5/12/2025,BTS Gold Line,"10,913",
9798,9798,6/12/2025,SRT,"70,554",
9799,9799,6/12/2025,ARL,"56,698",
9800,9800,6/12/2025,Red Line,"32,384",
9801,9801,6/12/2025,MRT Blue Line,"330,139",
9802,9802,6/12/2025,MRT Purple Line,"43,262",
9803,9803,6/12/2025,MRT Yellow Line,"44,199",
9804,9804,6/12/2025,MRT Pink Line,"52,585",
9805,9805,6/12/2025,BTS Green Line,"555,579",
9806,9806,6/12/2025,BTS Gold Line,"11,526",
9807,9807,7/12/2025,SRT,"85,598",
9808,9808,7/12/2025,ARL,"53,976",
9809,9809,7/12/2025,Red Line,"35,172",
9810,9810,7/12/2025,MRT Blue Line,"286,546",
9811,9811,7/12/2025,MRT Purple Line,"39,078",
9812,9812,7/12/2025,MRT Yellow Line,"45,982",
9813,9813,7/12/2025,MRT Pink Line,"49,163",
9814,9814,7/12/2025,BTS Green Line,"499,068",
9815,9815,7/12/2025,BTS Gold Line,"6,824",
9816,9816,8/12/2025,SRT,"74,060",
9817,9817,8/12/2025,ARL,"74,763",
9818,9818,8/12/2025,Red Line,"42,881",
9819,9819,8/12/2025,MRT Blue Line,"471,711",
9820,9820,8/12/2025,MRT Purple Line,"75,888",
9821,9821,8/12/2025,MRT Yellow Line,"54,784",
9822,9822,8/12/2025,MRT Pink Line,"72,493",
9823,9823,8/12/2025,BTS Green Line,"748,362",
9824,9824,8/12/2025,BTS Gold Line,"8,481",
9825,9825,9/12/2025,SRT,"67,858",
9826,9826,9/12/2025,ARL,"76,673",
9827,9827,9/12/2025,Red Line,"41,229",
9828,9828,9/12/2025,MRT Blue Line,"474,949",
9829,9829,9/12/2025,MRT Purple Line,"77,407",
9830,9830,9/12/2025,MRT Yellow Line,"58,253",
9831,9831,9/12/2025,MRT Pink Line,"72,886",
9832,9832,9/12/2025,BTS Green Line,"779,634",
9833,9833,9/12/2025,BTS Gold Line,"6,394",
9834,9834,10/12/2025,SRT,"59,509",
9835,9835,10/12/2025,ARL,"58,149",
9836,9836,10/12/2025,Red Line,"26,688",
9837,9837,10/12/2025,MRT Blue Line,"282,818",
9838,9838,10/12/2025,MRT Purple Line,"41,678",
9839,9839,10/12/2025,MRT Yellow Line,"42,313",
9840,9840,10/12/2025,MRT Pink Line,"45,758",
9841,9841,10/12/2025,BTS Green Line,"523,697",
9842,9842,10/12/2025,BTS Gold Line,"6,280",
9843,9843,11/12/2025,SRT,"63,900",
9844,9844,11/12/2025,ARL,"75,546",
9845,9845,11/12/2025,Red Line,"39,725",
9846,9846,11/12/2025,MRT Blue Line,"481,921",
9847,9847,11/12/2025,MRT Purple Line,"76,803",
9848,9848,11/12/2025,MRT Yellow Line,"51,700",
9849,9849,11/12/2025,MRT Pink Line,"69,208",
9850,9850,11/12/2025,BTS Green Line,"781,689",
9851,9851,11/12/2025,BTS Gold Line,"10,001",
9852,9852,12/12/2025,SRT,"76,577",
9853,9853,12/12/2025,ARL,"78,709",
9854,9854,12/12/2025,Red Line,"42,846",
9855,9855,12/12/2025,MRT Blue Line,"514,134",
9856,9856,12/12/2025,MRT Purple Line,"78,477",
9857,9857,12/12/2025,MRT Yellow Line,"52,148",
9858,9858,12/12/2025,MRT Pink Line,"72,503",
9859,9859,12/12/2025,BTS Green Line,"826,101",
9860,9860,12/12/2025,BTS Gold Line,"8,032",
9861,9861,13/12/2025,SRT,"68,822",
9862,9862,13/12/2025,ARL,"63,822",
9863,9863,13/12/2025,Red Line,"28,812",
9864,9864,13/12/2025,MRT Blue Line,"388,561",
9865,9865,13/12/2025,MRT Purple Line,"46,666",
9866,9866,13/12/2025,MRT Yellow Line,"39,926",
9867,9867,13/12/2025,MRT Pink Line,"51,325",
9868,9868,13/12/2025,BTS Green Line,"622,754",
9869,9869,13/12/2025,BTS Gold Line,"10,056",
9870,9870,14/12/2025,SRT,"80,833",
9871,9871,14/12/2025,ARL,"60,568",
9872,9872,14/12/2025,Red Line,"26,276",
9873,9873,14/12/2025,MRT Blue Line,"323,828",
9874,9874,14/12/2025,MRT Purple Line,"39,042",
9875,9875,14/12/2025,MRT Yellow Line,"33,968",
9876,9876,14/12/2025,MRT Pink Line,"43,284",
9877,9877,14/12/2025,BTS Green Line,"528,972",
9878,9878,14/12/2025,BTS Gold Line,"9,971",
9879,9879,15/12/2025,SRT,"71,575",
9880,9880,15/12/2025,ARL,"77,061",
9881,9881,15/12/2025,Red Line,"41,251",
9882,9882,15/12/2025,MRT Blue Line,"499,938",
9883,9883,15/12/2025,MRT Purple Line,"77,222",
9884,9884,15/12/2025,MRT Yellow Line,"51,664",
9885,9885,15/12/2025,MRT Pink Line,"68,603",
9886,9886,15/12/2025,BTS Green Line,"773,495",
9887,9887,15/12/2025,BTS Gold Line,"7,424",
9888,9888,16/12/2025,SRT,"66,481",
9889,9889,16/12/2025,ARL,"75,797",
9890,9890,16/12/2025,Red Line,"40,326",
9891,9891,16/12/2025,MRT Blue Line,"510,790",
9892,9892,16/12/2025,MRT Purple Line,"78,647",
9893,9893,16/12/2025,MRT Yellow Line,"49,133",
9894,9894,16/12/2025,MRT Pink Line,"68,720",
9895,9895,16/12/2025,BTS Green Line,"800,525",
9896,9896,16/12/2025,BTS Gold Line,"6,829",
9897,9897,17/12/2025,SRT,"67,052",
9898,9898,17/12/2025,ARL,"75,100",
9899,9899,17/12/2025,Red Line,"40,569",
9900,9900,17/12/2025,MRT Blue Line,"504,628",
9901,9901,17/12/2025,MRT Purple Line,"80,178",
9902,9902,17/12/2025,MRT Yellow Line,"50,753",
9903,9903,17/12/2025,MRT Pink Line,"70,058",
9904,9904,17/12/2025,BTS Green Line,"803,704",
9905,9905,17/12/2025,BTS Gold Line,"7,758",
9906,9906,18/12/2025,SRT,"69,103",
9907,9907,18/12/2025,ARL,"75,989",
9908,9908,18/12/2025,Red Line,"41,268",
9909,9909,18/12/2025,MRT Blue Line,"515,187",
9910,9910,18/12/2025,MRT Purple Line,"79,268",
9911,9911,18/12/2025,MRT Yellow Line,"52,152",
9912,9912,18/12/2025,MRT Pink Line,"73,422",
9913,9913,18/12/2025,BTS Green Line,"806,014",
9914,9914,18/12/2025,BTS Gold Line,"8,262",
9915,9915,19/12/2025,SRT,"79,431",
9916,9916,19/12/2025,ARL,"82,287",
9917,9917,19/12/2025,Red Line,"44,221",
9918,9918,19/12/2025,MRT Blue Line,"544,847",
9919,9919,19/12/2025,MRT Purple Line,"82,221",
9920,9920,19/12/2025,MRT Yellow Line,"53,137",
9921,9921,19/12/2025,MRT Pink Line,"75,114",
9922,9922,19/12/2025,BTS Green Line,"847,629",
9923,9923,19/12/2025,BTS Gold Line,"9,560",
9924,9924,20/12/2025,SRT,"74,115",
9925,9925,20/12/2025,ARL,"63,715",
9926,9926,20/12/2025,Red Line,"36,026",
9927,9927,20/12/2025,MRT Blue Line,"399,334",
9928,9928,20/12/2025,MRT Purple Line,"48,287",
9929,9929,20/12/2025,MRT Yellow Line,"38,893",
9930,9930,20/12/2025,MRT Pink Line,"52,420",
9931,9931,20/12/2025,BTS Green Line,"607,639",
9932,9932,20/12/2025,BTS Gold Line,"10,397",
9933,9933,21/12/2025,SRT,"79,868",
9934,9934,21/12/2025,ARL,"54,296",
9935,9935,21/12/2025,Red Line,"26,069",
9936,9936,21/12/2025,MRT Blue Line,"339,796",
9937,9937,21/12/2025,MRT Purple Line,"40,492",
9938,9938,21/12/2025,MRT Yellow Line,"32,046",
9939,9939,21/12/2025,MRT Pink Line,"41,361",
9940,9940,21/12/2025,BTS Green Line,"524,971",
9941,9941,21/12/2025,BTS Gold Line,"8,980",
9942,9942,22/12/2025,SRT,"70,919",
9943,9943,22/12/2025,ARL,"71,452",
9944,9944,22/12/2025,Red Line,"38,209",
9945,9945,22/12/2025,MRT Blue Line,"447,057",
9946,9946,22/12/2025,MRT Purple Line,"74,070",
9947,9947,22/12/2025,MRT Yellow Line,"47,535",
9948,9948,22/12/2025,MRT Pink Line,"69,457",
9949,9949,22/12/2025,BTS Green Line,"742,711",
9950,9950,22/12/2025,BTS Gold Line,"8,027",
9951,9951,23/12/2025,SRT,"67,998",
9952,9952,23/12/2025,ARL,"72,799",
9953,9953,23/12/2025,Red Line,"38,001",
9954,9954,23/12/2025,MRT Blue Line,"474,008",
9955,9955,23/12/2025,MRT Purple Line,"75,039",
9956,9956,23/12/2025,MRT Yellow Line,"47,751",
9957,9957,23/12/2025,MRT Pink Line,"69,700",
9958,9958,23/12/2025,BTS Green Line,"761,835",
9959,9959,23/12/2025,BTS Gold Line,"8,673",
9960,9960,24/12/2025,SRT,"69,291",
9961,9961,24/12/2025,ARL,"74,655",
9962,9962,24/12/2025,Red Line,"37,412",
9963,9963,24/12/2025,MRT Blue Line,"470,474",
9964,9964,24/12/2025,MRT Purple Line,"74,388",
9965,9965,24/12/2025,MRT Yellow Line,"47,615",
9966,9966,24/12/2025,MRT Pink Line,"68,332",
9967,9967,24/12/2025,BTS Green Line,"792,422",
9968,9968,24/12/2025,BTS Gold Line,"10,116",
9969,9969,25/12/2025,SRT,"74,870",
9970,9970,25/12/2025,ARL,"74,414",
9971,9971,25/12/2025,Red Line,"37,721",
9972,9972,25/12/2025,MRT Blue Line,"474,644",
9973,9973,25/12/2025,MRT Purple Line,"73,642",
9974,9974,25/12/2025,MRT Yellow Line,"49,919",
9975,9975,25/12/2025,MRT Pink Line,"69,358",
9976,9976,25/12/2025,BTS Green Line,"808,158",
9977,9977,25/12/2025,BTS Gold Line,"12,071",
9978,9978,26/12/2025,SRT,"88,750",
9979,9979,26/12/2025,ARL,"72,853",
9980,9980,26/12/2025,Red Line,"39,650",
9981,9981,26/12/2025,MRT Blue Line,"454,788",
9982,9982,26/12/2025,MRT Purple Line,"71,681",
9983,9983,26/12/2025,MRT Yellow Line,"48,300",
9984,9984,26/12/2025,MRT Pink Line,"69,859",
9985,9985,26/12/2025,BTS Green Line,"762,401",
9986,9986,26/12/2025,BTS Gold Line,"10,585",
9987,9987,27/12/2025,SRT,"87,398",
9988,9988,27/12/2025,ARL,"55,705",
9989,9989,27/12/2025,Red Line,"25,625",
9990,9990,27/12/2025,MRT Blue Line,"297,037",
9991,9991,27/12/2025,MRT Purple Line,"40,009",
9992,9992,27/12/2025,MRT Yellow Line,"33,686",
9993,9993,27/12/2025,MRT Pink Line,"44,876",
9994,9994,27/12/2025,BTS Green Line,"550,062",
9995,9995,27/12/2025,BTS Gold Line,"12,614",
9996,9996,28/12/2025,SRT,"87,616",
9997,9997,28/12/2025,ARL,"52,450",
9998,9998,28/12/2025,Red Line,"21,552",
9999,9999,28/12/2025,MRT Blue Line,"262,083",
10000,10000,28/12/2025,MRT Purple Line,"32,323",
10001,10001,28/12/2025,MRT Yellow Line,"29,495",
10002,10002,28/12/2025,MRT Pink Line,"38,515",
10003,10003,28/12/2025,BTS Green Line,"484,928",
10004,10004,28/12/2025,BTS Gold Line,"10,255",
10005,10005,29/12/2025,SRT,"88,259",
10006,10006,29/12/2025,ARL,"61,996",
10007,10007,29/12/2025,Red Line,"29,481",
10008,10008,29/12/2025,MRT Blue Line,"372,690",
10009,10009,29/12/2025,MRT Purple Line,"53,626",
10010,10010,29/12/2025,MRT Yellow Line,"37,655",
10011,10011,29/12/2025,MRT Pink Line,"48,988",
10012,10012,29/12/2025,BTS Green Line,"626,323",
10013,10013,29/12/2025,BTS Gold Line,"12,333",
10014,10014,30/12/2025,SRT,"102,946",
10015,10015,30/12/2025,ARL,"64,977",
10016,10016,30/12/2025,Red Line,"30,643",
10017,10017,30/12/2025,MRT Blue Line,"370,526",
10018,10018,30/12/2025,MRT Purple Line,"51,117",
10019,10019,30/12/2025,MRT Yellow Line,"40,367",
10020,10020,30/12/2025,MRT Pink Line,"48,386",
10021,10021,30/12/2025,BTS Green Line,"646,757",
10022,10022,30/12/2025,BTS Gold Line,"18,596",
10023,10023,31/12/2025,SRT,"98,407",
10024,10024,31/12/2025,ARL,"68,377",
10025,10025,31/12/2025,Red Line,"26,747",
10026,10026,31/12/2025,MRT Blue Line,"348,189",
10027,10027,31/12/2025,MRT Purple Line,"40,769",
10028,10028,31/12/2025,MRT Yellow Line,"45,233",
10029,10029,31/12/2025,MRT Pink Line,"42,016",
10030,10030,31/12/2025,BTS Green Line,"714,684",
10031,10031,31/12/2025,BTS Gold Line,"45,040",
10032,10032,1/1/2026,SRT,"94,678",
10033,10033,1/1/2026,ARL,"53,730",
10034,10034,1/1/2026,Red Line,"22,307",
10035,10035,1/1/2026,MRT Blue Line,"286,004",
10036,10036,1/1/2026,MRT Purple Line,"29,336",
10037,10037,1/1/2026,MRT Yellow Line,"34,603",
10038,10038,1/1/2026,MRT Pink Line,"31,285",
10039,10039,1/1/2026,BTS Green Line,"486,352",
10040,10040,1/1/2026,BTS Gold Line,"13,933",
10041,10041,2/1/2026,SRT,"95,954",
10042,10042,2/1/2026,ARL,"49,951",
10043,10043,2/1/2026,Red Line,"20,865",
10044,10044,2/1/2026,MRT Blue Line,"260,771",
10045,10045,2/1/2026,MRT Purple Line,"29,324",
10046,10046,2/1/2026,MRT Yellow Line,"30,568",
10047,10047,2/1/2026,MRT Pink Line,"29,075",
10048,10048,2/1/2026,BTS Green Line,"457,398",
10049,10049,2/1/2026,BTS Gold Line,"10,924",
10050,10050,3/1/2026,SRT,"99,045",
10051,10051,3/1/2026,ARL,"49,205",
10052,10052,3/1/2026,Red Line,"22,586",
10053,10053,3/1/2026,MRT Blue Line,"266,540",
10054,10054,3/1/2026,MRT Purple Line,"31,189",
10055,10055,3/1/2026,MRT Yellow Line,"28,611",
10056,10056,3/1/2026,MRT Pink Line,"30,989",
10057,10057,3/1/2026,BTS Green Line,"448,685",
10058,10058,3/1/2026,BTS Gold Line,"7,759",
10059,10059,4/1/2026,SRT,"105,363",
10060,10060,4/1/2026,ARL,"50,173",
10061,10061,4/1/2026,Red Line,"26,246",
10062,10062,4/1/2026,MRT Blue Line,"243,094",
10063,10063,4/1/2026,MRT Purple Line,"32,215",
10064,10064,4/1/2026,MRT Yellow Line,"27,434",
10065,10065,4/1/2026,MRT Pink Line,"31,950",
10066,10066,4/1/2026,BTS Green Line,"424,258",
10067,10067,4/1/2026,BTS Gold Line,"6,427",
10068,10068,5/1/2026,SRT,"85,736",
10069,10069,5/1/2026,ARL,"76,091",
10070,10070,5/1/2026,Red Line,"41,295",
10071,10071,5/1/2026,MRT Blue Line,"467,539",
10072,10072,5/1/2026,MRT Purple Line,"74,453",
10073,10073,5/1/2026,MRT Yellow Line,"49,268",
10074,10074,5/1/2026,MRT Pink Line,"66,848",
10075,10075,5/1/2026,BTS Green Line,"738,006",
10076,10076,5/1/2026,BTS Gold Line,"6,177",
10077,10077,6/1/2026,SRT,"75,853",
10078,10078,6/1/2026,ARL,"75,501",
10079,10079,6/1/2026,Red Line,"40,908",
10080,10080,6/1/2026,MRT Blue Line,"496,343",
10081,10081,6/1/2026,MRT Purple Line,"77,117",
10082,10082,6/1/2026,MRT Yellow Line,"50,096",
10083,10083,6/1/2026,MRT Pink Line,"68,039",
10084,10084,6/1/2026,BTS Green Line,"761,540",
10085,10085,6/1/2026,BTS Gold Line,"5,914",
10086,10086,7/1/2026,SRT,"72,538",
10087,10087,7/1/2026,ARL,"75,971",
10088,10088,7/1/2026,Red Line,"40,216",
10089,10089,7/1/2026,MRT Blue Line,"508,413",
10090,10090,7/1/2026,MRT Purple Line,"79,657",
10091,10091,7/1/2026,MRT Yellow Line,"50,625",
10092,10092,7/1/2026,MRT Pink Line,"68,656",
10093,10093,7/1/2026,BTS Green Line,"772,897",
10094,10094,7/1/2026,BTS Gold Line,"6,940",
10095,10095,8/1/2026,SRT,"73,906",
10096,10096,8/1/2026,ARL,"77,673",
10097,10097,8/1/2026,Red Line,"40,227",
10098,10098,8/1/2026,MRT Blue Line,"508,681",
10099,10099,8/1/2026,MRT Purple Line,"78,480",
10100,10100,8/1/2026,MRT Yellow Line,"50,907",
10101,10101,8/1/2026,MRT Pink Line,"70,300",
10102,10102,8/1/2026,BTS Green Line,"789,759",
10103,10103,8/1/2026,BTS Gold Line,"6,759",
10104,10104,9/1/2026,SRT,"92,594",
10105,10105,9/1/2026,ARL,"79,543",
10106,10106,9/1/2026,Red Line,"43,628",
10107,10107,9/1/2026,MRT Blue Line,"531,898",
10108,10108,9/1/2026,MRT Purple Line,"82,354",
10109,10109,9/1/2026,MRT Yellow Line,"53,892",
10110,10110,9/1/2026,MRT Pink Line,"76,737",
10111,10111,9/1/2026,BTS Green Line,"836,084",
10112,10112,9/1/2026,BTS Gold Line,"7,917",
10113,10113,10/1/2026,SRT,"98,664",
10114,10114,10/1/2026,ARL,"63,450",
10115,10115,10/1/2026,Red Line,"32,743",
10116,10116,10/1/2026,MRT Blue Line,"331,030",
10117,10117,10/1/2026,MRT Purple Line,"45,195",
10118,10118,10/1/2026,MRT Yellow Line,"39,836",
10119,10119,10/1/2026,MRT Pink Line,"54,240",
10120,10120,10/1/2026,BTS Green Line,"617,911",
10121,10121,10/1/2026,BTS Gold Line,"8,502",
10122,10122,11/1/2026,SRT,"105,169",
10123,10123,11/1/2026,ARL,"52,842",
10124,10124,11/1/2026,Red Line,"27,541",
10125,10125,11/1/2026,MRT Blue Line,"277,054",
10126,10126,11/1/2026,MRT Purple Line,"34,869",
10127,10127,11/1/2026,MRT Yellow Line,"30,824",
10128,10128,11/1/2026,MRT Pink Line,"37,907",
10129,10129,11/1/2026,BTS Green Line,"472,205",
10130,10130,11/1/2026,BTS Gold Line,"6,289",
10131,10131,12/1/2026,SRT,"86,060",
10132,10132,12/1/2026,ARL,"78,554",
10133,10133,12/1/2026,Red Line,"42,274",
10134,10134,12/1/2026,MRT Blue Line,"503,142",
10135,10135,12/1/2026,MRT Purple Line,"77,239",
10136,10136,12/1/2026,MRT Yellow Line,"49,953",
10137,10137,12/1/2026,MRT Pink Line,"70,701",
10138,10138,12/1/2026,BTS Green Line,"769,762",
10139,10139,12/1/2026,BTS Gold Line,"6,537",
10140,10140,13/1/2026,SRT,"75,333",
10141,10141,13/1/2026,ARL,"78,284",
10142,10142,13/1/2026,Red Line,"40,760",
10143,10143,13/1/2026,MRT Blue Line,"505,022",
10144,10144,13/1/2026,MRT Purple Line,"77,882",
10145,10145,13/1/2026,MRT Yellow Line,"50,761",
10146,10146,13/1/2026,MRT Pink Line,"70,535",
10147,10147,13/1/2026,BTS Green Line,"787,243",
10148,10148,13/1/2026,BTS Gold Line,"6,813",
10149,10149,14/1/2026,SRT,"71,737",
10150,10150,14/1/2026,ARL,"78,534",
10151,10151,14/1/2026,Red Line,"40,916",
10152,10152,14/1/2026,MRT Blue Line,"519,945",
10153,10153,14/1/2026,MRT Purple Line,"79,032",
10154,10154,14/1/2026,MRT Yellow Line,"50,884",
10155,10155,14/1/2026,MRT Pink Line,"71,606",
10156,10156,14/1/2026,BTS Green Line,"801,723",
10157,10157,14/1/2026,BTS Gold Line,"6,952",
10158,10158,15/1/2026,SRT,"73,150",
10159,10159,15/1/2026,ARL,"81,894",
10160,10160,15/1/2026,Red Line,"42,306",
10161,10161,15/1/2026,MRT Blue Line,"537,353",
10162,10162,15/1/2026,MRT Purple Line,"80,868",
10163,10163,15/1/2026,MRT Yellow Line,"51,969",
10164,10164,15/1/2026,MRT Pink Line,"71,891",
10165,10165,15/1/2026,BTS Green Line,"811,379",
10166,10166,15/1/2026,BTS Gold Line,"7,362",
10167,10167,16/1/2026,SRT,"79,948",
10168,10168,16/1/2026,ARL,"79,775",
10169,10169,16/1/2026,Red Line,"43,342",
10170,10170,16/1/2026,MRT Blue Line,"507,454",
10171,10171,16/1/2026,MRT Purple Line,"76,320",
10172,10172,16/1/2026,MRT Yellow Line,"50,880",
10173,10173,16/1/2026,MRT Pink Line,"71,160",
10174,10174,16/1/2026,BTS Green Line,"792,532",
10175,10175,16/1/2026,BTS Gold Line,"8,249",
10176,10176,17/1/2026,SRT,"71,582",
10177,10177,17/1/2026,ARL,"59,989",
10178,10178,17/1/2026,Red Line,"29,013",
10179,10179,17/1/2026,MRT Blue Line,"335,439",
10180,10180,17/1/2026,MRT Purple Line,"42,862",
10181,10181,17/1/2026,MRT Yellow Line,"40,446",
10182,10182,17/1/2026,MRT Pink Line,"48,225",
10183,10183,17/1/2026,BTS Green Line,"558,198",
10184,10184,17/1/2026,BTS Gold Line,"7,518",
10185,10185,18/1/2026,SRT,"78,487",
10186,10186,18/1/2026,ARL,"55,226",
10187,10187,18/1/2026,Red Line,"26,917",
10188,10188,18/1/2026,MRT Blue Line,"292,974",
10189,10189,18/1/2026,MRT Purple Line,"35,757",
10190,10190,18/1/2026,MRT Yellow Line,"32,882",
10191,10191,18/1/2026,MRT Pink Line,"40,453",
10192,10192,18/1/2026,BTS Green Line,"477,648",
10193,10193,18/1/2026,BTS Gold Line,"6,311",
10194,10194,19/1/2026,SRT,"72,832",
10195,10195,19/1/2026,ARL,"76,044",
10196,10196,19/1/2026,Red Line,"41,909",
10197,10197,19/1/2026,MRT Blue Line,"485,911",
10198,10198,19/1/2026,MRT Purple Line,"75,718",
10199,10199,19/1/2026,MRT Yellow Line,"49,391",
10200,10200,19/1/2026,MRT Pink Line,"70,862",
10201,10201,19/1/2026,BTS Green Line,"763,461",
10202,10202,19/1/2026,BTS Gold Line,"6,553",
10203,10203,20/1/2026,SRT,"66,362",
10204,10204,20/1/2026,ARL,"76,543",
10205,10205,20/1/2026,Red Line,"41,180",
10206,10206,20/1/2026,MRT Blue Line,"499,876",
10207,10207,20/1/2026,MRT Purple Line,"77,621",
10208,10208,20/1/2026,MRT Yellow Line,"50,718",
10209,10209,20/1/2026,MRT Pink Line,"71,066",
10210,10210,20/1/2026,BTS Green Line,"783,464",
10211,10211,20/1/2026,BTS Gold Line,"6,544",
10212,10212,21/1/2026,SRT,"64,060",
10213,10213,21/1/2026,ARL,"76,559",
10214,10214,21/1/2026,Red Line,"40,375",
10215,10215,21/1/2026,MRT Blue Line,"509,224",
10216,10216,21/1/2026,MRT Purple Line,"79,391",
10217,10217,21/1/2026,MRT Yellow Line,"50,723",
10218,10218,21/1/2026,MRT Pink Line,"70,221",
10219,10219,21/1/2026,BTS Green Line,"784,876",
10220,10220,21/1/2026,BTS Gold Line,"6,290",
10221,10221,22/1/2026,SRT,"65,757",
10222,10222,22/1/2026,ARL,"76,920",
10223,10223,22/1/2026,Red Line,"40,335",
10224,10224,22/1/2026,MRT Blue Line,"511,890",
10225,10225,22/1/2026,MRT Purple Line,"77,602",
10226,10226,22/1/2026,MRT Yellow Line,"49,608",
10227,10227,22/1/2026,MRT Pink Line,"69,127",
10228,10228,22/1/2026,BTS Green Line,"778,534",
10229,10229,22/1/2026,BTS Gold Line,"6,789",
10230,10230,23/1/2026,SRT,"78,145",
10231,10231,23/1/2026,ARL,"83,087",
10232,10232,23/1/2026,Red Line,"45,444",
10233,10233,23/1/2026,MRT Blue Line,"532,392",
10234,10234,23/1/2026,MRT Purple Line,"79,388",
10235,10235,23/1/2026,MRT Yellow Line,"53,747",
10236,10236,23/1/2026,MRT Pink Line,"76,644",
10237,10237,23/1/2026,BTS Green Line,"832,273",
10238,10238,23/1/2026,BTS Gold Line,"8,167",
10239,10239,24/1/2026,SRT,"70,098",
10240,10240,24/1/2026,ARL,"59,383",
10241,10241,24/1/2026,Red Line,"28,561",
10242,10242,24/1/2026,MRT Blue Line,"359,025",
10243,10243,24/1/2026,MRT Purple Line,"44,260",
10244,10244,24/1/2026,MRT Yellow Line,"34,583",
10245,10245,24/1/2026,MRT Pink Line,"47,645",
10246,10246,24/1/2026,BTS Green Line,"563,769",
10247,10247,24/1/2026,BTS Gold Line,"8,727",
10248,10248,25/1/2026,SRT,"79,275",
10249,10249,25/1/2026,ARL,"54,369",
10250,10250,25/1/2026,Red Line,"26,618",
10251,10251,25/1/2026,MRT Blue Line,"301,173",
10252,10252,25/1/2026,MRT Purple Line,"36,344",
10253,10253,25/1/2026,MRT Yellow Line,"31,719",
10254,10254,25/1/2026,MRT Pink Line,"39,722",
10255,10255,25/1/2026,BTS Green Line,"461,712",
10256,10256,25/1/2026,BTS Gold Line,"5,989",
10257,10257,26/1/2026,SRT,"70,525",
10258,10258,26/1/2026,ARL,"78,660",
10259,10259,26/1/2026,Red Line,"41,469",
10260,10260,26/1/2026,MRT Blue Line,"494,323",
10261,10261,26/1/2026,MRT Purple Line,"75,946",
10262,10262,26/1/2026,MRT Yellow Line,"50,180",
10263,10263,26/1/2026,MRT Pink Line,"69,369",
10264,10264,26/1/2026,BTS Green Line,"767,888",
10265,10265,26/1/2026,BTS Gold Line,"6,414",
10266,10266,27/1/2026,SRT,"65,694",
10267,10267,27/1/2026,ARL,"78,043",
10268,10268,27/1/2026,Red Line,"40,677",
10269,10269,27/1/2026,MRT Blue Line,"513,942",
10270,10270,27/1/2026,MRT Purple Line,"78,869",
10271,10271,27/1/2026,MRT Yellow Line,"52,202",
10272,10272,27/1/2026,MRT Pink Line,"70,052",
10273,10273,27/1/2026,BTS Green Line,"790,562",
10274,10274,27/1/2026,BTS Gold Line,"6,609",
10275,10275,28/1/2026,SRT,"65,513",
10276,10276,28/1/2026,ARL,"79,611",
10277,10277,28/1/2026,Red Line,"40,956",
10278,10278,28/1/2026,MRT Blue Line,"510,546",
10279,10279,28/1/2026,MRT Purple Line,"79,050",
10280,10280,28/1/2026,MRT Yellow Line,"50,883",
10281,10281,28/1/2026,MRT Pink Line,"70,564",
10282,10282,28/1/2026,BTS Green Line,"794,850",
10283,10283,28/1/2026,BTS Gold Line,"7,489",
10284,10284,29/1/2026,SRT,"68,556",
10285,10285,29/1/2026,ARL,"78,190",
10286,10286,29/1/2026,Red Line,"40,826",
10287,10287,29/1/2026,MRT Blue Line,"512,803",
10288,10288,29/1/2026,MRT Purple Line,"77,909",
10289,10289,29/1/2026,MRT Yellow Line,"51,291",
10290,10290,29/1/2026,MRT Pink Line,"69,423",
10291,10291,29/1/2026,BTS Green Line,"783,190",
10292,10292,29/1/2026,BTS Gold Line,"6,864",
10293,10293,30/1/2026,SRT,"81,584",
10294,10294,30/1/2026,ARL,"83,312",
10295,10295,30/1/2026,Red Line,"47,679",
10296,10296,30/1/2026,MRT Blue Line,"531,220",
10297,10297,30/1/2026,MRT Purple Line,"78,730",
10298,10298,30/1/2026,MRT Yellow Line,"55,484",
10299,10299,30/1/2026,MRT Pink Line,"77,204",
10300,10300,30/1/2026,BTS Green Line,"846,684",
10301,10301,30/1/2026,BTS Gold Line,"7,922",
10302,10302,31/1/2026,SRT,"74,832",
10303,10303,31/1/2026,ARL,"61,836",
10304,10304,31/1/2026,Red Line,"35,678",
10305,10305,31/1/2026,MRT Blue Line,"369,445",
10306,10306,31/1/2026,MRT Purple Line,"47,155",
10307,10307,31/1/2026,MRT Yellow Line,"39,236",
10308,10308,31/1/2026,MRT Pink Line,"52,085",
10309,10309,31/1/2026,BTS Green Line,"619,749",
10310,10310,31/1/2026,BTS Gold Line,"8,253",
10311,10311,1/2/2026,SRT,"82,580",
10312,10312,1/2/2026,ARL,"58,350",
10313,10313,1/2/2026,Red Line,"35,694",
10314,10314,1/2/2026,MRT Blue Line,"347,790",
10315,10315,1/2/2026,MRT Purple Line,"43,806",
10316,10316,1/2/2026,MRT Yellow Line,"51,057",
10317,10317,1/2/2026,MRT Pink Line,"58,640",
10318,10318,1/2/2026,BTS Green Line,"605,406",
10319,10319,1/2/2026,BTS Gold Line,"7,304",
10320,10320,2/2/2026,SRT,"73,895",
10321,10321,2/2/2026,ARL,"78,627",
10322,10322,2/2/2026,Red Line,"44,319",
10323,10323,2/2/2026,MRT Blue Line,"516,956",
10324,10324,2/2/2026,MRT Purple Line,"79,895",
10325,10325,2/2/2026,MRT Yellow Line,"53,395",
10326,10326,2/2/2026,MRT Pink Line,"75,293",
10327,10327,2/2/2026,BTS Green Line,"821,816",
10328,10328,2/2/2026,BTS Gold Line,"6,995",
10329,10329,3/2/2026,SRT,"68,613",
10330,10330,3/2/2026,ARL,"79,923",
10331,10331,3/2/2026,Red Line,"43,809",
10332,10332,3/2/2026,MRT Blue Line,"523,455",
10333,10333,3/2/2026,MRT Purple Line,"80,299",
10334,10334,3/2/2026,MRT Yellow Line,"54,100",
10335,10335,3/2/2026,MRT Pink Line,"74,805",
10336,10336,3/2/2026,BTS Green Line,"830,891",
10337,10337,3/2/2026,BTS Gold Line,"6,719",
10338,10338,4/2/2026,SRT,"66,695",
10339,10339,4/2/2026,ARL,"80,093",
10340,10340,4/2/2026,Red Line,"44,674",
10341,10341,4/2/2026,MRT Blue Line,"530,553",
10342,10342,4/2/2026,MRT Purple Line,"79,477",
10343,10343,4/2/2026,MRT Yellow Line,"54,102",
10344,10344,4/2/2026,MRT Pink Line,"74,233",
10345,10345,4/2/2026,BTS Green Line,"830,731",
10346,10346,4/2/2026,BTS Gold Line,"7,024",
10347,10347,5/2/2026,SRT,"73,023",
10348,10348,5/2/2026,ARL,"81,249",
10349,10349,5/2/2026,Red Line,"45,420",
10350,10350,5/2/2026,MRT Blue Line,"528,225",
10351,10351,5/2/2026,MRT Purple Line,"78,405",
10352,10352,5/2/2026,MRT Yellow Line,"54,664",
10353,10353,5/2/2026,MRT Pink Line,"74,324",
10354,10354,5/2/2026,BTS Green Line,"837,655",
10355,10355,5/2/2026,BTS Gold Line,"7,183",
10356,10356,6/2/2026,SRT,"95,520",
10357,10357,6/2/2026,ARL,"85,741",
10358,10358,6/2/2026,Red Line,"53,271",
10359,10359,6/2/2026,MRT Blue Line,"547,146",
10360,10360,6/2/2026,MRT Purple Line,"81,348",
10361,10361,6/2/2026,MRT Yellow Line,"57,543",
10362,10362,6/2/2026,MRT Pink Line,"82,148",
10363,10363,6/2/2026,BTS Green Line,"896,808",
10364,10364,6/2/2026,BTS Gold Line,"8,119",
10365,10365,7/2/2026,SRT,"95,320",
10366,10366,7/2/2026,ARL,"61,576",
10367,10367,7/2/2026,Red Line,"36,504",
10368,10368,7/2/2026,MRT Blue Line,"346,750",
10369,10369,7/2/2026,MRT Purple Line,"44,760",
10370,10370,7/2/2026,MRT Yellow Line,"39,023",
10371,10371,7/2/2026,MRT Pink Line,"55,118",
10372,10372,7/2/2026,BTS Green Line,"621,942",
10373,10373,7/2/2026,BTS Gold Line,"7,848",
10374,10374,8/2/2026,SRT,"109,567",
10375,10375,8/2/2026,ARL,"59,499",
10376,10376,8/2/2026,Red Line,"32,539",
10377,10377,8/2/2026,MRT Blue Line,"326,971",
10378,10378,8/2/2026,MRT Purple Line,"46,559",
10379,10379,8/2/2026,MRT Yellow Line,"47,361",
10380,10380,8/2/2026,MRT Pink Line,"56,873",
10381,10381,8/2/2026,BTS Green Line,"550,040",
10382,10382,8/2/2026,BTS Gold Line,"8,003",
10383,10383,9/2/2026,SRT,"88,306",
10384,10384,9/2/2026,ARL,"76,847",
10385,10385,9/2/2026,Red Line,"42,608",
10386,10386,9/2/2026,MRT Blue Line,"500,051",
10387,10387,9/2/2026,MRT Purple Line,"76,282",
10388,10388,9/2/2026,MRT Yellow Line,"51,345",
10389,10389,9/2/2026,MRT Pink Line,"70,101",
10390,10390,9/2/2026,BTS Green Line,"770,225",
10391,10391,9/2/2026,BTS Gold Line,"8,821",
10392,10392,10/2/2026,SRT,"75,261",
10393,10393,10/2/2026,ARL,"81,326",
10394,10394,10/2/2026,Red Line,"41,684",
10395,10395,10/2/2026,MRT Blue Line,"526,059",
10396,10396,10/2/2026,MRT Purple Line,"79,049",
10397,10397,10/2/2026,MRT Yellow Line,"52,747",
10398,10398,10/2/2026,MRT Pink Line,"71,206",
10399,10399,10/2/2026,BTS Green Line,"807,804",
10400,10400,10/2/2026,BTS Gold Line,"7,099",
10401,10401,11/2/2026,SRT,"71,796",
10402,10402,11/2/2026,ARL,"79,661",
10403,10403,11/2/2026,Red Line,"41,446",
10404,10404,11/2/2026,MRT Blue Line,"525,239",
10405,10405,11/2/2026,MRT Purple Line,"78,754",
10406,10406,11/2/2026,MRT Yellow Line,"53,623",
10407,10407,11/2/2026,MRT Pink Line,"70,369",
10408,10408,11/2/2026,BTS Green Line,"798,864",
10409,10409,11/2/2026,BTS Gold Line,"7,636",
10410,10410,12/2/2026,SRT,"75,369",
10411,10411,12/2/2026,ARL,"82,449",
10412,10412,12/2/2026,Red Line,"41,552",
10413,10413,12/2/2026,MRT Blue Line,"532,430",
10414,10414,12/2/2026,MRT Purple Line,"78,568",
10415,10415,12/2/2026,MRT Yellow Line,"54,983",
10416,10416,12/2/2026,MRT Pink Line,"70,198",
10417,10417,12/2/2026,BTS Green Line,"801,385",
10418,10418,12/2/2026,BTS Gold Line,"8,856",
10419,10419,13/2/2026,SRT,"94,327",
10420,10420,13/2/2026,ARL,"87,913",
10421,10421,13/2/2026,Red Line,"47,650",
10422,10422,13/2/2026,MRT Blue Line,"566,451",
10423,10423,13/2/2026,MRT Purple Line,"81,085",
10424,10424,13/2/2026,MRT Yellow Line,"57,840",
10425,10425,13/2/2026,MRT Pink Line,"83,747",
10426,10426,13/2/2026,BTS Green Line,"868,394",
10427,10427,13/2/2026,BTS Gold Line,"9,540",
10428,10428,14/2/2026,SRT,"87,624",
10429,10429,14/2/2026,ARL,"73,054",
10430,10430,14/2/2026,Red Line,"33,324",
10431,10431,14/2/2026,MRT Blue Line,"419,609",
10432,10432,14/2/2026,MRT Purple Line,"50,058",
10433,10433,14/2/2026,MRT Yellow Line,"50,044",
10434,10434,14/2/2026,MRT Pink Line,"56,366",
10435,10435,14/2/2026,BTS Green Line,"671,083",
10436,10436,14/2/2026,BTS Gold Line,"11,972",
10437,10437,15/2/2026,SRT,"89,479",
10438,10438,15/2/2026,ARL,"57,342",
10439,10439,15/2/2026,Red Line,"28,245",
10440,10440,15/2/2026,MRT Blue Line,"319,513",
10441,10441,15/2/2026,MRT Purple Line,"36,735",
10442,10442,15/2/2026,MRT Yellow Line,"35,732",
10443,10443,15/2/2026,MRT Pink Line,"43,727",
10444,10444,15/2/2026,BTS Green Line,"514,121",
10445,10445,15/2/2026,BTS Gold Line,"9,442",
10446,10446,16/2/2026,SRT,"78,834",
10447,10447,16/2/2026,ARL,"77,927",
10448,10448,16/2/2026,Red Line,"42,016",
10449,10449,16/2/2026,MRT Blue Line,"503,031",
10450,10450,16/2/2026,MRT Purple Line,"74,252",
10451,10451,16/2/2026,MRT Yellow Line,"51,360",
10452,10452,16/2/2026,MRT Pink Line,"69,246",
10453,10453,16/2/2026,BTS Green Line,"772,867",
10454,10454,16/2/2026,BTS Gold Line,"11,407",
10455,10455,17/2/2026,SRT,"78,491",
10456,10456,17/2/2026,ARL,"76,240",
10457,10457,17/2/2026,Red Line,"39,250",
10458,10458,17/2/2026,MRT Blue Line,"536,458",
10459,10459,17/2/2026,MRT Purple Line,"76,218",
10460,10460,17/2/2026,MRT Yellow Line,"49,691",
10461,10461,17/2/2026,MRT Pink Line,"68,291",
10462,10462,17/2/2026,BTS Green Line,"792,059",
10463,10463,17/2/2026,BTS Gold Line,"12,243",
10464,10464,18/2/2026,SRT,"73,384",
10465,10465,18/2/2026,ARL,"81,882",
10466,10466,18/2/2026,Red Line,"40,388",
10467,10467,18/2/2026,MRT Blue Line,"528,681",
10468,10468,18/2/2026,MRT Purple Line,"77,793",
10469,10469,18/2/2026,MRT Yellow Line,"50,873",
10470,10470,18/2/2026,MRT Pink Line,"69,942",
10471,10471,18/2/2026,BTS Green Line,"823,091",
10472,10472,18/2/2026,BTS Gold Line,"10,501",
10473,10473,19/2/2026,SRT,"72,254",
10474,10474,19/2/2026,ARL,"80,687",
10475,10475,19/2/2026,Red Line,"40,469",
10476,10476,19/2/2026,MRT Blue Line,"531,050",
10477,10477,19/2/2026,MRT Purple Line,"77,452",
10478,10478,19/2/2026,MRT Yellow Line,"51,738",
10479,10479,19/2/2026,MRT Pink Line,"69,945",
10480,10480,19/2/2026,BTS Green Line,"819,380",
10481,10481,19/2/2026,BTS Gold Line,"10,664",
10482,10482,20/2/2026,SRT,"86,793",
10483,10483,20/2/2026,ARL,"82,045",
10484,10484,20/2/2026,Red Line,"44,390",
10485,10485,20/2/2026,MRT Blue Line,"530,832",
10486,10486,20/2/2026,MRT Purple Line,"78,047",
10487,10487,20/2/2026,MRT Yellow Line,"53,381",
10488,10488,20/2/2026,MRT Pink Line,"76,207",
10489,10489,20/2/2026,BTS Green Line,"855,428",
10490,10490,20/2/2026,BTS Gold Line,"11,716",
10491,10491,21/2/2026,SRT,"75,288",
10492,10492,21/2/2026,ARL,"64,806",
10493,10493,21/2/2026,Red Line,"29,103",
10494,10494,21/2/2026,MRT Blue Line,"362,379",
10495,10495,21/2/2026,MRT Purple Line,"43,614",
10496,10496,21/2/2026,MRT Yellow Line,"39,452",
10497,10497,21/2/2026,MRT Pink Line,"55,735",
10498,10498,21/2/2026,BTS Green Line,"587,345",
10499,10499,21/2/2026,BTS Gold Line,"10,538",
10500,10500,22/2/2026,SRT,"80,579",
10501,10501,22/2/2026,ARL,"54,146",
10502,10502,22/2/2026,Red Line,"27,139",
10503,10503,22/2/2026,MRT Blue Line,"299,910",
10504,10504,22/2/2026,MRT Purple Line,"36,028",
10505,10505,22/2/2026,MRT Yellow Line,"34,435",
10506,10506,22/2/2026,MRT Pink Line,"43,975",
10507,10507,22/2/2026,BTS Green Line,"484,692",
10508,10508,22/2/2026,BTS Gold Line,"8,387",
10509,10509,23/2/2026,SRT,"73,848",
10510,10510,23/2/2026,ARL,"76,524",
10511,10511,23/2/2026,Red Line,"41,246",
10512,10512,23/2/2026,MRT Blue Line,"495,851",
10513,10513,23/2/2026,MRT Purple Line,"74,473",
10514,10514,23/2/2026,MRT Yellow Line,"49,762",
10515,10515,23/2/2026,MRT Pink Line,"69,295",
10516,10516,23/2/2026,BTS Green Line,"771,410",
10517,10517,23/2/2026,BTS Gold Line,"8,119",
10518,10518,24/2/2026,SRT,"65,189",
10519,10519,24/2/2026,ARL,"74,924",
10520,10520,24/2/2026,Red Line,"39,772",
10521,10521,24/2/2026,MRT Blue Line,"501,597",
10522,10522,24/2/2026,MRT Purple Line,"75,871",
10523,10523,24/2/2026,MRT Yellow Line,"49,058",
10524,10524,24/2/2026,MRT Pink Line,"69,767",
10525,10525,24/2/2026,BTS Green Line,"777,326",
10526,10526,24/2/2026,BTS Gold Line,"7,549",
10527,10527,25/2/2026,SRT,"65,992",
10528,10528,25/2/2026,ARL,"77,476",
10529,10529,25/2/2026,Red Line,"39,212",
10530,10530,25/2/2026,MRT Blue Line,"510,232",
10531,10531,25/2/2026,MRT Purple Line,"76,984",
10532,10532,25/2/2026,MRT Yellow Line,"50,320",
10533,10533,25/2/2026,MRT Pink Line,"69,393",
10534,10534,25/2/2026,BTS Green Line,"779,707",
10535,10535,25/2/2026,BTS Gold Line,"7,688",
10536,10536,26/2/2026,SRT,"68,181",
10537,10537,26/2/2026,ARL,"78,452",
10538,10538,26/2/2026,Red Line,"40,453",
10539,10539,26/2/2026,MRT Blue Line,"501,038",
10540,10540,26/2/2026,MRT Purple Line,"76,852",
10541,10541,26/2/2026,MRT Yellow Line,"50,415",
10542,10542,26/2/2026,MRT Pink Line,"70,039",
10543,10543,26/2/2026,BTS Green Line,"775,919",
10544,10544,26/2/2026,BTS Gold Line,"7,228",
10545,10545,27/2/2026,SRT,"81,975",
10546,10546,27/2/2026,ARL,"79,776",
10547,10547,27/2/2026,Red Line,"44,362",
10548,10548,27/2/2026,MRT Blue Line,"509,011",
10549,10549,27/2/2026,MRT Purple Line,"79,074",
10550,10550,27/2/2026,MRT Yellow Line,"54,132",
10551,10551,27/2/2026,MRT Pink Line,"76,274",
10552,10552,27/2/2026,BTS Green Line,"820,609",
10553,10553,27/2/2026,BTS Gold Line,"8,173",
10554,10554,28/2/2026,SRT,"76,125",
10555,10555,28/2/2026,ARL,"60,578",
10556,10556,28/2/2026,Red Line,"28,521",
10557,10557,28/2/2026,MRT Blue Line,"342,213",
10558,10558,28/2/2026,MRT Purple Line,"44,384",
10559,10559,28/2/2026,MRT Yellow Line,"38,416",
10560,10560,28/2/2026,MRT Pink Line,"48,666",
10561,10561,28/2/2026,BTS Green Line,"563,862",
10562,10562,28/2/2026,BTS Gold Line,"7,853",
10563,10563,1/3/2026,SRT,"78,660",
10564,10564,1/3/2026,ARL,"53,376",
10565,10565,1/3/2026,Red Line,"26,280",
10566,10566,1/3/2026,MRT Blue Line,"295,134",
10567,10567,1/3/2026,MRT Purple Line,"35,886",
10568,10568,1/3/2026,MRT Yellow Line,"34,146",
10569,10569,1/3/2026,MRT Pink Line,"42,855",
10570,10570,1/3/2026,BTS Green Line,"481,210",
10571,10571,1/3/2026,BTS Gold Line,"6,240",
10572,10572,2/3/2026,SRT,"75,171",
10573,10573,2/3/2026,ARL,"71,258",
10574,10574,2/3/2026,Red Line,"37,898",
10575,10575,2/3/2026,MRT Blue Line,"459,180",
10576,10576,2/3/2026,MRT Purple Line,"70,188",
10577,10577,2/3/2026,MRT Yellow Line,"48,970",
10578,10578,2/3/2026,MRT Pink Line,"67,047",
10579,10579,2/3/2026,BTS Green Line,"722,104",
10580,10580,2/3/2026,BTS Gold Line,"6,943",
10581,10581,3/3/2026,SRT,"67,321",
10582,10582,3/3/2026,ARL,"51,539",
10583,10583,3/3/2026,Red Line,"23,585",
10584,10584,3/3/2026,MRT Blue Line,"276,844",
10585,10585,3/3/2026,MRT Purple Line,"33,483",
10586,10586,3/3/2026,MRT Yellow Line,"30,195",
10587,10587,3/3/2026,MRT Pink Line,"36,769",
10588,10588,3/3/2026,BTS Green Line,"446,864",
10589,10589,3/3/2026,BTS Gold Line,"6,032",
10590,10590,4/3/2026,SRT,"67,685",
10591,10591,4/3/2026,ARL,"76,128",
10592,10592,4/3/2026,Red Line,"39,889",
10593,10593,4/3/2026,MRT Blue Line,"476,935",
10594,10594,4/3/2026,MRT Purple Line,"74,107",
10595,10595,4/3/2026,MRT Yellow Line,"50,033",
10596,10596,4/3/2026,MRT Pink Line,"70,037",
10597,10597,4/3/2026,BTS Green Line,"759,421",
10598,10598,4/3/2026,BTS Gold Line,"6,080",
10599,10599,5/3/2026,SRT,"67,962",
10600,10600,5/3/2026,ARL,"76,325",
10601,10601,5/3/2026,Red Line,"39,867",
10602,10602,5/3/2026,MRT Blue Line,"492,675",
10603,10603,5/3/2026,MRT Purple Line,"74,972",
10604,10604,5/3/2026,MRT Yellow Line,"51,114",
10605,10605,5/3/2026,MRT Pink Line,"68,681",
10606,10606,5/3/2026,BTS Green Line,"751,746",
10607,10607,5/3/2026,BTS Gold Line,"6,188",
10608,10608,6/3/2026,SRT,"80,965",
10609,10609,6/3/2026,ARL,"78,410",
10610,10610,6/3/2026,Red Line,"43,005",
10611,10611,6/3/2026,MRT Blue Line,"509,145",
10612,10612,6/3/2026,MRT Purple Line,"76,545",
10613,10613,6/3/2026,MRT Yellow Line,"53,077",
10614,10614,6/3/2026,MRT Pink Line,"74,792",
10615,10615,6/3/2026,BTS Green Line,"783,284",
10616,10616,6/3/2026,BTS Gold Line,"6,920",
10617,10617,7/3/2026,SRT,"70,870",
10618,10618,7/3/2026,ARL,"60,648",
10619,10619,7/3/2026,Red Line,"29,753",
10620,10620,7/3/2026,MRT Blue Line,"332,615",
10621,10621,7/3/2026,MRT Purple Line,"43,041",
10622,10622,7/3/2026,MRT Yellow Line,"38,963",
10623,10623,7/3/2026,MRT Pink Line,"60,923",
10624,10624,7/3/2026,BTS Green Line,"595,567",
10625,10625,7/3/2026,BTS Gold Line,"6,822",
10626,10626,8/3/2026,SRT,"79,008",
10627,10627,8/3/2026,ARL,"54,429",
10628,10628,8/3/2026,Red Line,"26,180",
10629,10629,8/3/2026,MRT Blue Line,"294,414",
10630,10630,8/3/2026,MRT Purple Line,"35,888",
10631,10631,8/3/2026,MRT Yellow Line,"34,597",
10632,10632,8/3/2026,MRT Pink Line,"38,889",
10633,10633,8/3/2026,BTS Green Line,"517,183",
10634,10634,8/3/2026,BTS Gold Line,"5,796",
10635,10635,9/3/2026,SRT,"73,636",
10636,10636,9/3/2026,ARL,"74,312",
10637,10637,9/3/2026,Red Line,"40,910",
10638,10638,9/3/2026,MRT Blue Line,"466,191",
10639,10639,9/3/2026,MRT Purple Line,"78,752",
10640,10640,9/3/2026,MRT Yellow Line,"47,112",
10641,10641,9/3/2026,MRT Pink Line,"67,658",
10642,10642,9/3/2026,BTS Green Line,"727,912",
10643,10643,9/3/2026,BTS Gold Line,"5,848",
10644,10644,10/3/2026,SRT,"69,670",
10645,10645,10/3/2026,ARL,"74,495",
10646,10646,10/3/2026,Red Line,"40,056",
10647,10647,10/3/2026,MRT Blue Line,"479,190",
10648,10648,10/3/2026,MRT Purple Line,"73,754",
10649,10649,10/3/2026,MRT Yellow Line,"48,547",
10650,10650,10/3/2026,MRT Pink Line,"68,203",
10651,10651,10/3/2026,BTS Green Line,"752,186",
10652,10652,10/3/2026,BTS Gold Line,"5,650",
10653,10653,11/3/2026,SRT,"67,233",
10654,10654,11/3/2026,ARL,"72,565",
10655,10655,11/3/2026,Red Line,"41,583",
10656,10656,11/3/2026,MRT Blue Line,"476,734",
10657,10657,11/3/2026,MRT Purple Line,"73,149",
10658,10658,11/3/2026,MRT Yellow Line,"48,767",
10659,10659,11/3/2026,MRT Pink Line,"68,115",
10660,10660,11/3/2026,BTS Green Line,"737,796",
10661,10661,11/3/2026,BTS Gold Line,"6,903",
10662,10662,12/3/2026,SRT,"67,519",
10663,10663,12/3/2026,ARL,"76,533",
10664,10664,12/3/2026,Red Line,"37,508",
10665,10665,12/3/2026,MRT Blue Line,"477,103",
10666,10666,12/3/2026,MRT Purple Line,"72,203",
10667,10667,12/3/2026,MRT Yellow Line,"47,270",
10668,10668,12/3/2026,MRT Pink Line,"66,552",
10669,10669,12/3/2026,BTS Green Line,"737,860",
10670,10670,12/3/2026,BTS Gold Line,"6,252",
10671,10671,13/3/2026,SRT,"77,549",
10672,10672,13/3/2026,ARL,"76,519",
10673,10673,13/3/2026,Red Line,"40,738",
10674,10674,13/3/2026,MRT Blue Line,"486,783",
10675,10675,13/3/2026,MRT Purple Line,"73,528",
10676,10676,13/3/2026,MRT Yellow Line,"50,430",
10677,10677,13/3/2026,MRT Pink Line,"72,608",
10678,10678,13/3/2026,BTS Green Line,"759,902",
10679,10679,13/3/2026,BTS Gold Line,"6,875",
10680,10680,14/3/2026,SRT,"71,915",
10681,10681,14/3/2026,ARL,"59,501",
10682,10682,14/3/2026,Red Line,"27,053",
10683,10683,14/3/2026,MRT Blue Line,"332,072",
10684,10684,14/3/2026,MRT Purple Line,"41,132",
10685,10685,14/3/2026,MRT Yellow Line,"38,679",
10686,10686,14/3/2026,MRT Pink Line,"46,633",
10687,10687,14/3/2026,BTS Green Line,"548,151",
10688,10688,14/3/2026,BTS Gold Line,"7,544",
10689,10689,15/3/2026,SRT,"80,629",
10690,10690,15/3/2026,ARL,"52,041",
10691,10691,15/3/2026,Red Line,"25,460",
10692,10692,15/3/2026,MRT Blue Line,"283,242",
10693,10693,15/3/2026,MRT Purple Line,"35,535",
10694,10694,15/3/2026,MRT Yellow Line,"33,448",
10695,10695,15/3/2026,MRT Pink Line,"41,550",
10696,10696,15/3/2026,BTS Green Line,"474,625",
10697,10697,15/3/2026,BTS Gold Line,"6,048",
10698,10698,16/3/2026,SRT,"75,193",
10699,10699,16/3/2026,ARL,"74,750",
10700,10700,16/3/2026,Red Line,"39,133",
10701,10701,16/3/2026,MRT Blue Line,"460,311",
10702,10702,16/3/2026,MRT Purple Line,"70,575",
10703,10703,16/3/2026,MRT Yellow Line,"47,112",
10704,10704,16/3/2026,MRT Pink Line,"65,736",
10705,10705,16/3/2026,BTS Green Line,"719,788",
10706,10706,16/3/2026,BTS Gold Line,"6,324",
10707,10707,17/3/2026,SRT,"69,992",
10708,10708,17/3/2026,ARL,"70,969",
10709,10709,17/3/2026,Red Line,"38,214",
10710,10710,17/3/2026,MRT Blue Line,"472,058",
10711,10711,17/3/2026,MRT Purple Line,"71,415",
10712,10712,17/3/2026,MRT Yellow Line,"48,851",
10713,10713,17/3/2026,MRT Pink Line,"64,506",
10714,10714,17/3/2026,BTS Green Line,"729,964",
10715,10715,17/3/2026,BTS Gold Line,"6,047",
10716,10716,18/3/2026,SRT,"69,804",
10717,10717,18/3/2026,ARL,"73,961",
10718,10718,18/3/2026,Red Line,"37,806",
10719,10719,18/3/2026,MRT Blue Line,"479,028",
10720,10720,18/3/2026,MRT Purple Line,"72,972",
10721,10721,18/3/2026,MRT Yellow Line,"49,351",
10722,10722,18/3/2026,MRT Pink Line,"64,612",
10723,10723,18/3/2026,BTS Green Line,"732,133",
10724,10724,18/3/2026,BTS Gold Line,"6,238",
10725,10725,19/3/2026,SRT,"71,252",
10726,10726,19/3/2026,ARL,"72,464",
10727,10727,19/3/2026,Red Line,"38,291",
10728,10728,19/3/2026,MRT Blue Line,"467,081",
10729,10729,19/3/2026,MRT Purple Line,"71,035",
10730,10730,19/3/2026,MRT Yellow Line,"48,243",
10731,10731,19/3/2026,MRT Pink Line,"65,254",
10732,10732,19/3/2026,BTS Green Line,"731,605",
10733,10733,19/3/2026,BTS Gold Line,"6,625",
10734,10734,20/3/2026,SRT,"78,665",
10735,10735,20/3/2026,ARL,"74,364",
10736,10736,20/3/2026,Red Line,"41,281",
10737,10737,20/3/2026,MRT Blue Line,"482,589",
10738,10738,20/3/2026,MRT Purple Line,"72,812",
10739,10739,20/3/2026,MRT Yellow Line,"50,005",
10740,10740,20/3/2026,MRT Pink Line,"65,960",
10741,10741,20/3/2026,BTS Green Line,"755,319",
10742,10742,20/3/2026,BTS Gold Line,"7,221",
10743,10743,21/3/2026,SRT,"72,114",
10744,10744,21/3/2026,ARL,"54,911",
10745,10745,21/3/2026,Red Line,"27,679",
10746,10746,21/3/2026,MRT Blue Line,"319,126",
10747,10747,21/3/2026,MRT Purple Line,"41,391",
10748,10748,21/3/2026,MRT Yellow Line,"34,915",
10749,10749,21/3/2026,MRT Pink Line,"46,596",
10750,10750,21/3/2026,BTS Green Line,"530,114",
10751,10751,21/3/2026,BTS Gold Line,"7,882",
10752,10752,22/3/2026,SRT,"82,104",
10753,10753,22/3/2026,ARL,"47,872",
10754,10754,22/3/2026,Red Line,"24,550",
10755,10755,22/3/2026,MRT Blue Line,"262,912",
10756,10756,22/3/2026,MRT Purple Line,"33,416",
10757,10757,22/3/2026,MRT Yellow Line,"30,864",
10758,10758,22/3/2026,MRT Pink Line,"35,906",
10759,10759,22/3/2026,BTS Green Line,"441,539",
10760,10760,22/3/2026,BTS Gold Line,"6,584",
10761,10761,23/3/2026,SRT,"79,449",
10762,10762,23/3/2026,ARL,"71,430",
10763,10763,23/3/2026,Red Line,"38,870",
10764,10764,23/3/2026,MRT Blue Line,"446,122",
10765,10765,23/3/2026,MRT Purple Line,"68,555",
10766,10766,23/3/2026,MRT Yellow Line,"48,115",
10767,10767,23/3/2026,MRT Pink Line,"63,440",
10768,10768,23/3/2026,BTS Green Line,"698,446",
10769,10769,23/3/2026,BTS Gold Line,"6,540",
10770,10770,24/3/2026,SRT,"72,477",
10771,10771,24/3/2026,ARL,"72,661",
10772,10772,24/3/2026,Red Line,"37,934",
10773,10773,24/3/2026,MRT Blue Line,"470,264",
10774,10774,24/3/2026,MRT Purple Line,"70,761",
10775,10775,24/3/2026,MRT Yellow Line,"48,468",
10776,10776,24/3/2026,MRT Pink Line,"62,638",
10777,10777,24/3/2026,BTS Green Line,"712,872",
10778,10778,24/3/2026,BTS Gold Line,"6,072",
10779,10779,25/3/2026,SRT,"73,106",
10780,10780,25/3/2026,ARL,"73,767",
10781,10781,25/3/2026,Red Line,"38,275",
10782,10782,25/3/2026,MRT Blue Line,"482,231",
10783,10783,25/3/2026,MRT Purple Line,"72,885",
10784,10784,25/3/2026,MRT Yellow Line,"49,913",
10785,10785,25/3/2026,MRT Pink Line,"67,901",
10786,10786,25/3/2026,BTS Green Line,"724,688",
10787,10787,25/3/2026,BTS Gold Line,"6,680",
10788,10788,26/3/2026,SRT,"75,842",
10789,10789,26/3/2026,ARL,"74,118",
10790,10790,26/3/2026,Red Line,"39,430",
10791,10791,26/3/2026,MRT Blue Line,"497,275",
10792,10792,26/3/2026,MRT Purple Line,"74,604",
10793,10793,26/3/2026,MRT Yellow Line,"47,970",
10794,10794,26/3/2026,MRT Pink Line,"69,418",
10795,10795,26/3/2026,BTS Green Line,"741,100",
10796,10796,26/3/2026,BTS Gold Line,"6,477",
10797,10797,27/3/2026,SRT,"83,906",
10798,10798,27/3/2026,ARL,"77,199",
10799,10799,27/3/2026,Red Line,"42,590",
10800,10800,27/3/2026,MRT Blue Line,"529,602",
10801,10801,27/3/2026,MRT Purple Line,"75,186",
10802,10802,27/3/2026,MRT Yellow Line,"51,454",
10803,10803,27/3/2026,MRT Pink Line,"77,754",
10804,10804,27/3/2026,BTS Green Line,"780,341",
10805,10805,27/3/2026,BTS Gold Line,"8,157",
10806,10806,28/3/2026,SRT,"81,526",
10807,10807,28/3/2026,ARL,"62,936",
10808,10808,28/3/2026,Red Line,"31,317",
10809,10809,28/3/2026,MRT Blue Line,"408,789",
10810,10810,28/3/2026,MRT Purple Line,"48,774",
10811,10811,28/3/2026,MRT Yellow Line,"38,609",
10812,10812,28/3/2026,MRT Pink Line,"69,076",
10813,10813,28/3/2026,BTS Green Line,"611,615",
10814,10814,28/3/2026,BTS Gold Line,"8,599",
10815,10815,29/3/2026,SRT,"87,915",
10816,10816,29/3/2026,ARL,"56,546",
10817,10817,29/3/2026,Red Line,"28,747",
10818,10818,29/3/2026,MRT Blue Line,"345,642",
10819,10819,29/3/2026,MRT Purple Line,"41,486",
10820,10820,29/3/2026,MRT Yellow Line,"31,601",
10821,10821,29/3/2026,MRT Pink Line,"60,773",
10822,10822,29/3/2026,BTS Green Line,"501,253",
10823,10823,29/3/2026,BTS Gold Line,"6,330",
10824,10824,30/3/2026,SRT,"81,292",
10825,10825,30/3/2026,ARL,"72,523",
10826,10826,30/3/2026,Red Line,"40,217",
10827,10827,30/3/2026,MRT Blue Line,"485,159",
10828,10828,30/3/2026,MRT Purple Line,"71,331",
10829,10829,30/3/2026,MRT Yellow Line,"47,760",
10830,10830,30/3/2026,MRT Pink Line,"69,129",
10831,10831,30/3/2026,BTS Green Line,"719,572",
10832,10832,30/3/2026,BTS Gold Line,"5,860",
10833,10833,31/3/2026,SRT,"78,622",
10834,10834,31/3/2026,ARL,"73,204",
10835,10835,31/3/2026,Red Line,"40,915",
10836,10836,31/3/2026,MRT Blue Line,"505,293",
10837,10837,31/3/2026,MRT Purple Line,"74,538",
10838,10838,31/3/2026,MRT Yellow Line,"53,447",
10839,10839,31/3/2026,MRT Pink Line,"72,352",
10840,10840,31/3/2026,BTS Green Line,"750,646",
10841,10841,31/3/2026,BTS Gold Line,"6,103",
10842,10842,1/4/2026,SRT,"80,802",
10843,10843,1/4/2026,ARL,"77,877",
10844,10844,1/4/2026,Red Line,"39,450",
10845,10845,1/4/2026,MRT Blue Line,"537,462",
10846,10846,1/4/2026,MRT Purple Line,"75,880",
10847,10847,1/4/2026,MRT Yellow Line,"50,373",
10848,10848,1/4/2026,MRT Pink Line,"70,509",
10849,10849,1/4/2026,BTS Green Line,"745,798",
10850,10850,1/4/2026,BTS Gold Line,"5,928",
10851,10851,2/4/2026,SRT,"80,882",
10852,10852,2/4/2026,ARL,"74,316",
10853,10853,2/4/2026,Red Line,"39,141",
10854,10854,2/4/2026,MRT Blue Line,"501,490",
10855,10855,2/4/2026,MRT Purple Line,"73,567",
10856,10856,2/4/2026,MRT Yellow Line,"49,598",
10857,10857,2/4/2026,MRT Pink Line,"70,096",
10858,10858,2/4/2026,BTS Green Line,"738,195",
10859,10859,2/4/2026,BTS Gold Line,"6,628",
10860,10860,3/4/2026,SRT,"87,121",
10861,10861,3/4/2026,ARL,"76,442",
10862,10862,3/4/2026,Red Line,"42,771",
10863,10863,3/4/2026,MRT Blue Line,"518,446",
10864,10864,3/4/2026,MRT Purple Line,"75,581",
10865,10865,3/4/2026,MRT Yellow Line,"51,266",
10866,10866,3/4/2026,MRT Pink Line,"76,005",
10867,10867,3/4/2026,BTS Green Line,"777,315",
10868,10868,3/4/2026,BTS Gold Line,"7,309",
10869,10869,4/4/2026,SRT,"83,133",
10870,10870,4/4/2026,ARL,"57,984",
10871,10871,4/4/2026,Red Line,"31,131",
10872,10872,4/4/2026,MRT Blue Line,"361,928",
10873,10873,4/4/2026,MRT Purple Line,"45,313",
10874,10874,4/4/2026,MRT Yellow Line,"38,370",
10875,10875,4/4/2026,MRT Pink Line,"62,175",
10876,10876,4/4/2026,BTS Green Line,"570,665",
10877,10877,4/4/2026,BTS Gold Line,"7,115",
10878,10878,5/4/2026,SRT,"85,713",
10879,10879,5/4/2026,ARL,"52,834",
10880,10880,5/4/2026,Red Line,"27,985",
10881,10881,5/4/2026,MRT Blue Line,"315,009",
10882,10882,5/4/2026,MRT Purple Line,"38,467",
10883,10883,5/4/2026,MRT Yellow Line,"35,670",
10884,10884,5/4/2026,MRT Pink Line,"51,225",
10885,10885,5/4/2026,BTS Green Line,"490,923",
10886,10886,5/4/2026,BTS Gold Line,"7,053",
10887,10887,6/4/2026,SRT,"82,167",
10888,10888,6/4/2026,ARL,"51,227",
10889,10889,6/4/2026,Red Line,"25,545",
10890,10890,6/4/2026,MRT Blue Line,"275,089",
10891,10891,6/4/2026,MRT Purple Line,"35,141",
10892,10892,6/4/2026,MRT Yellow Line,"32,380",
10893,10893,6/4/2026,MRT Pink Line,"37,353",
10894,10894,6/4/2026,BTS Green Line,"443,576",
10895,10895,6/4/2026,BTS Gold Line,"5,541",
10896,10896,7/4/2026,SRT,"80,003",
10897,10897,7/4/2026,ARL,"71,197",
10898,10898,7/4/2026,Red Line,"38,237",
10899,10899,7/4/2026,MRT Blue Line,"437,005",
10900,10900,7/4/2026,MRT Purple Line,"68,154",
10901,10901,7/4/2026,MRT Yellow Line,"48,510",
10902,10902,7/4/2026,MRT Pink Line,"65,038",
10903,10903,7/4/2026,BTS Green Line,"705,476",
10904,10904,7/4/2026,BTS Gold Line,"5,579",
10905,10905,8/4/2026,SRT,"77,949",
10906,10906,8/4/2026,ARL,"69,015",
10907,10907,8/4/2026,Red Line,"37,569",
10908,10908,8/4/2026,MRT Blue Line,"451,626",
10909,10909,8/4/2026,MRT Purple Line,"69,916",
10910,10910,8/4/2026,MRT Yellow Line,"47,071",
10911,10911,8/4/2026,MRT Pink Line,"64,190",
10912,10912,8/4/2026,BTS Green Line,"695,523",
10913,10913,8/4/2026,BTS Gold Line,"5,379",
10914,10914,9/4/2026,SRT,"77,673",
10915,10915,9/4/2026,ARL,"69,668",
10916,10916,9/4/2026,Red Line,"37,148",
10917,10917,9/4/2026,MRT Blue Line,"445,146",
10918,10918,9/4/2026,MRT Purple Line,"69,946",
10919,10919,9/4/2026,MRT Yellow Line,"46,556",
10920,10920,9/4/2026,MRT Pink Line,"62,026",
10921,10921,9/4/2026,BTS Green Line,"675,489",
10922,10922,9/4/2026,BTS Gold Line,"5,548",
10923,10923,10/4/2026,SRT,"91,101",
10924,10924,10/4/2026,ARL,"71,388",
10925,10925,10/4/2026,Red Line,"40,472",
10926,10926,10/4/2026,MRT Blue Line,"455,669",
10927,10927,10/4/2026,MRT Purple Line,"70,107",
10928,10928,10/4/2026,MRT Yellow Line,"49,147",
10929,10929,10/4/2026,MRT Pink Line,"64,131",
10930,10930,10/4/2026,BTS Green Line,"689,079",
10931,10931,10/4/2026,BTS Gold Line,"7,432",
10932,10932,11/4/2026,SRT,"95,309",
10933,10933,11/4/2026,ARL,"52,150",
10934,10934,11/4/2026,Red Line,"25,409",
10935,10935,11/4/2026,MRT Blue Line,"266,771",
10936,10936,11/4/2026,MRT Purple Line,"35,357",
10937,10937,11/4/2026,MRT Yellow Line,"31,553",
10938,10938,11/4/2026,MRT Pink Line,"37,870",
10939,10939,11/4/2026,BTS Green Line,"451,368",
10940,10940,11/4/2026,BTS Gold Line,"12,838",
10941,10941,12/4/2026,SRT,"96,309",
10942,10942,12/4/2026,ARL,"51,430",
10943,10943,12/4/2026,Red Line,"23,199",
10944,10944,12/4/2026,MRT Blue Line,"285,202",
10945,10945,12/4/2026,MRT Purple Line,"35,641",
10946,10946,12/4/2026,MRT Yellow Line,"32,456",
10947,10947,12/4/2026,MRT Pink Line,"34,912",
10948,10948,12/4/2026,BTS Green Line,"483,776",
10949,10949,12/4/2026,BTS Gold Line,"10,934",
10950,10950,13/4/2026,SRT,"82,732",
10951,10951,13/4/2026,ARL,"60,857",
10952,10952,13/4/2026,Red Line,"23,678",
10953,10953,13/4/2026,MRT Blue Line,"315,482",
10954,10954,13/4/2026,MRT Purple Line,"35,134",
10955,10955,13/4/2026,MRT Yellow Line,"40,021",
10956,10956,13/4/2026,MRT Pink Line,"39,893",
10957,10957,13/4/2026,BTS Green Line,"619,061",
10958,10958,13/4/2026,BTS Gold Line,"14,554",
10959,10959,14/4/2026,SRT,"86,424",
10960,10960,14/4/2026,ARL,"59,412",
10961,10961,14/4/2026,Red Line,"26,005",
10962,10962,14/4/2026,MRT Blue Line,"318,349",
10963,10963,14/4/2026,MRT Purple Line,"33,003",
10964,10964,14/4/2026,MRT Yellow Line,"42,874",
10965,10965,14/4/2026,MRT Pink Line,"39,378",
10966,10966,14/4/2026,BTS Green Line,"592,684",
10967,10967,14/4/2026,BTS Gold Line,"19,083",
10968,10968,15/4/2026,SRT,"90,125",
10969,10969,15/4/2026,ARL,"54,406",
10970,10970,15/4/2026,Red Line,"24,978",
10971,10971,15/4/2026,MRT Blue Line,"275,981",
10972,10972,15/4/2026,MRT Purple Line,"31,501",
10973,10973,15/4/2026,MRT Yellow Line,"39,274",
10974,10974,15/4/2026,MRT Pink Line,"37,804",
10975,10975,15/4/2026,BTS Green Line,"489,129",
10976,10976,15/4/2026,BTS Gold Line,"13,973",
10977,10977,16/4/2026,SRT,"86,514",
10978,10978,16/4/2026,ARL,"53,170",
10979,10979,16/4/2026,Red Line,"30,534",
10980,10980,16/4/2026,MRT Blue Line,"343,592",
10981,10981,16/4/2026,MRT Purple Line,"52,263",
10982,10982,16/4/2026,MRT Yellow Line,"34,428",
10983,10983,16/4/2026,MRT Pink Line,"46,117",
10984,10984,16/4/2026,BTS Green Line,"535,376",
10985,10985,16/4/2026,BTS Gold Line,"5,873",
10986,10986,17/4/2026,SRT,"83,338",
10987,10987,17/4/2026,ARL,"60,234",
10988,10988,17/4/2026,Red Line,"30,933",
10989,10989,17/4/2026,MRT Blue Line,"348,221",
10990,10990,17/4/2026,MRT Purple Line,"55,135",
10991,10991,17/4/2026,MRT Yellow Line,"39,157",
10992,10992,17/4/2026,MRT Pink Line,"51,574",
10993,10993,17/4/2026,BTS Green Line,"553,665",
10994,10994,17/4/2026,BTS Gold Line,"5,450",
10995,10995,18/4/2026,SRT,"76,769",
10996,10996,18/4/2026,ARL,"46,041",
10997,10997,18/4/2026,Red Line,"22,931",
10998,10998,18/4/2026,MRT Blue Line,"239,306",
10999,10999,18/4/2026,MRT Purple Line,"33,136",
11000,11000,18/4/2026,MRT Yellow Line,"29,269",
11001,11001,18/4/2026,MRT Pink Line,"36,078",
11002,11002,18/4/2026,BTS Green Line,"411,622",
11003,11003,18/4/2026,BTS Gold Line,"5,400",
11004,11004,19/4/2026,SRT,"80,515",
11005,11005,19/4/2026,ARL,"42,540",
11006,11006,19/4/2026,Red Line,"24,142",
11007,11007,19/4/2026,MRT Blue Line,"231,733",
11008,11008,19/4/2026,MRT Purple Line,"30,553",
11009,11009,19/4/2026,MRT Yellow Line,"28,762",
11010,11010,19/4/2026,MRT Pink Line,"32,082",
11011,11011,19/4/2026,BTS Green Line,"363,574",
11012,11012,19/4/2026,BTS Gold Line,"4,320",
11013,11013,20/4/2026,SRT,"82,068",
11014,11014,20/4/2026,ARL,"68,225",
11015,11015,20/4/2026,Red Line,"38,445",
11016,11016,20/4/2026,MRT Blue Line,"434,874",
11017,11017,20/4/2026,MRT Purple Line,"68,646",
11018,11018,20/4/2026,MRT Yellow Line,"40,849",
11019,11019,20/4/2026,MRT Pink Line,"61,839",
11020,11020,20/4/2026,BTS Green Line,"661,193",
11021,11021,20/4/2026,BTS Gold Line,"4,862",
11022,11022,21/4/2026,SRT,"75,015",
11023,11023,21/4/2026,ARL,"69,798",
11024,11024,21/4/2026,Red Line,"36,866",
11025,11025,21/4/2026,MRT Blue Line,"434,497",
11026,11026,21/4/2026,MRT Purple Line,"67,642",
11027,11027,21/4/2026,MRT Yellow Line,"46,074",
11028,11028,21/4/2026,MRT Pink Line,"62,693",
11029,11029,21/4/2026,BTS Green Line,"682,278",
11030,11030,21/4/2026,BTS Gold Line,"5,089",
11031,11031,22/4/2026,SRT,"71,582",
11032,11032,22/4/2026,ARL,"67,452",
11033,11033,22/4/2026,Red Line,"36,407",
11034,11034,22/4/2026,MRT Blue Line,"449,213",
11035,11035,22/4/2026,MRT Purple Line,"69,070",
11036,11036,22/4/2026,MRT Yellow Line,"47,640",
11037,11037,22/4/2026,MRT Pink Line,"63,305",
11038,11038,22/4/2026,BTS Green Line,"684,251",
11039,11039,22/4/2026,BTS Gold Line,"6,436",
11040,11040,23/4/2026,SRT,"72,327",
11041,11041,23/4/2026,ARL,"67,921",
11042,11042,23/4/2026,Red Line,"36,252",
11043,11043,23/4/2026,MRT Blue Line,"447,528",
11044,11044,23/4/2026,MRT Purple Line,"68,765",
11045,11045,23/4/2026,MRT Yellow Line,"46,076",
11046,11046,23/4/2026,MRT Pink Line,"61,838",
11047,11047,23/4/2026,BTS Green Line,"681,213",
11048,11048,23/4/2026,BTS Gold Line,"5,403",
11049,11049,24/4/2026,SRT,"77,481",
11050,11050,24/4/2026,ARL,"71,098",
11051,11051,24/4/2026,Red Line,"38,361",
11052,11052,24/4/2026,MRT Blue Line,"460,713",
11053,11053,24/4/2026,MRT Purple Line,"70,431",
11054,11054,24/4/2026,MRT Yellow Line,"47,163",
11055,11055,24/4/2026,MRT Pink Line,"65,525",
11056,11056,24/4/2026,BTS Green Line,"714,937",
11057,11057,24/4/2026,BTS Gold Line,"6,462",
11058,11058,25/4/2026,SRT,"72,641",
11059,11059,25/4/2026,ARL,"52,755",
11060,11060,25/4/2026,Red Line,"26,979",
11061,11061,25/4/2026,MRT Blue Line,"292,471",
11062,11062,25/4/2026,MRT Purple Line,"38,732",
11063,11063,25/4/2026,MRT Yellow Line,"34,570",
11064,11064,25/4/2026,MRT Pink Line,"45,064",
11065,11065,25/4/2026,BTS Green Line,"518,416",
11066,11066,25/4/2026,BTS Gold Line,"6,973",
11067,11067,26/4/2026,SRT,"76,991",
11068,11068,26/4/2026,ARL,"46,798",
11069,11069,26/4/2026,Red Line,"22,771",
11070,11070,26/4/2026,MRT Blue Line,"246,396",
11071,11071,26/4/2026,MRT Purple Line,"32,814",
11072,11072,26/4/2026,MRT Yellow Line,"31,467",
11073,11073,26/4/2026,MRT Pink Line,"38,672",
11074,11074,26/4/2026,BTS Green Line,"437,900",
11075,11075,26/4/2026,BTS Gold Line,"5,946",
11076,11076,27/4/2026,SRT,"76,424",
11077,11077,27/4/2026,ARL,"70,767",
11078,11078,27/4/2026,Red Line,"37,519",
11079,11079,27/4/2026,MRT Blue Line,"425,386",
11080,11080,27/4/2026,MRT Purple Line,"66,770",
11081,11081,27/4/2026,MRT Yellow Line,"47,358",
11082,11082,27/4/2026,MRT Pink Line,"65,989",
11083,11083,27/4/2026,BTS Green Line,"694,504",
11084,11084,27/4/2026,BTS Gold Line,"6,189",
11085,11085,28/4/2026,SRT,"70,132",
11086,11086,28/4/2026,ARL,"69,725",
11087,11087,28/4/2026,Red Line,"36,599",
11088,11088,28/4/2026,MRT Blue Line,"446,597",
11089,11089,28/4/2026,MRT Purple Line,"70,007",
11090,11090,28/4/2026,MRT Yellow Line,"46,137",
11091,11091,28/4/2026,MRT Pink Line,"66,326",
11092,11092,28/4/2026,BTS Green Line,"710,526",
11093,11093,28/4/2026,BTS Gold Line,"6,646",
11094,11094,29/4/2026,SRT,"72,463",
11095,11095,29/4/2026,ARL,"71,274",
11096,11096,29/4/2026,Red Line,"37,209",
11097,11097,29/4/2026,MRT Blue Line,"460,088",
11098,11098,29/4/2026,MRT Purple Line,"70,664",
11099,11099,29/4/2026,MRT Yellow Line,"47,255",
11100,11100,29/4/2026,MRT Pink Line,"67,322",
11101,11101,29/4/2026,BTS Green Line,"714,165",
11102,11102,29/4/2026,BTS Gold Line,"5,949",
11103,11103,30/4/2026,SRT,"82,945",
11104,11104,30/4/2026,ARL,"75,431",
11105,11105,30/4/2026,Red Line,"40,118",
11106,11106,30/4/2026,MRT Blue Line,"481,351",
11107,11107,30/4/2026,MRT Purple Line,"72,191",
11108,11108,30/4/2026,MRT Yellow Line,"51,636",
11109,11109,30/4/2026,MRT Pink Line,"72,002",
11110,11110,30/4/2026,BTS Green Line,"763,262",
11111,11111,30/4/2026,BTS Gold Line,"6,868",
11112,11112,1/5/2026,SRT,"100,157",
11113,11113,1/5/2026,ARL,"59,622",
11114,11114,1/5/2026,Red Line,"31,365",
11115,11115,1/5/2026,MRT Blue Line,"317,759",
11116,11116,1/5/2026,MRT Purple Line,"40,293",
11117,11117,1/5/2026,MRT Yellow Line,"34,725",
11118,11118,1/5/2026,MRT Pink Line,"56,751",
11119,11119,1/5/2026,BTS Green Line,"542,175",
11120,11120,1/5/2026,BTS Gold Line,"8,251",
11121,11121,2/5/2026,SRT,"83,993",
11122,11122,2/5/2026,ARL,"52,086",
11123,11123,2/5/2026,Red Line,"26,208",
11124,11124,2/5/2026,MRT Blue Line,"307,589",
11125,11125,2/5/2026,MRT Purple Line,"40,268",
11126,11126,2/5/2026,MRT Yellow Line,"34,112",
11127,11127,2/5/2026,MRT Pink Line,"50,897",
11128,11128,2/5/2026,BTS Green Line,"493,419",
11129,11129,2/5/2026,BTS Gold Line,"8,260",
11130,11130,3/5/2026,SRT,"85,339",
11131,11131,3/5/2026,ARL,"46,778",
11132,11132,3/5/2026,Red Line,"24,431",
11133,11133,3/5/2026,MRT Blue Line,"275,963",
11134,11134,3/5/2026,MRT Purple Line,"34,411",
11135,11135,3/5/2026,MRT Yellow Line,"31,425",
11136,11136,3/5/2026,MRT Pink Line,"42,669",
11137,11137,3/5/2026,BTS Green Line,"443,047",
11138,11138,3/5/2026,BTS Gold Line,"7,310",
11139,11139,4/5/2026,SRT,"82,221",
11140,11140,4/5/2026,ARL,"48,358",
11141,11141,4/5/2026,Red Line,"23,960",
11142,11142,4/5/2026,MRT Blue Line,"220,495",
11143,11143,4/5/2026,MRT Purple Line,"31,536",
11144,11144,4/5/2026,MRT Yellow Line,"31,840",
11145,11145,4/5/2026,MRT Pink Line,"34,978",
11146,11146,4/5/2026,BTS Green Line,"413,175",
11147,11147,4/5/2026,BTS Gold Line,"6,288",
11148,11148,5/5/2026,SRT,"78,138",
11149,11149,5/5/2026,ARL,"71,556",
11150,11150,5/5/2026,Red Line,"38,021",
11151,11151,5/5/2026,MRT Blue Line,"452,089",
11152,11152,5/5/2026,MRT Purple Line,"70,706",
11153,11153,5/5/2026,MRT Yellow Line,"48,507",
11154,11154,5/5/2026,MRT Pink Line,"66,936",
11155,11155,5/5/2026,BTS Green Line,"717,944",
11156,11156,5/5/2026,BTS Gold Line,"6,092",
11157,11157,6/5/2026,SRT,"74,717",
11158,11158,6/5/2026,ARL,"68,668",
11159,11159,6/5/2026,Red Line,"36,257",
11160,11160,6/5/2026,MRT Blue Line,"453,124",
11161,11161,6/5/2026,MRT Purple Line,"69,862",
11162,11162,6/5/2026,MRT Yellow Line,"47,846",
11163,11163,6/5/2026,MRT Pink Line,"65,050",
11164,11164,6/5/2026,BTS Green Line,"701,307",
11165,11165,6/5/2026,BTS Gold Line,"5,770",
11166,11166,7/5/2026,SRT,"72,747",
11167,11167,7/5/2026,ARL,"68,654",
11168,11168,7/5/2026,Red Line,"35,727",
11169,11169,7/5/2026,MRT Blue Line,"447,838",
11170,11170,7/5/2026,MRT Purple Line,"69,651",
11171,11171,7/5/2026,MRT Yellow Line,"48,453",
11172,11172,7/5/2026,MRT Pink Line,"64,869",
11173,11173,7/5/2026,BTS Green Line,"704,866",
11174,11174,7/5/2026,BTS Gold Line,"6,708",
11175,11175,8/5/2026,SRT,"79,011",
11176,11176,8/5/2026,ARL,"69,777",
11177,11177,8/5/2026,Red Line,"38,466",
11178,11178,8/5/2026,MRT Blue Line,"466,299",
11179,11179,8/5/2026,MRT Purple Line,"71,732",
11180,11180,8/5/2026,MRT Yellow Line,"49,775",
11181,11181,8/5/2026,MRT Pink Line,"68,263",
11182,11182,8/5/2026,BTS Green Line,"721,316",
11183,11183,8/5/2026,BTS Gold Line,"7,458",
11184,11184,9/5/2026,SRT,"74,362",
11185,11185,9/5/2026,ARL,"51,513",
11186,11186,9/5/2026,Red Line,"24,463",
11187,11187,9/5/2026,MRT Blue Line,"287,537",
11188,11188,9/5/2026,MRT Purple Line,"38,970",
11189,11189,9/5/2026,MRT Yellow Line,"33,635",
11190,11190,9/5/2026,MRT Pink Line,"47,873",
11191,11191,9/5/2026,BTS Green Line,"509,558",
11192,11192,9/5/2026,BTS Gold Line,"6,955",
11193,11193,10/5/2026,SRT,"81,633",
11194,11194,10/5/2026,ARL,"44,776",
11195,11195,10/5/2026,Red Line,"22,443",
11196,11196,10/5/2026,MRT Blue Line,"256,099",
11197,11197,10/5/2026,MRT Purple Line,"35,610",
11198,11198,10/5/2026,MRT Yellow Line,"33,527",
11199,11199,10/5/2026,MRT Pink Line,"42,528",
11200,11200,10/5/2026,BTS Green Line,"409,780",
11201,11201,10/5/2026,BTS Gold Line,"5,577",
11202,11202,11/5/2026,SRT,"77,495",
11203,11203,11/5/2026,ARL,"66,076",
11204,11204,11/5/2026,Red Line,"35,614",
11205,11205,11/5/2026,MRT Blue Line,"442,006",
11206,11206,11/5/2026,MRT Purple Line,"69,864",
11207,11207,11/5/2026,MRT Yellow Line,"46,071",
11208,11208,11/5/2026,MRT Pink Line,"62,623",
11209,11209,11/5/2026,BTS Green Line,"656,792",
11210,11210,11/5/2026,BTS Gold Line,"5,556",
11211,11211,12/5/2026,SRT,"72,451",
11212,11212,12/5/2026,ARL,"66,946",
11213,11213,12/5/2026,Red Line,"33,945",
11214,11214,12/5/2026,MRT Blue Line,"440,619",
11215,11215,12/5/2026,MRT Purple Line,"69,443",
11216,11216,12/5/2026,MRT Yellow Line,"45,816",
11217,11217,12/5/2026,MRT Pink Line,"63,051",
11218,11218,12/5/2026,BTS Green Line,"682,650",
11219,11219,12/5/2026,BTS Gold Line,"5,210",
11220,11220,13/5/2026,SRT,"65,868",
11221,11221,13/5/2026,ARL,"61,204",
11222,11222,13/5/2026,Red Line,"28,094",
11223,11223,13/5/2026,MRT Blue Line,"403,569",
11224,11224,13/5/2026,MRT Purple Line,"59,791",
11225,11225,13/5/2026,MRT Yellow Line,"41,856",
11226,11226,13/5/2026,MRT Pink Line,"49,130",
11227,11227,13/5/2026,BTS Green Line,"621,958",
11228,11228,13/5/2026,BTS Gold Line,"4,896",
11229,11229,14/5/2026,SRT,"69,821",
11230,11230,14/5/2026,ARL,"66,512",
11231,11231,14/5/2026,Red Line,"34,567",
11232,11232,14/5/2026,MRT Blue Line,"443,044",
11233,11233,14/5/2026,MRT Purple Line,"71,412",
11234,11234,14/5/2026,MRT Yellow Line,"46,987",
11235,11235,14/5/2026,MRT Pink Line,"64,007",
11236,11236,14/5/2026,BTS Green Line,"681,847",
11237,11237,14/5/2026,BTS Gold Line,"5,173",
11238,11238,15/5/2026,SRT,"79,305",
11239,11239,15/5/2026,ARL,"70,345",
11240,11240,15/5/2026,Red Line,"36,988",
11241,11241,15/5/2026,MRT Blue Line,"456,452",
11242,11242,15/5/2026,MRT Purple Line,"71,781",
11243,11243,15/5/2026,MRT Yellow Line,"49,839",
11244,11244,15/5/2026,MRT Pink Line,"68,188",
11245,11245,15/5/2026,BTS Green Line,"723,306",
11246,11246,15/5/2026,BTS Gold Line,"6,099",
11247,11247,16/5/2026,SRT,"72,503",
11248,11248,16/5/2026,ARL,"52,072",
11249,11249,16/5/2026,Red Line,"26,915",
11250,11250,16/5/2026,MRT Blue Line,"292,698",
11251,11251,16/5/2026,MRT Purple Line,"40,604",
11252,11252,16/5/2026,MRT Yellow Line,"36,514",
11253,11253,16/5/2026,MRT Pink Line,"49,523",
11254,11254,16/5/2026,BTS Green Line,"526,773",
11255,11255,16/5/2026,BTS Gold Line,"7,040",
11256,11256,17/5/2026,SRT,"78,861",
11257,11257,17/5/2026,ARL,"44,776",
11258,11258,17/5/2026,Red Line,"22,491",
11259,11259,17/5/2026,MRT Blue Line,"240,368",
11260,11260,17/5/2026,MRT Purple Line,"33,142",
11261,11261,17/5/2026,MRT Yellow Line,"29,330",
11262,11262,17/5/2026,MRT Pink Line,"41,464",
11263,11263,17/5/2026,BTS Green Line,"422,088",
11264,11264,17/5/2026,BTS Gold Line,"5,083",
11265,11265,18/5/2026,SRT,"73,844",
11266,11266,18/5/2026,ARL,"66,480",
11267,11267,18/5/2026,Red Line,"35,058",
11268,11268,18/5/2026,MRT Blue Line,"444,836",
11269,11269,18/5/2026,MRT Purple Line,"72,274",
11270,11270,18/5/2026,MRT Yellow Line,"47,403",
11271,11271,18/5/2026,MRT Pink Line,"65,809",
11272,11272,18/5/2026,BTS Green Line,"679,953",
11273,11273,18/5/2026,BTS Gold Line,"5,610",
11274,11274,19/5/2026,SRT,"67,803",
11275,11275,19/5/2026,ARL,"66,551",
11276,11276,19/5/2026,Red Line,"33,933",
11277,11277,19/5/2026,MRT Blue Line,"444,054",
11278,11278,19/5/2026,MRT Purple Line,"70,966",
11279,11279,19/5/2026,MRT Yellow Line,"47,581",
11280,11280,19/5/2026,MRT Pink Line,"65,511",
11281,11281,19/5/2026,BTS Green Line,"702,417",
11282,11282,19/5/2026,BTS Gold Line,"5,716",
11283,11283,20/5/2026,SRT,"68,079",
11284,11284,20/5/2026,ARL,"66,781",
11285,11285,20/5/2026,Red Line,"33,967",
11286,11286,20/5/2026,MRT Blue Line,"454,913",
11287,11287,20/5/2026,MRT Purple Line,"72,611",
11288,11288,20/5/2026,MRT Yellow Line,"49,247",
11289,11289,20/5/2026,MRT Pink Line,"65,662",
11290,11290,20/5/2026,BTS Green Line,"713,054",
11291,11291,20/5/2026,BTS Gold Line,"6,308",
11292,11292,21/5/2026,SRT,"67,563",
11293,11293,21/5/2026,ARL,"66,227",
11294,11294,21/5/2026,Red Line,"33,883",
11295,11295,21/5/2026,MRT Blue Line,"451,128",
11296,11296,21/5/2026,MRT Purple Line,"71,065",
11297,11297,21/5/2026,MRT Yellow Line,"47,919",
11298,11298,21/5/2026,MRT Pink Line,"64,619",
11299,11299,21/5/2026,BTS Green Line,"696,199",
11300,11300,21/5/2026,BTS Gold Line,"5,992",
11301,11301,22/5/2026,SRT,"77,797",
11302,11302,22/5/2026,ARL,"68,403",
11303,11303,22/5/2026,Red Line,"36,301",
11304,11304,22/5/2026,MRT Blue Line,"463,890",
11305,11305,22/5/2026,MRT Purple Line,"71,478",
11306,11306,22/5/2026,MRT Yellow Line,"48,698",
11307,11307,22/5/2026,MRT Pink Line,"71,296",
11308,11308,22/5/2026,BTS Green Line,"715,382",
11309,11309,22/5/2026,BTS Gold Line,"5,899",
11310,11310,23/5/2026,SRT,"68,601",
11311,11311,23/5/2026,ARL,"50,628",
11312,11312,23/5/2026,Red Line,"23,045",
11313,11313,23/5/2026,MRT Blue Line,"297,178",
11314,11314,23/5/2026,MRT Purple Line,"40,286",
11315,11315,23/5/2026,MRT Yellow Line,"33,214",
11316,11316,23/5/2026,MRT Pink Line,"47,314",
11317,11317,23/5/2026,BTS Green Line,"491,431",
11318,11318,23/5/2026,BTS Gold Line,"6,195",
11319,11319,24/5/2026,SRT,"75,785",
11320,11320,24/5/2026,ARL,"43,855",
11321,11321,24/5/2026,Red Line,"21,143",
11322,11322,24/5/2026,MRT Blue Line,"239,348",
11323,11323,24/5/2026,MRT Purple Line,"33,657",
11324,11324,24/5/2026,MRT Yellow Line,"28,437",
11325,11325,24/5/2026,MRT Pink Line,"40,123",
11326,11326,24/5/2026,BTS Green Line,"405,410",
11327,11327,24/5/2026,BTS Gold Line,"5,154",
11328,11328,25/5/2026,SRT,"76,998",
11329,11329,25/5/2026,ARL,"67,447",
11330,11330,25/5/2026,Red Line,"35,377",
11331,11331,25/5/2026,MRT Blue Line,"445,691",
11332,11332,25/5/2026,MRT Purple Line,"71,659",
11333,11333,25/5/2026,MRT Yellow Line,"48,820",
11334,11334,25/5/2026,MRT Pink Line,"69,194",
11335,11335,25/5/2026,BTS Green Line,"700,775",
11336,11336,25/5/2026,BTS Gold Line,"5,758",
11337,11337,26/5/2026,SRT,"74,220",
11338,11338,26/5/2026,ARL,"67,289",
11339,11339,26/5/2026,Red Line,"35,077",
11340,11340,26/5/2026,MRT Blue Line,"459,397",
11341,11341,26/5/2026,MRT Purple Line,"74,009",
11342,11342,26/5/2026,MRT Yellow Line,"48,559",
11343,11343,26/5/2026,MRT Pink Line,"83,942",
11344,11344,26/5/2026,BTS Green Line,"720,513",
11345,11345,26/5/2026,BTS Gold Line,"5,565",
11346,11346,27/5/2026,SRT,"73,197",
11347,11347,27/5/2026,ARL,"66,270",
11348,11348,27/5/2026,Red Line,"35,683",
11349,11349,27/5/2026,MRT Blue Line,"459,460",
11350,11350,27/5/2026,MRT Purple Line,"74,419",
11351,11351,27/5/2026,MRT Yellow Line,"48,423",
11352,11352,27/5/2026,MRT Pink Line,"86,946",
11353,11353,27/5/2026,BTS Green Line,"726,601",
11354,11354,27/5/2026,BTS Gold Line,"7,976",
11355,11355,28/5/2026,SRT,"69,543",
11356,11356,28/5/2026,ARL,"66,597",
11357,11357,28/5/2026,Red Line,"36,073",
11358,11358,28/5/2026,MRT Blue Line,"459,805",
11359,11359,28/5/2026,MRT Purple Line,"73,165",
11360,11360,28/5/2026,MRT Yellow Line,"48,401",
11361,11361,28/5/2026,MRT Pink Line,"86,191",
11362,11362,28/5/2026,BTS Green Line,"728,449",
11363,11363,28/5/2026,BTS Gold Line,"6,260",
11364,11364,29/5/2026,SRT,"88,369",
11365,11365,29/5/2026,ARL,"70,389",
11366,11366,29/5/2026,Red Line,"40,632",
11367,11367,29/5/2026,MRT Blue Line,"481,645",
11368,11368,29/5/2026,MRT Purple Line,"78,469",
11369,11369,29/5/2026,MRT Yellow Line,"52,044",
11370,11370,29/5/2026,MRT Pink Line,"92,489",
11371,11371,29/5/2026,BTS Green Line,"766,077",
11372,11372,29/5/2026,BTS Gold Line,"7,844",
11373,11373,30/5/2026,SRT,"87,353",
11374,11374,30/5/2026,ARL,"52,364",
11375,11375,30/5/2026,Red Line,"22,693",
11376,11376,30/5/2026,MRT Blue Line,"315,097",
11377,11377,30/5/2026,MRT Purple Line,"46,043",
11378,11378,30/5/2026,MRT Yellow Line,"35,982",
11379,11379,30/5/2026,MRT Pink Line,"66,446",
11380,11380,30/5/2026,BTS Green Line,"519,869",
11381,11381,30/5/2026,BTS Gold Line,"10,145",
11382,11382,31/5/2026,SRT,"86,317",
11383,11383,31/5/2026,ARL,"46,647",
11384,11384,31/5/2026,Red Line,"23,299",
11385,11385,31/5/2026,MRT Blue Line,"282,330",
11386,11386,31/5/2026,MRT Purple Line,"38,305",
11387,11387,31/5/2026,MRT Yellow Line,"31,376",
11388,11388,31/5/2026,MRT Pink Line,"44,337",
11389,11389,31/5/2026,BTS Green Line,"483,561",
11390,11390,31/5/2026,BTS Gold Line,"6,759",
11391,11391,1/6/26,SRT,86679,
11392,11392,1/6/26,ARL,46024,
11393,11393,1/6/26,Red Line,22409,
11394,11394,1/6/26,MRT Blue Line,243708,
11395,11395,1/6/26,MRT Purple Line,34190,
11396,11396,1/6/26,MRT Yellow Line,30971,
11397,11397,1/6/26,MRT Pink Line,37330,
11398,11398,1/6/26,BTS Green Line,415201,
11399,11399,1/6/26,BTS Gold Line,6208,
11400,11400,2/6/26,SRT,80212,
11401,11401,2/6/26,ARL,60620,
11402,11402,2/6/26,Red Line,36875,
11403,11403,2/6/26,MRT Blue Line,385026,
11404,11404,2/6/26,MRT Purple Line,59638,
11405,11405,2/6/26,MRT Yellow Line,45583,
11406,11406,2/6/26,MRT Pink Line,63342,
11407,11407,2/6/26,BTS Green Line,629283,
11408,11408,2/6/26,BTS Gold Line,5731,
11409,11409,3/6/26,SRT,83460,
11410,11410,3/6/26,ARL,44020,
11411,11411,3/6/26,Red Line,21875,
11412,11412,3/6/26,MRT Blue Line,242603,
11413,11413,3/6/26,MRT Purple Line,34352,
11414,11414,3/6/26,MRT Yellow Line,30227,
11415,11415,3/6/26,MRT Pink Line,38044,
11416,11416,3/6/26,BTS Green Line,402218,
11417,11417,3/6/26,BTS Gold Line,5053,
11418,11418,4/6/26,SRT,75912,
11419,11419,4/6/26,ARL,68208,
11420,11420,4/6/26,Red Line,37436,
11421,11421,4/6/26,MRT Blue Line,460267,
11422,11422,4/6/26,MRT Purple Line,72900,
11423,11423,4/6/26,MRT Yellow Line,52827,
11424,11424,4/6/26,MRT Pink Line,74960,
11425,11425,4/6/26,BTS Green Line,733816,
11426,11426,4/6/26,BTS Gold Line,6561,
11427,11427,5/6/26,SRT,82265,
11428,11428,5/6/26,ARL,69798,
11429,11429,5/6/26,Red Line,38941,
11430,11430,5/6/26,MRT Blue Line,485034,
11431,11431,5/6/26,MRT Purple Line,72983,
11432,11432,5/6/26,MRT Yellow Line,53820,
11433,11433,5/6/26,MRT Pink Line,77544,
11434,11434,5/6/26,BTS Green Line,760041,
11435,11435,5/6/26,BTS Gold Line,6072,
11436,11436,6/6/26,SRT,75188,
11437,11437,6/6/26,ARL,50521,
11438,11438,6/6/26,Red Line,25567,
11439,11439,6/6/26,MRT Blue Line,311555,
11440,11440,6/6/26,MRT Purple Line,40350,
11441,11441,6/6/26,MRT Yellow Line,36440,
11442,11442,6/6/26,MRT Pink Line,51440,
11443,11443,6/6/26,BTS Green Line,500865,
11444,11444,6/6/26,BTS Gold Line,6213,
11445,11445,7/6/26,SRT,80145,
11446,11446,7/6/26,ARL,44335,
11447,11447,7/6/26,Red Line,24328,
11448,11448,7/6/26,MRT Blue Line,259678,
11449,11449,7/6/26,MRT Purple Line,33465,
11450,11450,7/6/26,MRT Yellow Line,31734,
11451,11451,7/6/26,MRT Pink Line,44101,
11452,11452,7/6/26,BTS Green Line,434423,
11453,11453,7/6/26,BTS Gold Line,5966,
11454,11454,8/6/26,SRT,75237,
11455,11455,8/6/26,ARL,68388,
11456,11456,8/6/26,Red Line,38146,
11457,11457,8/6/26,MRT Blue Line,454936,
11458,11458,8/6/26,MRT Purple Line,72386,
11459,11459,8/6/26,MRT Yellow Line,52723,
11460,11460,8/6/26,MRT Pink Line,75828,
11461,11461,8/6/26,BTS Green Line,719464,
11462,11462,8/6/26,BTS Gold Line,5403,
11463,11463,9/6/26,SRT,69924,
11464,11464,9/6/26,ARL,68641,
11465,11465,9/6/26,Red Line,38723,
11466,11466,9/6/26,MRT Blue Line,471640,
11467,11467,9/6/26,MRT Purple Line,74927,
11468,11468,9/6/26,MRT Yellow Line,53262,
11469,11469,9/6/26,MRT Pink Line,83909,
11470,11470,9/6/26,BTS Green Line,742377,
11471,11471,9/6/26,BTS Gold Line,5828,
11472,11472,10/6/26,SRT,72011,
11473,11473,10/6/26,ARL,69887,
11474,11474,10/6/26,Red Line,37808,
11475,11475,10/6/26,MRT Blue Line,479672,
11476,11476,10/6/26,MRT Purple Line,75368,
11477,11477,10/6/26,MRT Yellow Line,54273,
11478,11478,10/6/26,MRT Pink Line,83139,
11479,11479,10/6/26,BTS Green Line,769417,
11480,11480,10/6/26,BTS Gold Line,6257,
11481,11481,11/6/26,SRT,70729,
11482,11482,11/6/26,ARL,71069,
11483,11483,11/6/26,Red Line,38655,
11484,11484,11/6/26,MRT Blue Line,477024,
11485,11485,11/6/26,MRT Purple Line,72985,
11486,11486,11/6/26,MRT Yellow Line,53821,
11487,11487,11/6/26,MRT Pink Line,83305,
11488,11488,11/6/26,BTS Green Line,766340,
11489,11489,11/6/26,BTS Gold Line,6505,
11490,11490,12/6/26,SRT,80924,
11491,11491,12/6/26,ARL,71411,
11492,11492,12/6/26,Red Line,40570,
11493,11493,12/6/26,MRT Blue Line,481046,
11494,11494,12/6/26,MRT Purple Line,74823,
11495,11495,12/6/26,MRT Yellow Line,54329,
11496,11496,12/6/26,MRT Pink Line,85893,
11497,11497,12/6/26,BTS Green Line,789811,
11498,11498,12/6/26,BTS Gold Line,7845,
11499,11499,13/6/26,SRT,73256,
11500,11500,13/6/26,ARL,51637,
11501,11501,13/6/26,Red Line,25616,
11502,11502,13/6/26,MRT Blue Line,305709,
11503,11503,13/6/26,MRT Purple Line,42177,
11504,11504,13/6/26,MRT Yellow Line,35631,
11505,11505,13/6/26,MRT Pink Line,54737,
11506,11506,13/6/26,BTS Green Line,530724,
11507,11507,13/6/26,BTS Gold Line,6551,
11508,11508,14/6/26,SRT,80760,
11509,11509,14/6/26,ARL,45279,
11510,11510,14/6/26,Red Line,23894,
11511,11511,14/6/26,MRT Blue Line,252581,
11512,11512,14/6/26,MRT Purple Line,34165,
11513,11513,14/6/26,MRT Yellow Line,30519,
11514,11514,14/6/26,MRT Pink Line,41661,
11515,11515,14/6/26,BTS Green Line,443622,
11516,11516,14/6/26,BTS Gold Line,6974,
11517,11517,15/6/26,SRT,74864,
11518,11518,15/6/26,ARL,68900,
11519,11519,15/6/26,Red Line,38402,
11520,11520,15/6/26,MRT Blue Line,461535,
11521,11521,15/6/26,MRT Purple Line,75585,
11522,11522,15/6/26,MRT Yellow Line,50840,
11523,11523,15/6/26,MRT Pink Line,76025,
11524,11524,15/6/26,BTS Green Line,739787,
11525,11525,15/6/26,BTS Gold Line,6228,
11526,11526,16/6/26,SRT,68731,
11527,11527,16/6/26,ARL,66879,
11528,11528,16/6/26,Red Line,38047,
11529,11529,16/6/26,MRT Blue Line,485042,
11530,11530,16/6/26,MRT Purple Line,77290,
11531,11531,16/6/26,MRT Yellow Line,51493,
11532,11532,16/6/26,MRT Pink Line,77388,
11533,11533,16/6/26,BTS Green Line,770196,
11534,11534,16/6/26,BTS Gold Line,6085,
11535,11535,17/6/26,SRT,67592,
11536,11536,17/6/26,ARL,70038,
11537,11537,17/6/26,Red Line,37063,
11538,11538,17/6/26,MRT Blue Line,477758,
11539,11539,17/6/26,MRT Purple Line,76657,
11540,11540,17/6/26,MRT Yellow Line,52226,
11541,11541,17/6/26,MRT Pink Line,77195,
11542,11542,17/6/26,BTS Green Line,767004,
11543,11543,17/6/26,BTS Gold Line,5946,
11544,11544,18/6/26,SRT,69275,
11545,11545,18/6/26,ARL,72307,
11546,11546,18/6/26,Red Line,38186,
11547,11547,18/6/26,MRT Blue Line,485971,
11548,11548,18/6/26,MRT Purple Line,76367,
11549,11549,18/6/26,MRT Yellow Line,54144,
11550,11550,18/6/26,MRT Pink Line,74737,
11551,11551,18/6/26,BTS Green Line,776615,
11552,11552,18/6/26,BTS Gold Line,7006,
11553,11553,19/6/26,SRT,82831,
11554,11554,19/6/26,ARL,73651,
11555,11555,19/6/26,Red Line,40302,
11556,11556,19/6/26,MRT Blue Line,490613,
11557,11557,19/6/26,MRT Purple Line,76623,
11558,11558,19/6/26,MRT Yellow Line,55870,
11559,11559,19/6/26,MRT Pink Line,82064,
11560,11560,19/6/26,BTS Green Line,810115,
11561,11561,19/6/26,BTS Gold Line,8786,
11562,11562,20/6/26,SRT,74834,
11563,11563,20/6/26,ARL,52423,
11564,11564,20/6/26,Red Line,24971,
11565,11565,20/6/26,MRT Blue Line,309533,
11566,11566,20/6/26,MRT Purple Line,42412,
11567,11567,20/6/26,MRT Yellow Line,37364,
11568,11568,20/6/26,MRT Pink Line,52938,
11569,11569,20/6/26,BTS Green Line,518400,
11570,11570,20/6/26,BTS Gold Line,7223,
11571,11571,21/6/26,SRT,80620,
11572,11572,21/6/26,ARL,46994,
11573,11573,21/6/26,Red Line,22991,
11574,11574,21/6/26,MRT Blue Line,261129,
11575,11575,21/6/26,MRT Purple Line,35039,
11576,11576,21/6/26,MRT Yellow Line,31375,
11577,11577,21/6/26,MRT Pink Line,47344,
11578,11578,21/6/26,BTS Green Line,429037,
11579,11579,21/6/26,BTS Gold Line,5706,
11580,11580,22/6/26,SRT,73586,
11581,11581,22/6/26,ARL,69219,
11582,11582,22/6/26,Red Line,38610,
11583,11583,22/6/26,MRT Blue Line,457160,
11584,11584,22/6/26,MRT Purple Line,76237,
11585,11585,22/6/26,MRT Yellow Line,48405,
11586,11586,22/6/26,MRT Pink Line,78817,
11587,11587,22/6/26,BTS Green Line,726409,
11588,11588,22/6/26,BTS Gold Line,5860,
11589,11589,23/6/26,SRT,68026,
11590,11590,23/6/26,ARL,68531,
11591,11591,23/6/26,Red Line,38827,
11592,11592,23/6/26,MRT Blue Line,476365,
11593,11593,23/6/26,MRT Purple Line,77926,
11594,11594,23/6/26,MRT Yellow Line,49475,
11595,11595,23/6/26,MRT Pink Line,79831,
11596,11596,23/6/26,BTS Green Line,749745,
11597,11597,23/6/26,BTS Gold Line,5457,
11598,11598,24/6/26,SRT,66214,
11599,11599,24/6/26,ARL,68965,
11600,11600,24/6/26,Red Line,38299,
11601,11601,24/6/26,MRT Blue Line,481365,
11602,11602,24/6/26,MRT Purple Line,78330,
11603,11603,24/6/26,MRT Yellow Line,49877,
11604,11604,24/6/26,MRT Pink Line,80509,
11605,11605,24/6/26,BTS Green Line,753018,
11606,11606,24/6/26,BTS Gold Line,5779,
11607,11607,25/6/26,SRT,70329,
11608,11608,25/6/26,ARL,70690,
11609,11609,25/6/26,Red Line,39064,
11610,11610,25/6/26,MRT Blue Line,491173,
11611,11611,25/6/26,MRT Purple Line,79776,
11612,11612,25/6/26,MRT Yellow Line,51743,
11613,11613,25/6/26,MRT Pink Line,84630,
11614,11614,25/6/26,BTS Green Line,788631,
11615,11615,25/6/26,BTS Gold Line,6378,
11616,11616,26/6/26,SRT,84634,
11617,11617,26/6/26,ARL,74650,
11618,11618,26/6/26,Red Line,43204,
11619,11619,26/6/26,MRT Blue Line,503989,
11620,11620,26/6/26,MRT Purple Line,81070,
11621,11621,26/6/26,MRT Yellow Line,55926,
11622,11622,26/6/26,MRT Pink Line,89509,
11623,11623,26/6/26,BTS Green Line,817272,
11624,11624,26/6/26,BTS Gold Line,7770,
11625,11625,27/6/26,SRT,76343,
11626,11626,27/6/26,ARL,52015,
11627,11627,27/6/26,Red Line,26848,
11628,11628,27/6/26,MRT Blue Line,314627,
11629,11629,27/6/26,MRT Purple Line,45741,
11630,11630,27/6/26,MRT Yellow Line,38060,
11631,11631,27/6/26,MRT Pink Line,63160,
11632,11632,27/6/26,BTS Green Line,542171,
11633,11633,27/6/26,BTS Gold Line,7047,
11634,11634,28/6/26,SRT,81018,
11635,11635,28/6/26,ARL,47855,
11636,11636,28/6/26,Red Line,24985,
11637,11637,28/6/26,MRT Blue Line,266535,
11638,11638,28/6/26,MRT Purple Line,39253,
11639,11639,28/6/26,MRT Yellow Line,34307,
11640,11640,28/6/26,MRT Pink Line,56105,
11641,11641,28/6/26,BTS Green Line,471279,
11642,11642,28/6/26,BTS Gold Line,6394,
11643,11643,29/6/26,SRT,73027,
11644,11644,29/6/26,ARL,70121,
11645,11645,29/6/26,Red Line,39099,
11646,11646,29/6/26,MRT Blue Line,465608,
11647,11647,29/6/26,MRT Purple Line,78314,
11648,11648,29/6/26,MRT Yellow Line,51491,
11649,11649,29/6/26,MRT Pink Line,78967,
11650,11650,29/6/26,BTS Green Line,734950,
11651,11651,29/6/26,BTS Gold Line,5976,
11652,11652,30/6/26,SRT,69461,
11653,11653,30/6/26,ARL,71343,
11654,11654,30/6/26,Red Line,38828,
11655,11655,30/6/26,MRT Blue Line,489576,
11656,11656,30/6/26,MRT Purple Line,81654,
11657,11657,30/6/26,MRT Yellow Line,54735,
11658,11658,30/6/26,MRT Pink Line,80121,
11659,11659,30/6/26,BTS Green Line,762811,
11660,11660,30/6/26,BTS Gold Line,6984,
